[INFO] Scanning for projects...
[INFO] ------------------------------------------------------------------------
[INFO] Reactor Build Order:
[INFO] 
[INFO] mall-bom                                                           [pom]
[INFO] backend                                                            [pom]
[INFO] mall-common                                                        [pom]
[INFO] mall-common-core                                                   [jar]
[INFO] mall-common-web                                                    [jar]
[INFO] mall-common-security                                               [jar]
[INFO] mall-common-redis                                                  [jar]
[INFO] mall-common-mq                                                     [jar]
[INFO] mall-common-openfeign                                              [jar]
[INFO] mall-common-log                                                    [jar]
[INFO] mall-common-test                                                   [jar]
[INFO] mall-contracts                                                     [pom]
[INFO] mall-api-contracts                                                 [jar]
[INFO] mall-event-contracts                                               [jar]
[INFO] mall-gateway                                                       [jar]
[INFO] mall-services                                                      [pom]
[INFO] mall-identity                                                      [jar]
[INFO] mall-member                                                        [jar]
[INFO] mall-product                                                       [jar]
[INFO] mall-cart                                                          [jar]
[INFO] mall-order                                                         [jar]
[INFO] mall-inventory                                                     [jar]
[INFO] mall-search                                                        [jar]
[INFO] mall-system                                                        [jar]
[INFO] 
[INFO] ------------------------< com.ai-mall:mall-bom >------------------------
[INFO] Building mall-bom 1.0.0-SNAPSHOT                                  [1/24]
[INFO]   from mall-bom\pom.xml
[INFO] --------------------------------[ pom ]---------------------------------
Downloading from aliyunmaven: https://maven.aliyun.com/repository/public/org/apache/maven/plugins/maven-clean-plugin/3.2.0/maven-clean-plugin-3.2.0.pom
Progress (1): 5.3 kB
                    
Downloaded from aliyunmaven: https://maven.aliyun.com/repository/public/org/apache/maven/plugins/maven-clean-plugin/3.2.0/maven-clean-plugin-3.2.0.pom (5.3 kB at 20 kB/s)
Downloading from aliyunmaven: https://maven.aliyun.com/repository/public/org/apache/maven/plugins/maven-plugins/35/maven-plugins-35.pom
Progress (1): 0.5/9.9 kB
Progress (1): 9.9 kB    
                    
Downloaded from aliyunmaven: https://maven.aliyun.com/repository/public/org/apache/maven/plugins/maven-plugins/35/maven-plugins-35.pom (9.9 kB at 171 kB/s)
Downloading from aliyunmaven: https://maven.aliyun.com/repository/public/org/apache/maven/maven-parent/35/maven-parent-35.pom
Progress (1): 1.9/45 kB
Progress (1): 18/45 kB 
Progress (1): 35/45 kB
Progress (1): 45 kB   
                   
Downloaded from aliyunmaven: https://maven.aliyun.com/repository/public/org/apache/maven/maven-parent/35/maven-parent-35.pom (45 kB at 696 kB/s)
Downloading from aliyunmaven: https://maven.aliyun.com/repository/public/org/apache/apache/25/apache-25.pom
Progress (1): 1.9/21 kB
Progress (1): 18/21 kB 
Progress (1): 21 kB   
                   
Downloaded from aliyunmaven: https://maven.aliyun.com/repository/public/org/apache/apache/25/apache-25.pom (21 kB at 278 kB/s)
Downloading from aliyunmaven: https://maven.aliyun.com/repository/public/org/apache/maven/plugins/maven-clean-plugin/3.2.0/maven-clean-plugin-3.2.0.jar
Progress (1): 1.9/36 kB
Progress (1): 18/36 kB 
Progress (1): 35/36 kB
Progress (1): 36 kB   
                   
Downloaded from aliyunmaven: https://maven.aliyun.com/repository/public/org/apache/maven/plugins/maven-clean-plugin/3.2.0/maven-clean-plugin-3.2.0.jar (36 kB at 139 kB/s)
[INFO] 
[INFO] --- clean:3.2.0:clean (default-clean) @ mall-bom ---
Downloading from aliyunmaven: https://maven.aliyun.com/repository/public/org/apache/maven/shared/maven-shared-utils/3.3.4/maven-shared-utils-3.3.4.pom
Progress (1): 5.8 kB
                    
Downloaded from aliyunmaven: https://maven.aliyun.com/repository/public/org/apache/maven/shared/maven-shared-utils/3.3.4/maven-shared-utils-3.3.4.pom (5.8 kB at 114 kB/s)
Downloading from aliyunmaven: https://maven.aliyun.com/repository/public/org/apache/maven/shared/maven-shared-components/34/maven-shared-components-34.pom
Progress (1): 3.4/5.1 kB
Progress (1): 5.1 kB    
                    
Downloaded from aliyunmaven: https://maven.aliyun.com/repository/public/org/apache/maven/shared/maven-shared-components/34/maven-shared-components-34.pom (5.1 kB at 80 kB/s)
Downloading from aliyunmaven: https://maven.aliyun.com/repository/public/org/apache/maven/maven-parent/34/maven-parent-34.pom
Progress (1): 0.5/43 kB
Progress (1): 17/43 kB 
Progress (1): 24/43 kB
Progress (1): 40/43 kB
Progress (1): 43 kB   
                   
Downloaded from aliyunmaven: https://maven.aliyun.com/repository/public/org/apache/maven/maven-parent/34/maven-parent-34.pom (43 kB at 779 kB/s)
Downloading from aliyunmaven: https://maven.aliyun.com/repository/public/commons-io/commons-io/2.6/commons-io-2.6.pom
Progress (1): 3.4/14 kB
Progress (1): 14 kB    
                   
Downloaded from aliyunmaven: https://maven.aliyun.com/repository/public/commons-io/commons-io/2.6/commons-io-2.6.pom (14 kB at 291 kB/s)
Downloading from aliyunmaven: https://maven.aliyun.com/repository/public/org/apache/commons/commons-parent/42/commons-parent-42.pom
Progress (1): 0.5/68 kB
Progress (1): 17/68 kB 
Progress (1): 33/68 kB
Progress (1): 50/68 kB
Progress (1): 66/68 kB
Progress (1): 68 kB   
                   
Downloaded from aliyunmaven: https://maven.aliyun.com/repository/public/org/apache/commons/commons-parent/42/commons-parent-42.pom (68 kB at 871 kB/s)
Downloading from aliyunmaven: https://maven.aliyun.com/repository/public/org/apache/maven/shared/maven-shared-utils/3.3.4/maven-shared-utils-3.3.4.jar
Progress (1): 4.9/153 kB
Progress (1): 21/153 kB 
Progress (1): 38/153 kB
Progress (1): 54/153 kB
Progress (1): 70/153 kB
Progress (1): 87/153 kB
Progress (1): 95/153 kB
Progress (1): 112/153 kB
Progress (1): 128/153 kB
Progress (1): 145/153 kB
Progress (1): 153 kB    
                    
Downloaded from aliyunmaven: https://maven.aliyun.com/repository/public/org/apache/maven/shared/maven-shared-utils/3.3.4/maven-shared-utils-3.3.4.jar (153 kB at 2.4 MB/s)
Downloading from aliyunmaven: https://maven.aliyun.com/repository/public/commons-io/commons-io/2.6/commons-io-2.6.jar
Progress (1): 1.9/215 kB
Progress (1): 18/215 kB 
Progress (1): 35/215 kB
Progress (1): 51/215 kB
Progress (1): 67/215 kB
Progress (1): 84/215 kB
Progress (1): 100/215 kB
Progress (1): 117/215 kB
Progress (1): 133/215 kB
Progress (1): 149/215 kB
Progress (1): 166/215 kB
Progress (1): 182/215 kB
Progress (1): 199/215 kB
Progress (1): 215 kB    
                    
Downloaded from aliyunmaven: https://maven.aliyun.com/repository/public/commons-io/commons-io/2.6/commons-io-2.6.jar (215 kB at 2.7 MB/s)
[INFO] 
[INFO] ------------------------< com.ai-mall:backend >-------------------------
[INFO] Building backend 1.0.0-SNAPSHOT                                   [2/24]
[INFO]   from pom.xml
[INFO] --------------------------------[ pom ]---------------------------------
[INFO] 
[INFO] --- clean:3.2.0:clean (default-clean) @ backend ---
[INFO] 
[INFO] --- enforcer:3.5.0:enforce (enforce-environment) @ backend ---
[INFO] Rule 0: org.apache.maven.enforcer.rules.version.RequireMavenVersion passed
[INFO] Rule 1: org.apache.maven.enforcer.rules.version.RequireJavaVersion passed
[INFO] 
[INFO] ----------------------< com.ai-mall:mall-common >-----------------------
[INFO] Building mall-common 1.0.0-SNAPSHOT                               [3/24]
[INFO]   from mall-common\pom.xml
[INFO] --------------------------------[ pom ]---------------------------------
[INFO] 
[INFO] --- clean:3.2.0:clean (default-clean) @ mall-common ---
[INFO] 
[INFO] --- enforcer:3.5.0:enforce (enforce-environment) @ mall-common ---
[INFO] 
[INFO] --------------------< com.ai-mall:mall-common-core >--------------------
[INFO] Building mall-common-core 1.0.0-SNAPSHOT                          [4/24]
[INFO]   from mall-common\mall-common-core\pom.xml
[INFO] --------------------------------[ jar ]---------------------------------
Downloading from aliyunmaven: https://maven.aliyun.com/repository/public/org/apache/maven/plugins/maven-resources-plugin/3.3.1/maven-resources-plugin-3.3.1.pom
Progress (1): 3.4/8.2 kB
Progress (1): 8.2 kB    
                    
Downloaded from aliyunmaven: https://maven.aliyun.com/repository/public/org/apache/maven/plugins/maven-resources-plugin/3.3.1/maven-resources-plugin-3.3.1.pom (8.2 kB at 141 kB/s)
Downloading from aliyunmaven: https://maven.aliyun.com/repository/public/org/apache/maven/plugins/maven-plugins/39/maven-plugins-39.pom
Progress (1): 7.3/8.1 kB
Progress (1): 8.1 kB    
                    
Downloaded from aliyunmaven: https://maven.aliyun.com/repository/public/org/apache/maven/plugins/maven-plugins/39/maven-plugins-39.pom (8.1 kB at 90 kB/s)
Downloading from aliyunmaven: https://maven.aliyun.com/repository/public/org/apache/maven/maven-parent/39/maven-parent-39.pom
Progress (1): 7.3/48 kB
Progress (1): 15/48 kB 
Progress (1): 32/48 kB
Progress (1): 48 kB   
                   
Downloaded from aliyunmaven: https://maven.aliyun.com/repository/public/org/apache/maven/maven-parent/39/maven-parent-39.pom (48 kB at 857 kB/s)
Downloading from aliyunmaven: https://maven.aliyun.com/repository/public/org/apache/maven/plugins/maven-resources-plugin/3.3.1/maven-resources-plugin-3.3.1.jar
Progress (1): 7.3/31 kB
Progress (1): 7.8/31 kB
Progress (1): 24/31 kB 
Progress (1): 31 kB   
                   
Downloaded from aliyunmaven: https://maven.aliyun.com/repository/public/org/apache/maven/plugins/maven-resources-plugin/3.3.1/maven-resources-plugin-3.3.1.jar (31 kB at 139 kB/s)
Downloading from aliyunmaven: https://maven.aliyun.com/repository/public/org/apache/maven/plugins/maven-compiler-plugin/3.14.0/maven-compiler-plugin-3.14.0.pom
Progress (1): 7.3/9.5 kB
Progress (1): 9.5 kB    
                    
Downloaded from aliyunmaven: https://maven.aliyun.com/repository/public/org/apache/maven/plugins/maven-compiler-plugin/3.14.0/maven-compiler-plugin-3.14.0.pom (9.5 kB at 164 kB/s)
Downloading from aliyunmaven: https://maven.aliyun.com/repository/public/org/apache/maven/plugins/maven-plugins/43/maven-plugins-43.pom
Progress (1): 1.9/7.5 kB
Progress (1): 7.5 kB    
                    
Downloaded from aliyunmaven: https://maven.aliyun.com/repository/public/org/apache/maven/plugins/maven-plugins/43/maven-plugins-43.pom (7.5 kB at 133 kB/s)
Downloading from aliyunmaven: https://maven.aliyun.com/repository/public/org/apache/maven/maven-parent/43/maven-parent-43.pom
Progress (1): 7.3/50 kB
Progress (1): 16/50 kB 
Progress (1): 32/50 kB
Progress (1): 48/50 kB
Progress (1): 50 kB   
                   
Downloaded from aliyunmaven: https://maven.aliyun.com/repository/public/org/apache/maven/maven-parent/43/maven-parent-43.pom (50 kB at 853 kB/s)
Downloading from aliyunmaven: https://maven.aliyun.com/repository/public/org/apache/maven/plugins/maven-compiler-plugin/3.14.0/maven-compiler-plugin-3.14.0.jar
Progress (1): 7.2/83 kB
Progress (1): 11/83 kB 
Progress (1): 27/83 kB
Progress (1): 43/83 kB
Progress (1): 60/83 kB
Progress (1): 63/83 kB
Progress (1): 80/83 kB
Progress (1): 83 kB   
                   
Downloaded from aliyunmaven: https://maven.aliyun.com/repository/public/org/apache/maven/plugins/maven-compiler-plugin/3.14.0/maven-compiler-plugin-3.14.0.jar (83 kB at 1.4 MB/s)
Downloading from aliyunmaven: https://maven.aliyun.com/repository/public/org/apache/maven/plugins/maven-surefire-plugin/3.5.2/maven-surefire-plugin-3.5.2.pom
Progress (1): 5.7 kB
                    
Downloaded from aliyunmaven: https://maven.aliyun.com/repository/public/org/apache/maven/plugins/maven-surefire-plugin/3.5.2/maven-surefire-plugin-3.5.2.pom (5.7 kB at 30 kB/s)
Downloading from aliyunmaven: https://maven.aliyun.com/repository/public/org/apache/maven/surefire/surefire/3.5.2/surefire-3.5.2.pom
Progress (1): 7.2/20 kB
Progress (1): 15/20 kB 
Progress (1): 20 kB   
                   
Downloaded from aliyunmaven: https://maven.aliyun.com/repository/public/org/apache/maven/surefire/surefire/3.5.2/surefire-3.5.2.pom (20 kB at 336 kB/s)
Downloading from aliyunmaven: https://maven.aliyun.com/repository/public/org/apache/maven/plugins/maven-surefire-plugin/3.5.2/maven-surefire-plugin-3.5.2.jar
Progress (1): 6.2/46 kB
Progress (1): 23/46 kB 
Progress (1): 39/46 kB
Progress (1): 46 kB   
                   
Downloaded from aliyunmaven: https://maven.aliyun.com/repository/public/org/apache/maven/plugins/maven-surefire-plugin/3.5.2/maven-surefire-plugin-3.5.2.jar (46 kB at 121 kB/s)
Downloading from aliyunmaven: https://maven.aliyun.com/repository/public/org/apache/maven/plugins/maven-jar-plugin/3.5.0/maven-jar-plugin-3.5.0.pom
Progress (1): 0.4/7.6 kB
Progress (1): 7.6 kB    
                    
Downloaded from aliyunmaven: https://maven.aliyun.com/repository/public/org/apache/maven/plugins/maven-jar-plugin/3.5.0/maven-jar-plugin-3.5.0.pom (7.6 kB at 166 kB/s)
Downloading from aliyunmaven: https://maven.aliyun.com/repository/public/org/apache/maven/plugins/maven-plugins/45/maven-plugins-45.pom
Progress (1): 7.2/8.4 kB
Progress (1): 8.4 kB    
                    
Downloaded from aliyunmaven: https://maven.aliyun.com/repository/public/org/apache/maven/plugins/maven-plugins/45/maven-plugins-45.pom (8.4 kB at 66 kB/s)
Downloading from aliyunmaven: https://maven.aliyun.com/repository/public/org/apache/maven/maven-parent/45/maven-parent-45.pom
Progress (1): 7.3/53 kB
Progress (1): 15/53 kB 
Progress (1): 28/53 kB
Progress (1): 45/53 kB
Progress (1): 53 kB   
                   
Downloaded from aliyunmaven: https://maven.aliyun.com/repository/public/org/apache/maven/maven-parent/45/maven-parent-45.pom (53 kB at 944 kB/s)
Downloading from aliyunmaven: https://maven.aliyun.com/repository/public/org/junit/junit-bom/5.13.1/junit-bom-5.13.1.pom
Progress (1): 5.6 kB
                    
Downloaded from aliyunmaven: https://maven.aliyun.com/repository/public/org/junit/junit-bom/5.13.1/junit-bom-5.13.1.pom (5.6 kB at 131 kB/s)
Downloading from aliyunmaven: https://maven.aliyun.com/repository/public/org/apache/maven/plugins/maven-jar-plugin/3.5.0/maven-jar-plugin-3.5.0.jar
Progress (1): 7.2/35 kB
Progress (1): 15/35 kB 
Progress (1): 32/35 kB
Progress (1): 35 kB   
                   
Downloaded from aliyunmaven: https://maven.aliyun.com/repository/public/org/apache/maven/plugins/maven-jar-plugin/3.5.0/maven-jar-plugin-3.5.0.jar (35 kB at 138 kB/s)
Downloading from aliyunmaven: https://maven.aliyun.com/repository/public/org/springframework/boot/spring-boot-starter-test/3.5.15/spring-boot-starter-test-3.5.15.jar
Progress (1): 1.8/4.8 kB
Progress (1): 4.8 kB    
                    
Downloaded from aliyunmaven: https://maven.aliyun.com/repository/public/org/springframework/boot/spring-boot-starter-test/3.5.15/spring-boot-starter-test-3.5.15.jar (4.8 kB at 96 kB/s)
Downloading from aliyunmaven: https://maven.aliyun.com/repository/public/org/springframework/boot/spring-boot-starter/3.5.15/spring-boot-starter-3.5.15.jar
Downloading from aliyunmaven: https://maven.aliyun.com/repository/public/org/springframework/boot/spring-boot/3.5.15/spring-boot-3.5.15.jar
Downloading from aliyunmaven: https://maven.aliyun.com/repository/public/org/springframework/spring-context/6.2.19/spring-context-6.2.19.jar
Downloading from aliyunmaven: https://maven.aliyun.com/repository/public/org/springframework/spring-aop/6.2.19/spring-aop-6.2.19.jar
Downloading from aliyunmaven: https://maven.aliyun.com/repository/public/org/springframework/spring-beans/6.2.19/spring-beans-6.2.19.jar
Progress (1): 4.8 kB
Progress (2): 4.8 kB | 0/1.9 MB
Progress (2): 4.8 kB | 0/1.9 MB
Progress (2): 4.8 kB | 0/1.9 MB
Progress (2): 4.8 kB | 0/1.9 MB
Progress (2): 4.8 kB | 0.1/1.9 MB
Progress (3): 4.8 kB | 0.1/1.9 MB | 7.3/892 kB
Progress (3): 4.8 kB | 0.1/1.9 MB | 15/892 kB 
Progress (3): 4.8 kB | 0.1/1.9 MB | 15/892 kB
Progress (3): 4.8 kB | 0.1/1.9 MB | 32/892 kB
Progress (3): 4.8 kB | 0.1/1.9 MB | 32/892 kB
Progress (3): 4.8 kB | 0.1/1.9 MB | 32/892 kB
Progress (3): 4.8 kB | 0.1/1.9 MB | 32/892 kB
Progress (3): 4.8 kB | 0.1/1.9 MB | 48/892 kB
Progress (3): 4.8 kB | 0.1/1.9 MB | 48/892 kB
Progress (3): 4.8 kB | 0.1/1.9 MB | 64/892 kB
Progress (3): 4.8 kB | 0.2/1.9 MB | 64/892 kB
Progress (3): 4.8 kB | 0.2/1.9 MB | 81/892 kB
Progress (3): 4.8 kB | 0.2/1.9 MB | 81/892 kB
Progress (3): 4.8 kB | 0.2/1.9 MB | 81/892 kB
Progress (3): 4.8 kB | 0.2/1.9 MB | 97/892 kB
Progress (3): 4.8 kB | 0.2/1.9 MB | 97/892 kB
Progress (3): 4.8 kB | 0.2/1.9 MB | 114/892 kB
Progress (3): 4.8 kB | 0.2/1.9 MB | 114/892 kB
Progress (3): 4.8 kB | 0.2/1.9 MB | 130/892 kB
Progress (3): 4.8 kB | 0.2/1.9 MB | 130/892 kB
Progress (3): 4.8 kB | 0.2/1.9 MB | 146/892 kB
Progress (3): 4.8 kB | 0.2/1.9 MB | 163/892 kB
Progress (3): 4.8 kB | 0.2/1.9 MB | 179/892 kB
Progress (3): 4.8 kB | 0.3/1.9 MB | 179/892 kB
Progress (3): 4.8 kB | 0.3/1.9 MB | 196/892 kB
Progress (3): 4.8 kB | 0.3/1.9 MB | 196/892 kB
Progress (3): 4.8 kB | 0.3/1.9 MB | 196/892 kB
Progress (3): 4.8 kB | 0.3/1.9 MB | 212/892 kB
Progress (3): 4.8 kB | 0.3/1.9 MB | 212/892 kB
Progress (3): 4.8 kB | 0.3/1.9 MB | 212/892 kB
Progress (3): 4.8 kB | 0.3/1.9 MB | 212/892 kB
Progress (3): 4.8 kB | 0.4/1.9 MB | 212/892 kB
Progress (3): 4.8 kB | 0.4/1.9 MB | 212/892 kB
Progress (3): 4.8 kB | 0.4/1.9 MB | 212/892 kB
Progress (3): 4.8 kB | 0.4/1.9 MB | 228/892 kB
Progress (4): 4.8 kB | 0.4/1.9 MB | 228/892 kB | 0/1.4 MB
Progress (4): 4.8 kB | 0.4/1.9 MB | 228/892 kB | 0/1.4 MB
Progress (4): 4.8 kB | 0.4/1.9 MB | 228/892 kB | 0/1.4 MB
Progress (4): 4.8 kB | 0.4/1.9 MB | 228/892 kB | 0/1.4 MB
Progress (4): 4.8 kB | 0.4/1.9 MB | 228/892 kB | 0.1/1.4 MB
Progress (4): 4.8 kB | 0.4/1.9 MB | 228/892 kB | 0.1/1.4 MB
Progress (4): 4.8 kB | 0.4/1.9 MB | 245/892 kB | 0.1/1.4 MB
Progress (4): 4.8 kB | 0.4/1.9 MB | 245/892 kB | 0.1/1.4 MB
Progress (4): 4.8 kB | 0.4/1.9 MB | 245/892 kB | 0.1/1.4 MB
Progress (4): 4.8 kB | 0.4/1.9 MB | 261/892 kB | 0.1/1.4 MB
Progress (4): 4.8 kB | 0.4/1.9 MB | 262/892 kB | 0.1/1.4 MB
Progress (4): 4.8 kB | 0.4/1.9 MB | 262/892 kB | 0.1/1.4 MB
Progress (4): 4.8 kB | 0.4/1.9 MB | 262/892 kB | 0.1/1.4 MB
Progress (4): 4.8 kB | 0.4/1.9 MB | 272/892 kB | 0.1/1.4 MB
Progress (4): 4.8 kB | 0.5/1.9 MB | 272/892 kB | 0.1/1.4 MB
Progress (4): 4.8 kB | 0.5/1.9 MB | 272/892 kB | 0.1/1.4 MB
Progress (4): 4.8 kB | 0.5/1.9 MB | 289/892 kB | 0.1/1.4 MB
Progress (4): 4.8 kB | 0.5/1.9 MB | 289/892 kB | 0.1/1.4 MB
Progress (4): 4.8 kB | 0.5/1.9 MB | 289/892 kB | 0.1/1.4 MB
Progress (4): 4.8 kB | 0.5/1.9 MB | 305/892 kB | 0.1/1.4 MB
Progress (4): 4.8 kB | 0.5/1.9 MB | 305/892 kB | 0.1/1.4 MB
Progress (4): 4.8 kB | 0.5/1.9 MB | 305/892 kB | 0.1/1.4 MB
Progress (4): 4.8 kB | 0.5/1.9 MB | 322/892 kB | 0.1/1.4 MB
Progress (4): 4.8 kB | 0.5/1.9 MB | 322/892 kB | 0.1/1.4 MB
Progress (4): 4.8 kB | 0.5/1.9 MB | 322/892 kB | 0.2/1.4 MB
Progress (4): 4.8 kB | 0.5/1.9 MB | 338/892 kB | 0.2/1.4 MB
Progress (4): 4.8 kB | 0.5/1.9 MB | 338/892 kB | 0.2/1.4 MB
Progress (4): 4.8 kB | 0.5/1.9 MB | 354/892 kB | 0.2/1.4 MB
Progress (4): 4.8 kB | 0.5/1.9 MB | 354/892 kB | 0.2/1.4 MB
Progress (4): 4.8 kB | 0.5/1.9 MB | 354/892 kB | 0.2/1.4 MB
Progress (4): 4.8 kB | 0.5/1.9 MB | 354/892 kB | 0.2/1.4 MB
Progress (4): 4.8 kB | 0.5/1.9 MB | 371/892 kB | 0.2/1.4 MB
Progress (4): 4.8 kB | 0.5/1.9 MB | 371/892 kB | 0.2/1.4 MB
Progress (4): 4.8 kB | 0.5/1.9 MB | 387/892 kB | 0.2/1.4 MB
Progress (4): 4.8 kB | 0.6/1.9 MB | 387/892 kB | 0.2/1.4 MB
Progress (4): 4.8 kB | 0.6/1.9 MB | 387/892 kB | 0.2/1.4 MB
Progress (4): 4.8 kB | 0.6/1.9 MB | 403/892 kB | 0.2/1.4 MB
Progress (4): 4.8 kB | 0.6/1.9 MB | 403/892 kB | 0.2/1.4 MB
Progress (4): 4.8 kB | 0.6/1.9 MB | 420/892 kB | 0.2/1.4 MB
Progress (4): 4.8 kB | 0.6/1.9 MB | 436/892 kB | 0.2/1.4 MB
Progress (4): 4.8 kB | 0.6/1.9 MB | 453/892 kB | 0.2/1.4 MB
Progress (4): 4.8 kB | 0.6/1.9 MB | 453/892 kB | 0.2/1.4 MB
Progress (4): 4.8 kB | 0.6/1.9 MB | 453/892 kB | 0.2/1.4 MB
Progress (4): 4.8 kB | 0.6/1.9 MB | 469/892 kB | 0.2/1.4 MB
Progress (4): 4.8 kB | 0.6/1.9 MB | 469/892 kB | 0.2/1.4 MB
Progress (4): 4.8 kB | 0.6/1.9 MB | 469/892 kB | 0.2/1.4 MB
Progress (4): 4.8 kB | 0.6/1.9 MB | 485/892 kB | 0.2/1.4 MB
Progress (4): 4.8 kB | 0.6/1.9 MB | 485/892 kB | 0.2/1.4 MB
Progress (4): 4.8 kB | 0.6/1.9 MB | 485/892 kB | 0.2/1.4 MB
Progress (4): 4.8 kB | 0.6/1.9 MB | 485/892 kB | 0.2/1.4 MB
Progress (4): 4.8 kB | 0.6/1.9 MB | 485/892 kB | 0.3/1.4 MB
Progress (4): 4.8 kB | 0.6/1.9 MB | 485/892 kB | 0.3/1.4 MB
Progress (4): 4.8 kB | 0.6/1.9 MB | 485/892 kB | 0.3/1.4 MB
Progress (4): 4.8 kB | 0.6/1.9 MB | 485/892 kB | 0.3/1.4 MB
Progress (4): 4.8 kB | 0.7/1.9 MB | 485/892 kB | 0.3/1.4 MB
Progress (4): 4.8 kB | 0.7/1.9 MB | 485/892 kB | 0.3/1.4 MB
Progress (4): 4.8 kB | 0.7/1.9 MB | 485/892 kB | 0.3/1.4 MB
Progress (4): 4.8 kB | 0.7/1.9 MB | 485/892 kB | 0.3/1.4 MB
Progress (4): 4.8 kB | 0.7/1.9 MB | 485/892 kB | 0.3/1.4 MB
Progress (4): 4.8 kB | 0.7/1.9 MB | 485/892 kB | 0.3/1.4 MB
Progress (4): 4.8 kB | 0.7/1.9 MB | 485/892 kB | 0.3/1.4 MB
Progress (4): 4.8 kB | 0.7/1.9 MB | 502/892 kB | 0.3/1.4 MB
Progress (4): 4.8 kB | 0.7/1.9 MB | 502/892 kB | 0.4/1.4 MB
Progress (4): 4.8 kB | 0.7/1.9 MB | 502/892 kB | 0.4/1.4 MB
Progress (4): 4.8 kB | 0.7/1.9 MB | 518/892 kB | 0.4/1.4 MB
Progress (4): 4.8 kB | 0.7/1.9 MB | 524/892 kB | 0.4/1.4 MB
Progress (4): 4.8 kB | 0.7/1.9 MB | 524/892 kB | 0.4/1.4 MB
Progress (4): 4.8 kB | 0.7/1.9 MB | 535/892 kB | 0.4/1.4 MB
Progress (4): 4.8 kB | 0.7/1.9 MB | 551/892 kB | 0.4/1.4 MB
Progress (4): 4.8 kB | 0.8/1.9 MB | 551/892 kB | 0.4/1.4 MB
Progress (4): 4.8 kB | 0.8/1.9 MB | 557/892 kB | 0.4/1.4 MB
Progress (4): 4.8 kB | 0.8/1.9 MB | 557/892 kB | 0.4/1.4 MB
Progress (4): 4.8 kB | 0.8/1.9 MB | 573/892 kB | 0.4/1.4 MB
Progress (4): 4.8 kB | 0.8/1.9 MB | 573/892 kB | 0.4/1.4 MB
Progress (4): 4.8 kB | 0.8/1.9 MB | 573/892 kB | 0.4/1.4 MB
Progress (4): 4.8 kB | 0.8/1.9 MB | 590/892 kB | 0.4/1.4 MB
Progress (4): 4.8 kB | 0.8/1.9 MB | 590/892 kB | 0.4/1.4 MB
Progress (4): 4.8 kB | 0.8/1.9 MB | 606/892 kB | 0.4/1.4 MB
Progress (4): 4.8 kB | 0.8/1.9 MB | 623/892 kB | 0.4/1.4 MB
Progress (4): 4.8 kB | 0.8/1.9 MB | 623/892 kB | 0.4/1.4 MB
Progress (4): 4.8 kB | 0.8/1.9 MB | 623/892 kB | 0.4/1.4 MB
Progress (4): 4.8 kB | 0.8/1.9 MB | 639/892 kB | 0.4/1.4 MB
Progress (4): 4.8 kB | 0.8/1.9 MB | 639/892 kB | 0.4/1.4 MB
Progress (4): 4.8 kB | 0.8/1.9 MB | 639/892 kB | 0.4/1.4 MB
Progress (4): 4.8 kB | 0.8/1.9 MB | 655/892 kB | 0.4/1.4 MB
Progress (4): 4.8 kB | 0.8/1.9 MB | 655/892 kB | 0.4/1.4 MB
Progress (4): 4.8 kB | 0.8/1.9 MB | 655/892 kB | 0.4/1.4 MB
Progress (4): 4.8 kB | 0.8/1.9 MB | 672/892 kB | 0.4/1.4 MB
Progress (4): 4.8 kB | 0.9/1.9 MB | 672/892 kB | 0.4/1.4 MB
Progress (4): 4.8 kB | 0.9/1.9 MB | 672/892 kB | 0.5/1.4 MB
Progress (4): 4.8 kB | 0.9/1.9 MB | 688/892 kB | 0.5/1.4 MB
Progress (4): 4.8 kB | 0.9/1.9 MB | 688/892 kB | 0.5/1.4 MB
Progress (4): 4.8 kB | 0.9/1.9 MB | 705/892 kB | 0.5/1.4 MB
Progress (4): 4.8 kB | 0.9/1.9 MB | 705/892 kB | 0.5/1.4 MB
Progress (4): 4.8 kB | 0.9/1.9 MB | 721/892 kB | 0.5/1.4 MB
Progress (4): 4.8 kB | 0.9/1.9 MB | 721/892 kB | 0.5/1.4 MB
Progress (4): 4.8 kB | 0.9/1.9 MB | 737/892 kB | 0.5/1.4 MB
Progress (4): 4.8 kB | 0.9/1.9 MB | 737/892 kB | 0.5/1.4 MB
Progress (4): 4.8 kB | 0.9/1.9 MB | 737/892 kB | 0.5/1.4 MB
Progress (4): 4.8 kB | 0.9/1.9 MB | 742/892 kB | 0.5/1.4 MB
Progress (4): 4.8 kB | 0.9/1.9 MB | 742/892 kB | 0.5/1.4 MB
Progress (4): 4.8 kB | 0.9/1.9 MB | 758/892 kB | 0.5/1.4 MB
Progress (4): 4.8 kB | 1.0/1.9 MB | 758/892 kB | 0.5/1.4 MB
Progress (4): 4.8 kB | 1.0/1.9 MB | 775/892 kB | 0.5/1.4 MB
Progress (4): 4.8 kB | 1.0/1.9 MB | 775/892 kB | 0.5/1.4 MB
Progress (4): 4.8 kB | 1.0/1.9 MB | 775/892 kB | 0.5/1.4 MB
Progress (4): 4.8 kB | 1.0/1.9 MB | 791/892 kB | 0.5/1.4 MB
Progress (4): 4.8 kB | 1.0/1.9 MB | 791/892 kB | 0.5/1.4 MB
Progress (4): 4.8 kB | 1.0/1.9 MB | 791/892 kB | 0.5/1.4 MB
Progress (4): 4.8 kB | 1.0/1.9 MB | 807/892 kB | 0.5/1.4 MB
Progress (4): 4.8 kB | 1.0/1.9 MB | 824/892 kB | 0.5/1.4 MB
Progress (4): 4.8 kB | 1.0/1.9 MB | 824/892 kB | 0.5/1.4 MB
Progress (4): 4.8 kB | 1.0/1.9 MB | 824/892 kB | 0.5/1.4 MB
Progress (4): 4.8 kB | 1.0/1.9 MB | 840/892 kB | 0.5/1.4 MB
Progress (4): 4.8 kB | 1.0/1.9 MB | 840/892 kB | 0.5/1.4 MB
Progress (4): 4.8 kB | 1.0/1.9 MB | 840/892 kB | 0.5/1.4 MB
Progress (4): 4.8 kB | 1.0/1.9 MB | 840/892 kB | 0.5/1.4 MB
Progress (4): 4.8 kB | 1.0/1.9 MB | 857/892 kB | 0.5/1.4 MB
Progress (4): 4.8 kB | 1.0/1.9 MB | 857/892 kB | 0.5/1.4 MB
Progress (4): 4.8 kB | 1.0/1.9 MB | 857/892 kB | 0.6/1.4 MB
Progress (4): 4.8 kB | 1.0/1.9 MB | 873/892 kB | 0.6/1.4 MB
Progress (4): 4.8 kB | 1.0/1.9 MB | 873/892 kB | 0.6/1.4 MB
Progress (4): 4.8 kB | 1.0/1.9 MB | 889/892 kB | 0.6/1.4 MB
Progress (4): 4.8 kB | 1.1/1.9 MB | 889/892 kB | 0.6/1.4 MB
Progress (4): 4.8 kB | 1.1/1.9 MB | 889/892 kB | 0.6/1.4 MB
Progress (4): 4.8 kB | 1.1/1.9 MB | 892 kB | 0.6/1.4 MB    
Progress (4): 4.8 kB | 1.1/1.9 MB | 892 kB | 0.6/1.4 MB
Progress (4): 4.8 kB | 1.1/1.9 MB | 892 kB | 0.6/1.4 MB
Progress (4): 4.8 kB | 1.1/1.9 MB | 892 kB | 0.6/1.4 MB
Progress (4): 4.8 kB | 1.1/1.9 MB | 892 kB | 0.6/1.4 MB
Progress (4): 4.8 kB | 1.1/1.9 MB | 892 kB | 0.6/1.4 MB
Progress (4): 4.8 kB | 1.1/1.9 MB | 892 kB | 0.6/1.4 MB
Progress (4): 4.8 kB | 1.1/1.9 MB | 892 kB | 0.6/1.4 MB
Progress (4): 4.8 kB | 1.1/1.9 MB | 892 kB | 0.6/1.4 MB
Progress (4): 4.8 kB | 1.1/1.9 MB | 892 kB | 0.6/1.4 MB
Progress (4): 4.8 kB | 1.1/1.9 MB | 892 kB | 0.7/1.4 MB
Progress (4): 4.8 kB | 1.1/1.9 MB | 892 kB | 0.7/1.4 MB
Progress (4): 4.8 kB | 1.2/1.9 MB | 892 kB | 0.7/1.4 MB
Progress (4): 4.8 kB | 1.2/1.9 MB | 892 kB | 0.7/1.4 MB
Progress (4): 4.8 kB | 1.2/1.9 MB | 892 kB | 0.7/1.4 MB
Progress (4): 4.8 kB | 1.2/1.9 MB | 892 kB | 0.7/1.4 MB
Progress (4): 4.8 kB | 1.2/1.9 MB | 892 kB | 0.7/1.4 MB
Progress (4): 4.8 kB | 1.2/1.9 MB | 892 kB | 0.7/1.4 MB
Progress (4): 4.8 kB | 1.2/1.9 MB | 892 kB | 0.7/1.4 MB
Progress (4): 4.8 kB | 1.2/1.9 MB | 892 kB | 0.7/1.4 MB
Progress (4): 4.8 kB | 1.2/1.9 MB | 892 kB | 0.8/1.4 MB
Progress (4): 4.8 kB | 1.2/1.9 MB | 892 kB | 0.8/1.4 MB
Progress (4): 4.8 kB | 1.2/1.9 MB | 892 kB | 0.8/1.4 MB
Progress (4): 4.8 kB | 1.2/1.9 MB | 892 kB | 0.8/1.4 MB
Progress (4): 4.8 kB | 1.3/1.9 MB | 892 kB | 0.8/1.4 MB
Progress (4): 4.8 kB | 1.3/1.9 MB | 892 kB | 0.8/1.4 MB
Progress (4): 4.8 kB | 1.3/1.9 MB | 892 kB | 0.8/1.4 MB
Progress (4): 4.8 kB | 1.3/1.9 MB | 892 kB | 0.8/1.4 MB
Progress (4): 4.8 kB | 1.3/1.9 MB | 892 kB | 0.8/1.4 MB
Progress (4): 4.8 kB | 1.3/1.9 MB | 892 kB | 0.8/1.4 MB
Progress (4): 4.8 kB | 1.3/1.9 MB | 892 kB | 0.8/1.4 MB
Progress (4): 4.8 kB | 1.3/1.9 MB | 892 kB | 0.8/1.4 MB
Progress (4): 4.8 kB | 1.3/1.9 MB | 892 kB | 0.9/1.4 MB
Progress (4): 4.8 kB | 1.3/1.9 MB | 892 kB | 0.9/1.4 MB
Progress (4): 4.8 kB | 1.3/1.9 MB | 892 kB | 0.9/1.4 MB
Progress (4): 4.8 kB | 1.3/1.9 MB | 892 kB | 0.9/1.4 MB
Progress (4): 4.8 kB | 1.3/1.9 MB | 892 kB | 0.9/1.4 MB
Progress (4): 4.8 kB | 1.4/1.9 MB | 892 kB | 0.9/1.4 MB
Progress (4): 4.8 kB | 1.4/1.9 MB | 892 kB | 0.9/1.4 MB
Progress (4): 4.8 kB | 1.4/1.9 MB | 892 kB | 0.9/1.4 MB
Progress (4): 4.8 kB | 1.4/1.9 MB | 892 kB | 0.9/1.4 MB
Progress (4): 4.8 kB | 1.4/1.9 MB | 892 kB | 0.9/1.4 MB
Progress (4): 4.8 kB | 1.4/1.9 MB | 892 kB | 0.9/1.4 MB
Progress (4): 4.8 kB | 1.4/1.9 MB | 892 kB | 1.0/1.4 MB
Progress (4): 4.8 kB | 1.4/1.9 MB | 892 kB | 1.0/1.4 MB
Progress (4): 4.8 kB | 1.4/1.9 MB | 892 kB | 1.0/1.4 MB
Progress (4): 4.8 kB | 1.4/1.9 MB | 892 kB | 1.0/1.4 MB
Progress (4): 4.8 kB | 1.4/1.9 MB | 892 kB | 1.0/1.4 MB
Progress (4): 4.8 kB | 1.4/1.9 MB | 892 kB | 1.0/1.4 MB
Progress (4): 4.8 kB | 1.5/1.9 MB | 892 kB | 1.0/1.4 MB
Progress (4): 4.8 kB | 1.5/1.9 MB | 892 kB | 1.0/1.4 MB
Progress (4): 4.8 kB | 1.5/1.9 MB | 892 kB | 1.0/1.4 MB
Progress (4): 4.8 kB | 1.5/1.9 MB | 892 kB | 1.0/1.4 MB
Progress (4): 4.8 kB | 1.5/1.9 MB | 892 kB | 1.0/1.4 MB
Progress (4): 4.8 kB | 1.5/1.9 MB | 892 kB | 1.0/1.4 MB
Progress (4): 4.8 kB | 1.5/1.9 MB | 892 kB | 1.0/1.4 MB
Progress (4): 4.8 kB | 1.5/1.9 MB | 892 kB | 1.0/1.4 MB
Progress (4): 4.8 kB | 1.5/1.9 MB | 892 kB | 1.0/1.4 MB
Progress (4): 4.8 kB | 1.5/1.9 MB | 892 kB | 1.0/1.4 MB
Progress (4): 4.8 kB | 1.6/1.9 MB | 892 kB | 1.0/1.4 MB
Progress (4): 4.8 kB | 1.6/1.9 MB | 892 kB | 1.0/1.4 MB
Progress (4): 4.8 kB | 1.6/1.9 MB | 892 kB | 1.0/1.4 MB
Progress (4): 4.8 kB | 1.6/1.9 MB | 892 kB | 1.0/1.4 MB
Progress (4): 4.8 kB | 1.6/1.9 MB | 892 kB | 1.0/1.4 MB
Progress (4): 4.8 kB | 1.6/1.9 MB | 892 kB | 1.0/1.4 MB
Progress (4): 4.8 kB | 1.6/1.9 MB | 892 kB | 1.0/1.4 MB
Progress (4): 4.8 kB | 1.6/1.9 MB | 892 kB | 1.1/1.4 MB
Progress (4): 4.8 kB | 1.7/1.9 MB | 892 kB | 1.1/1.4 MB
Progress (4): 4.8 kB | 1.7/1.9 MB | 892 kB | 1.1/1.4 MB
Progress (4): 4.8 kB | 1.7/1.9 MB | 892 kB | 1.1/1.4 MB
Progress (4): 4.8 kB | 1.7/1.9 MB | 892 kB | 1.1/1.4 MB
Progress (4): 4.8 kB | 1.7/1.9 MB | 892 kB | 1.1/1.4 MB
Progress (4): 4.8 kB | 1.7/1.9 MB | 892 kB | 1.1/1.4 MB
Progress (4): 4.8 kB | 1.7/1.9 MB | 892 kB | 1.1/1.4 MB
Progress (4): 4.8 kB | 1.7/1.9 MB | 892 kB | 1.1/1.4 MB
Progress (4): 4.8 kB | 1.7/1.9 MB | 892 kB | 1.1/1.4 MB
Progress (4): 4.8 kB | 1.7/1.9 MB | 892 kB | 1.1/1.4 MB
Progress (4): 4.8 kB | 1.7/1.9 MB | 892 kB | 1.1/1.4 MB
Progress (4): 4.8 kB | 1.7/1.9 MB | 892 kB | 1.2/1.4 MB
Progress (4): 4.8 kB | 1.7/1.9 MB | 892 kB | 1.2/1.4 MB
Progress (4): 4.8 kB | 1.7/1.9 MB | 892 kB | 1.2/1.4 MB
Progress (4): 4.8 kB | 1.7/1.9 MB | 892 kB | 1.2/1.4 MB
Progress (4): 4.8 kB | 1.8/1.9 MB | 892 kB | 1.2/1.4 MB
Progress (4): 4.8 kB | 1.8/1.9 MB | 892 kB | 1.2/1.4 MB
Progress (4): 4.8 kB | 1.8/1.9 MB | 892 kB | 1.2/1.4 MB
Progress (4): 4.8 kB | 1.8/1.9 MB | 892 kB | 1.2/1.4 MB
Progress (4): 4.8 kB | 1.8/1.9 MB | 892 kB | 1.2/1.4 MB
Progress (4): 4.8 kB | 1.8/1.9 MB | 892 kB | 1.2/1.4 MB
Progress (4): 4.8 kB | 1.8/1.9 MB | 892 kB | 1.3/1.4 MB
Progress (4): 4.8 kB | 1.8/1.9 MB | 892 kB | 1.3/1.4 MB
Progress (4): 4.8 kB | 1.8/1.9 MB | 892 kB | 1.3/1.4 MB
Progress (4): 4.8 kB | 1.8/1.9 MB | 892 kB | 1.3/1.4 MB
Progress (4): 4.8 kB | 1.8/1.9 MB | 892 kB | 1.3/1.4 MB
Progress (4): 4.8 kB | 1.8/1.9 MB | 892 kB | 1.3/1.4 MB
Progress (4): 4.8 kB | 1.8/1.9 MB | 892 kB | 1.3/1.4 MB
Progress (4): 4.8 kB | 1.9/1.9 MB | 892 kB | 1.3/1.4 MB
Progress (4): 4.8 kB | 1.9/1.9 MB | 892 kB | 1.3/1.4 MB
Progress (4): 4.8 kB | 1.9/1.9 MB | 892 kB | 1.3/1.4 MB
Progress (4): 4.8 kB | 1.9/1.9 MB | 892 kB | 1.3/1.4 MB
Progress (4): 4.8 kB | 1.9/1.9 MB | 892 kB | 1.4/1.4 MB
Progress (4): 4.8 kB | 1.9/1.9 MB | 892 kB | 1.4/1.4 MB
Progress (4): 4.8 kB | 1.9/1.9 MB | 892 kB | 1.4 MB    
Progress (4): 4.8 kB | 1.9 MB | 892 kB | 1.4 MB    
                                               
Downloaded from aliyunmaven: https://maven.aliyun.com/repository/public/org/springframework/spring-beans/6.2.19/spring-beans-6.2.19.jar (892 kB at 5.3 MB/s)
Downloading from aliyunmaven: https://maven.aliyun.com/repository/public/org/springframework/spring-expression/6.2.19/spring-expression-6.2.19.jar
Downloaded from aliyunmaven: https://maven.aliyun.com/repository/public/org/springframework/spring-context/6.2.19/spring-context-6.2.19.jar (1.4 MB at 7.3 MB/s)
Downloading from aliyunmaven: https://maven.aliyun.com/repository/public/io/micrometer/micrometer-observation/1.15.12/micrometer-observation-1.15.12.jar
Progress (3): 4.8 kB | 1.9 MB | 6.3/321 kB
Progress (3): 4.8 kB | 1.9 MB | 23/321 kB 
Progress (3): 4.8 kB | 1.9 MB | 39/321 kB
Progress (3): 4.8 kB | 1.9 MB | 55/321 kB
Progress (3): 4.8 kB | 1.9 MB | 72/321 kB
Progress (3): 4.8 kB | 1.9 MB | 88/321 kB
Progress (3): 4.8 kB | 1.9 MB | 105/321 kB
Progress (3): 4.8 kB | 1.9 MB | 121/321 kB
Progress (3): 4.8 kB | 1.9 MB | 137/321 kB
Progress (3): 4.8 kB | 1.9 MB | 154/321 kB
Progress (3): 4.8 kB | 1.9 MB | 170/321 kB
Progress (3): 4.8 kB | 1.9 MB | 186/321 kB
Progress (3): 4.8 kB | 1.9 MB | 203/321 kB
Progress (3): 4.8 kB | 1.9 MB | 219/321 kB
Progress (3): 4.8 kB | 1.9 MB | 236/321 kB
Progress (3): 4.8 kB | 1.9 MB | 252/321 kB
Progress (3): 4.8 kB | 1.9 MB | 268/321 kB
Progress (3): 4.8 kB | 1.9 MB | 285/321 kB
Progress (3): 4.8 kB | 1.9 MB | 301/321 kB
Progress (3): 4.8 kB | 1.9 MB | 318/321 kB
Progress (3): 4.8 kB | 1.9 MB | 321 kB    
Progress (4): 4.8 kB | 1.9 MB | 321 kB | 7.2/420 kB
Progress (4): 4.8 kB | 1.9 MB | 321 kB | 15/420 kB 
Progress (4): 4.8 kB | 1.9 MB | 321 kB | 32/420 kB
Progress (4): 4.8 kB | 1.9 MB | 321 kB | 48/420 kB
Progress (4): 4.8 kB | 1.9 MB | 321 kB | 64/420 kB
                                                  
Downloaded from aliyunmaven: https://maven.aliyun.com/repository/public/org/springframework/boot/spring-boot/3.5.15/spring-boot-3.5.15.jar (1.9 MB at 9.4 MB/s)
Downloading from aliyunmaven: https://maven.aliyun.com/repository/public/io/micrometer/micrometer-commons/1.15.12/micrometer-commons-1.15.12.jar
Progress (3): 4.8 kB | 321 kB | 81/420 kB
Progress (3): 4.8 kB | 321 kB | 97/420 kB
Progress (4): 4.8 kB | 321 kB | 97/420 kB | 7.2/76 kB
Progress (4): 4.8 kB | 321 kB | 97/420 kB | 15/76 kB 
Progress (4): 4.8 kB | 321 kB | 97/420 kB | 32/76 kB
Progress (4): 4.8 kB | 321 kB | 97/420 kB | 48/76 kB
Progress (4): 4.8 kB | 321 kB | 97/420 kB | 64/76 kB
Progress (4): 4.8 kB | 321 kB | 114/420 kB | 64/76 kB
Progress (4): 4.8 kB | 321 kB | 114/420 kB | 76 kB   
Progress (4): 4.8 kB | 321 kB | 130/420 kB | 76 kB
Progress (4): 4.8 kB | 321 kB | 146/420 kB | 76 kB
Progress (4): 4.8 kB | 321 kB | 163/420 kB | 76 kB
Progress (4): 4.8 kB | 321 kB | 179/420 kB | 76 kB
Progress (4): 4.8 kB | 321 kB | 196/420 kB | 76 kB
Progress (4): 4.8 kB | 321 kB | 212/420 kB | 76 kB
Progress (4): 4.8 kB | 321 kB | 228/420 kB | 76 kB
Progress (4): 4.8 kB | 321 kB | 245/420 kB | 76 kB
Progress (4): 4.8 kB | 321 kB | 261/420 kB | 76 kB
Progress (4): 4.8 kB | 321 kB | 277/420 kB | 76 kB
Progress (4): 4.8 kB | 321 kB | 294/420 kB | 76 kB
Progress (4): 4.8 kB | 321 kB | 310/420 kB | 76 kB
Progress (4): 4.8 kB | 321 kB | 327/420 kB | 76 kB
Progress (4): 4.8 kB | 321 kB | 343/420 kB | 76 kB
Progress (4): 4.8 kB | 321 kB | 359/420 kB | 76 kB
Progress (4): 4.8 kB | 321 kB | 376/420 kB | 76 kB
Progress (4): 4.8 kB | 321 kB | 392/420 kB | 76 kB
Progress (4): 4.8 kB | 321 kB | 409/420 kB | 76 kB
Progress (4): 4.8 kB | 321 kB | 420 kB | 76 kB    
Progress (5): 4.8 kB | 321 kB | 420 kB | 76 kB | 7.2/49 kB
Progress (5): 4.8 kB | 321 kB | 420 kB | 76 kB | 15/49 kB 
Progress (5): 4.8 kB | 321 kB | 420 kB | 76 kB | 32/49 kB
Progress (5): 4.8 kB | 321 kB | 420 kB | 76 kB | 48/49 kB
Progress (5): 4.8 kB | 321 kB | 420 kB | 76 kB | 49 kB   
                                                      
Downloaded from aliyunmaven: https://maven.aliyun.com/repository/public/org/springframework/spring-expression/6.2.19/spring-expression-6.2.19.jar (321 kB at 1.3 MB/s)
Downloading from aliyunmaven: https://maven.aliyun.com/repository/public/org/springframework/boot/spring-boot-autoconfigure/3.5.15/spring-boot-autoconfigure-3.5.15.jar
Downloaded from aliyunmaven: https://maven.aliyun.com/repository/public/io/micrometer/micrometer-observation/1.15.12/micrometer-observation-1.15.12.jar (76 kB at 308 kB/s)
Downloading from aliyunmaven: https://maven.aliyun.com/repository/public/org/springframework/boot/spring-boot-starter-logging/3.5.15/spring-boot-starter-logging-3.5.15.jar
Progress (4): 4.8 kB | 420 kB | 49 kB | 1.9/4.8 kB
Progress (4): 4.8 kB | 420 kB | 49 kB | 4.8 kB    
Progress (5): 4.8 kB | 420 kB | 49 kB | 4.8 kB | 0/2.1 MB
Progress (5): 4.8 kB | 420 kB | 49 kB | 4.8 kB | 0/2.1 MB
Progress (5): 4.8 kB | 420 kB | 49 kB | 4.8 kB | 0/2.1 MB
Progress (5): 4.8 kB | 420 kB | 49 kB | 4.8 kB | 0/2.1 MB
Progress (5): 4.8 kB | 420 kB | 49 kB | 4.8 kB | 0.1/2.1 MB
Progress (5): 4.8 kB | 420 kB | 49 kB | 4.8 kB | 0.1/2.1 MB
Progress (5): 4.8 kB | 420 kB | 49 kB | 4.8 kB | 0.1/2.1 MB
Progress (5): 4.8 kB | 420 kB | 49 kB | 4.8 kB | 0.1/2.1 MB
Progress (5): 4.8 kB | 420 kB | 49 kB | 4.8 kB | 0.1/2.1 MB
Progress (5): 4.8 kB | 420 kB | 49 kB | 4.8 kB | 0.1/2.1 MB
Progress (5): 4.8 kB | 420 kB | 49 kB | 4.8 kB | 0.2/2.1 MB
Progress (5): 4.8 kB | 420 kB | 49 kB | 4.8 kB | 0.2/2.1 MB
Progress (5): 4.8 kB | 420 kB | 49 kB | 4.8 kB | 0.2/2.1 MB
Progress (5): 4.8 kB | 420 kB | 49 kB | 4.8 kB | 0.2/2.1 MB
Progress (5): 4.8 kB | 420 kB | 49 kB | 4.8 kB | 0.2/2.1 MB
Progress (5): 4.8 kB | 420 kB | 49 kB | 4.8 kB | 0.2/2.1 MB
Progress (5): 4.8 kB | 420 kB | 49 kB | 4.8 kB | 0.3/2.1 MB
Progress (5): 4.8 kB | 420 kB | 49 kB | 4.8 kB | 0.3/2.1 MB
Progress (5): 4.8 kB | 420 kB | 49 kB | 4.8 kB | 0.3/2.1 MB
Progress (5): 4.8 kB | 420 kB | 49 kB | 4.8 kB | 0.3/2.1 MB
Progress (5): 4.8 kB | 420 kB | 49 kB | 4.8 kB | 0.3/2.1 MB
Progress (5): 4.8 kB | 420 kB | 49 kB | 4.8 kB | 0.3/2.1 MB
Progress (5): 4.8 kB | 420 kB | 49 kB | 4.8 kB | 0.4/2.1 MB
Progress (5): 4.8 kB | 420 kB | 49 kB | 4.8 kB | 0.4/2.1 MB
Progress (5): 4.8 kB | 420 kB | 49 kB | 4.8 kB | 0.4/2.1 MB
Progress (5): 4.8 kB | 420 kB | 49 kB | 4.8 kB | 0.4/2.1 MB
Progress (5): 4.8 kB | 420 kB | 49 kB | 4.8 kB | 0.4/2.1 MB
Progress (5): 4.8 kB | 420 kB | 49 kB | 4.8 kB | 0.4/2.1 MB
Progress (5): 4.8 kB | 420 kB | 49 kB | 4.8 kB | 0.5/2.1 MB
Progress (5): 4.8 kB | 420 kB | 49 kB | 4.8 kB | 0.5/2.1 MB
Progress (5): 4.8 kB | 420 kB | 49 kB | 4.8 kB | 0.5/2.1 MB
Progress (5): 4.8 kB | 420 kB | 49 kB | 4.8 kB | 0.5/2.1 MB
Progress (5): 4.8 kB | 420 kB | 49 kB | 4.8 kB | 0.5/2.1 MB
Progress (5): 4.8 kB | 420 kB | 49 kB | 4.8 kB | 0.5/2.1 MB
                                                           
Downloaded from aliyunmaven: https://maven.aliyun.com/repository/public/org/springframework/spring-aop/6.2.19/spring-aop-6.2.19.jar (420 kB at 1.6 MB/s)
Downloading from aliyunmaven: https://maven.aliyun.com/repository/public/ch/qos/logback/logback-classic/1.5.34/logback-classic-1.5.34.jar
Progress (4): 4.8 kB | 49 kB | 4.8 kB | 0.5/2.1 MB
Progress (4): 4.8 kB | 49 kB | 4.8 kB | 0.5/2.1 MB
Progress (4): 4.8 kB | 49 kB | 4.8 kB | 0.6/2.1 MB
Progress (4): 4.8 kB | 49 kB | 4.8 kB | 0.6/2.1 MB
Progress (4): 4.8 kB | 49 kB | 4.8 kB | 0.6/2.1 MB
Progress (4): 4.8 kB | 49 kB | 4.8 kB | 0.6/2.1 MB
Progress (4): 4.8 kB | 49 kB | 4.8 kB | 0.6/2.1 MB
Progress (4): 4.8 kB | 49 kB | 4.8 kB | 0.6/2.1 MB
Progress (4): 4.8 kB | 49 kB | 4.8 kB | 0.7/2.1 MB
Progress (4): 4.8 kB | 49 kB | 4.8 kB | 0.7/2.1 MB
Progress (4): 4.8 kB | 49 kB | 4.8 kB | 0.7/2.1 MB
Progress (4): 4.8 kB | 49 kB | 4.8 kB | 0.7/2.1 MB
Progress (4): 4.8 kB | 49 kB | 4.8 kB | 0.7/2.1 MB
Progress (4): 4.8 kB | 49 kB | 4.8 kB | 0.7/2.1 MB
Progress (4): 4.8 kB | 49 kB | 4.8 kB | 0.8/2.1 MB
Progress (4): 4.8 kB | 49 kB | 4.8 kB | 0.8/2.1 MB
Progress (4): 4.8 kB | 49 kB | 4.8 kB | 0.8/2.1 MB
Progress (4): 4.8 kB | 49 kB | 4.8 kB | 0.8/2.1 MB
Progress (4): 4.8 kB | 49 kB | 4.8 kB | 0.8/2.1 MB
Progress (4): 4.8 kB | 49 kB | 4.8 kB | 0.8/2.1 MB
Progress (4): 4.8 kB | 49 kB | 4.8 kB | 0.9/2.1 MB
Progress (4): 4.8 kB | 49 kB | 4.8 kB | 0.9/2.1 MB
Progress (4): 4.8 kB | 49 kB | 4.8 kB | 0.9/2.1 MB
Progress (4): 4.8 kB | 49 kB | 4.8 kB | 0.9/2.1 MB
Progress (4): 4.8 kB | 49 kB | 4.8 kB | 0.9/2.1 MB
Progress (4): 4.8 kB | 49 kB | 4.8 kB | 0.9/2.1 MB
Progress (4): 4.8 kB | 49 kB | 4.8 kB | 1.0/2.1 MB
Progress (4): 4.8 kB | 49 kB | 4.8 kB | 1.0/2.1 MB
Progress (4): 4.8 kB | 49 kB | 4.8 kB | 1.0/2.1 MB
Progress (4): 4.8 kB | 49 kB | 4.8 kB | 1.0/2.1 MB
Progress (4): 4.8 kB | 49 kB | 4.8 kB | 1.0/2.1 MB
Progress (4): 4.8 kB | 49 kB | 4.8 kB | 1.0/2.1 MB
Progress (4): 4.8 kB | 49 kB | 4.8 kB | 1.0/2.1 MB
Progress (4): 4.8 kB | 49 kB | 4.8 kB | 1.1/2.1 MB
Progress (4): 4.8 kB | 49 kB | 4.8 kB | 1.1/2.1 MB
Progress (5): 4.8 kB | 49 kB | 4.8 kB | 1.1/2.1 MB | 7.2/287 kB
Progress (5): 4.8 kB | 49 kB | 4.8 kB | 1.1/2.1 MB | 7.2/287 kB
Progress (5): 4.8 kB | 49 kB | 4.8 kB | 1.1/2.1 MB | 15/287 kB 
Progress (5): 4.8 kB | 49 kB | 4.8 kB | 1.1/2.1 MB | 32/287 kB
Progress (5): 4.8 kB | 49 kB | 4.8 kB | 1.1/2.1 MB | 32/287 kB
Progress (5): 4.8 kB | 49 kB | 4.8 kB | 1.1/2.1 MB | 48/287 kB
Progress (5): 4.8 kB | 49 kB | 4.8 kB | 1.1/2.1 MB | 64/287 kB
Progress (5): 4.8 kB | 49 kB | 4.8 kB | 1.1/2.1 MB | 64/287 kB
Progress (5): 4.8 kB | 49 kB | 4.8 kB | 1.1/2.1 MB | 81/287 kB
Progress (5): 4.8 kB | 49 kB | 4.8 kB | 1.1/2.1 MB | 97/287 kB
Progress (5): 4.8 kB | 49 kB | 4.8 kB | 1.1/2.1 MB | 97/287 kB
Progress (5): 4.8 kB | 49 kB | 4.8 kB | 1.1/2.1 MB | 114/287 kB
Progress (5): 4.8 kB | 49 kB | 4.8 kB | 1.1/2.1 MB | 130/287 kB
Progress (5): 4.8 kB | 49 kB | 4.8 kB | 1.1/2.1 MB | 130/287 kB
Progress (5): 4.8 kB | 49 kB | 4.8 kB | 1.1/2.1 MB | 146/287 kB
Progress (5): 4.8 kB | 49 kB | 4.8 kB | 1.2/2.1 MB | 146/287 kB
Progress (5): 4.8 kB | 49 kB | 4.8 kB | 1.2/2.1 MB | 163/287 kB
Progress (5): 4.8 kB | 49 kB | 4.8 kB | 1.2/2.1 MB | 179/287 kB
Progress (5): 4.8 kB | 49 kB | 4.8 kB | 1.2/2.1 MB | 179/287 kB
Progress (5): 4.8 kB | 49 kB | 4.8 kB | 1.2/2.1 MB | 196/287 kB
Progress (5): 4.8 kB | 49 kB | 4.8 kB | 1.2/2.1 MB | 212/287 kB
Progress (5): 4.8 kB | 49 kB | 4.8 kB | 1.2/2.1 MB | 212/287 kB
Progress (5): 4.8 kB | 49 kB | 4.8 kB | 1.2/2.1 MB | 228/287 kB
Progress (5): 4.8 kB | 49 kB | 4.8 kB | 1.2/2.1 MB | 245/287 kB
Progress (5): 4.8 kB | 49 kB | 4.8 kB | 1.2/2.1 MB | 245/287 kB
Progress (5): 4.8 kB | 49 kB | 4.8 kB | 1.2/2.1 MB | 261/287 kB
Progress (5): 4.8 kB | 49 kB | 4.8 kB | 1.2/2.1 MB | 261/287 kB
Progress (5): 4.8 kB | 49 kB | 4.8 kB | 1.2/2.1 MB | 261/287 kB
Progress (5): 4.8 kB | 49 kB | 4.8 kB | 1.3/2.1 MB | 261/287 kB
Progress (5): 4.8 kB | 49 kB | 4.8 kB | 1.3/2.1 MB | 261/287 kB
Progress (5): 4.8 kB | 49 kB | 4.8 kB | 1.3/2.1 MB | 261/287 kB
Progress (5): 4.8 kB | 49 kB | 4.8 kB | 1.3/2.1 MB | 261/287 kB
Progress (5): 4.8 kB | 49 kB | 4.8 kB | 1.3/2.1 MB | 261/287 kB
Progress (5): 4.8 kB | 49 kB | 4.8 kB | 1.3/2.1 MB | 261/287 kB
Progress (5): 4.8 kB | 49 kB | 4.8 kB | 1.4/2.1 MB | 261/287 kB
Progress (5): 4.8 kB | 49 kB | 4.8 kB | 1.4/2.1 MB | 277/287 kB
Progress (5): 4.8 kB | 49 kB | 4.8 kB | 1.4/2.1 MB | 277/287 kB
Progress (5): 4.8 kB | 49 kB | 4.8 kB | 1.4/2.1 MB | 287 kB    
Progress (5): 4.8 kB | 49 kB | 4.8 kB | 1.4/2.1 MB | 287 kB
Progress (5): 4.8 kB | 49 kB | 4.8 kB | 1.4/2.1 MB | 287 kB
Progress (5): 4.8 kB | 49 kB | 4.8 kB | 1.4/2.1 MB | 287 kB
Progress (5): 4.8 kB | 49 kB | 4.8 kB | 1.4/2.1 MB | 287 kB
Progress (5): 4.8 kB | 49 kB | 4.8 kB | 1.5/2.1 MB | 287 kB
Progress (5): 4.8 kB | 49 kB | 4.8 kB | 1.5/2.1 MB | 287 kB
Progress (5): 4.8 kB | 49 kB | 4.8 kB | 1.5/2.1 MB | 287 kB
Progress (5): 4.8 kB | 49 kB | 4.8 kB | 1.5/2.1 MB | 287 kB
Progress (5): 4.8 kB | 49 kB | 4.8 kB | 1.5/2.1 MB | 287 kB
Progress (5): 4.8 kB | 49 kB | 4.8 kB | 1.5/2.1 MB | 287 kB
Progress (5): 4.8 kB | 49 kB | 4.8 kB | 1.6/2.1 MB | 287 kB
Progress (5): 4.8 kB | 49 kB | 4.8 kB | 1.6/2.1 MB | 287 kB
Progress (5): 4.8 kB | 49 kB | 4.8 kB | 1.6/2.1 MB | 287 kB
Progress (5): 4.8 kB | 49 kB | 4.8 kB | 1.6/2.1 MB | 287 kB
Progress (5): 4.8 kB | 49 kB | 4.8 kB | 1.6/2.1 MB | 287 kB
Progress (5): 4.8 kB | 49 kB | 4.8 kB | 1.6/2.1 MB | 287 kB
Progress (5): 4.8 kB | 49 kB | 4.8 kB | 1.7/2.1 MB | 287 kB
Progress (5): 4.8 kB | 49 kB | 4.8 kB | 1.7/2.1 MB | 287 kB
Progress (5): 4.8 kB | 49 kB | 4.8 kB | 1.7/2.1 MB | 287 kB
Progress (5): 4.8 kB | 49 kB | 4.8 kB | 1.7/2.1 MB | 287 kB
Progress (5): 4.8 kB | 49 kB | 4.8 kB | 1.7/2.1 MB | 287 kB
Progress (5): 4.8 kB | 49 kB | 4.8 kB | 1.7/2.1 MB | 287 kB
Progress (5): 4.8 kB | 49 kB | 4.8 kB | 1.8/2.1 MB | 287 kB
Progress (5): 4.8 kB | 49 kB | 4.8 kB | 1.8/2.1 MB | 287 kB
Progress (5): 4.8 kB | 49 kB | 4.8 kB | 1.8/2.1 MB | 287 kB
Progress (5): 4.8 kB | 49 kB | 4.8 kB | 1.8/2.1 MB | 287 kB
                                                           
Downloaded from aliyunmaven: https://maven.aliyun.com/repository/public/org/springframework/boot/spring-boot-starter-logging/3.5.15/spring-boot-starter-logging-3.5.15.jar (4.8 kB at 16 kB/s)
Downloading from aliyunmaven: https://maven.aliyun.com/repository/public/ch/qos/logback/logback-core/1.5.34/logback-core-1.5.34.jar
Progress (4): 4.8 kB | 49 kB | 1.8/2.1 MB | 287 kB
Progress (4): 4.8 kB | 49 kB | 1.8/2.1 MB | 287 kB
Progress (4): 4.8 kB | 49 kB | 1.9/2.1 MB | 287 kB
Progress (4): 4.8 kB | 49 kB | 1.9/2.1 MB | 287 kB
Progress (4): 4.8 kB | 49 kB | 1.9/2.1 MB | 287 kB
Progress (4): 4.8 kB | 49 kB | 1.9/2.1 MB | 287 kB
Progress (4): 4.8 kB | 49 kB | 1.9/2.1 MB | 287 kB
Progress (4): 4.8 kB | 49 kB | 1.9/2.1 MB | 287 kB
Progress (4): 4.8 kB | 49 kB | 1.9/2.1 MB | 287 kB
Progress (4): 4.8 kB | 49 kB | 2.0/2.1 MB | 287 kB
Progress (4): 4.8 kB | 49 kB | 2.0/2.1 MB | 287 kB
Progress (4): 4.8 kB | 49 kB | 2.0/2.1 MB | 287 kB
Progress (4): 4.8 kB | 49 kB | 2.0/2.1 MB | 287 kB
Progress (4): 4.8 kB | 49 kB | 2.0/2.1 MB | 287 kB
Progress (4): 4.8 kB | 49 kB | 2.0/2.1 MB | 287 kB
Progress (4): 4.8 kB | 49 kB | 2.1/2.1 MB | 287 kB
Progress (4): 4.8 kB | 49 kB | 2.1/2.1 MB | 287 kB
Progress (4): 4.8 kB | 49 kB | 2.1 MB | 287 kB    
                                              
Downloaded from aliyunmaven: https://maven.aliyun.com/repository/public/org/springframework/boot/spring-boot-starter/3.5.15/spring-boot-starter-3.5.15.jar (4.8 kB at 16 kB/s)
Downloading from aliyunmaven: https://maven.aliyun.com/repository/public/org/apache/logging/log4j/log4j-to-slf4j/2.24.3/log4j-to-slf4j-2.24.3.jar
Progress (4): 49 kB | 2.1 MB | 287 kB | 7.2/24 kB
Progress (4): 49 kB | 2.1 MB | 287 kB | 15/24 kB 
Progress (4): 49 kB | 2.1 MB | 287 kB | 24 kB   
Progress (5): 49 kB | 2.1 MB | 287 kB | 24 kB | 1.9/645 kB
Progress (5): 49 kB | 2.1 MB | 287 kB | 24 kB | 18/645 kB 
Progress (5): 49 kB | 2.1 MB | 287 kB | 24 kB | 35/645 kB
Progress (5): 49 kB | 2.1 MB | 287 kB | 24 kB | 51/645 kB
Progress (5): 49 kB | 2.1 MB | 287 kB | 24 kB | 67/645 kB
Progress (5): 49 kB | 2.1 MB | 287 kB | 24 kB | 84/645 kB
Progress (5): 49 kB | 2.1 MB | 287 kB | 24 kB | 100/645 kB
Progress (5): 49 kB | 2.1 MB | 287 kB | 24 kB | 117/645 kB
Progress (5): 49 kB | 2.1 MB | 287 kB | 24 kB | 133/645 kB
                                                          
Downloaded from aliyunmaven: https://maven.aliyun.com/repository/public/org/springframework/boot/spring-boot-autoconfigure/3.5.15/spring-boot-autoconfigure-3.5.15.jar (2.1 MB at 6.0 MB/s)
Downloading from aliyunmaven: https://maven.aliyun.com/repository/public/org/apache/logging/log4j/log4j-api/2.24.3/log4j-api-2.24.3.jar
Progress (4): 49 kB | 287 kB | 24 kB | 149/645 kB
Progress (4): 49 kB | 287 kB | 24 kB | 166/645 kB
Progress (4): 49 kB | 287 kB | 24 kB | 182/645 kB
Progress (4): 49 kB | 287 kB | 24 kB | 198/645 kB
Progress (4): 49 kB | 287 kB | 24 kB | 215/645 kB
Progress (4): 49 kB | 287 kB | 24 kB | 231/645 kB
Progress (4): 49 kB | 287 kB | 24 kB | 248/645 kB
Progress (4): 49 kB | 287 kB | 24 kB | 264/645 kB
                                                 
Downloaded from aliyunmaven: https://maven.aliyun.com/repository/public/ch/qos/logback/logback-classic/1.5.34/logback-classic-1.5.34.jar (287 kB at 808 kB/s)
Downloading from aliyunmaven: https://maven.aliyun.com/repository/public/org/slf4j/jul-to-slf4j/2.0.18/jul-to-slf4j-2.0.18.jar
Progress (3): 49 kB | 24 kB | 280/645 kB
Progress (3): 49 kB | 24 kB | 297/645 kB
Progress (3): 49 kB | 24 kB | 313/645 kB
Progress (3): 49 kB | 24 kB | 330/645 kB
Progress (3): 49 kB | 24 kB | 346/645 kB
Progress (3): 49 kB | 24 kB | 362/645 kB
Progress (3): 49 kB | 24 kB | 379/645 kB
Progress (4): 49 kB | 24 kB | 379/645 kB | 0.4/349 kB
Progress (4): 49 kB | 24 kB | 379/645 kB | 17/349 kB 
Progress (4): 49 kB | 24 kB | 379/645 kB | 33/349 kB
Progress (4): 49 kB | 24 kB | 379/645 kB | 50/349 kB
Progress (4): 49 kB | 24 kB | 379/645 kB | 66/349 kB
Progress (4): 49 kB | 24 kB | 379/645 kB | 82/349 kB
Progress (4): 49 kB | 24 kB | 379/645 kB | 99/349 kB
Progress (4): 49 kB | 24 kB | 379/645 kB | 115/349 kB
Progress (4): 49 kB | 24 kB | 379/645 kB | 131/349 kB
Progress (4): 49 kB | 24 kB | 379/645 kB | 148/349 kB
Progress (4): 49 kB | 24 kB | 395/645 kB | 148/349 kB
Progress (4): 49 kB | 24 kB | 395/645 kB | 164/349 kB
Progress (4): 49 kB | 24 kB | 411/645 kB | 164/349 kB
Progress (4): 49 kB | 24 kB | 411/645 kB | 181/349 kB
Progress (4): 49 kB | 24 kB | 411/645 kB | 197/349 kB
Progress (4): 49 kB | 24 kB | 411/645 kB | 213/349 kB
Progress (4): 49 kB | 24 kB | 428/645 kB | 213/349 kB
Progress (4): 49 kB | 24 kB | 428/645 kB | 230/349 kB
Progress (4): 49 kB | 24 kB | 444/645 kB | 230/349 kB
Progress (4): 49 kB | 24 kB | 444/645 kB | 246/349 kB
Progress (4): 49 kB | 24 kB | 444/645 kB | 263/349 kB
Progress (4): 49 kB | 24 kB | 461/645 kB | 263/349 kB
Progress (4): 49 kB | 24 kB | 461/645 kB | 279/349 kB
Progress (4): 49 kB | 24 kB | 461/645 kB | 295/349 kB
Progress (4): 49 kB | 24 kB | 477/645 kB | 295/349 kB
Progress (4): 49 kB | 24 kB | 477/645 kB | 312/349 kB
Progress (4): 49 kB | 24 kB | 493/645 kB | 312/349 kB
Progress (4): 49 kB | 24 kB | 493/645 kB | 328/349 kB
Progress (4): 49 kB | 24 kB | 493/645 kB | 344/349 kB
Progress (4): 49 kB | 24 kB | 510/645 kB | 344/349 kB
Progress (4): 49 kB | 24 kB | 510/645 kB | 349 kB    
Progress (4): 49 kB | 24 kB | 524/645 kB | 349 kB
Progress (4): 49 kB | 24 kB | 526/645 kB | 349 kB
Progress (4): 49 kB | 24 kB | 543/645 kB | 349 kB
Progress (4): 49 kB | 24 kB | 557/645 kB | 349 kB
Progress (4): 49 kB | 24 kB | 573/645 kB | 349 kB
Progress (4): 49 kB | 24 kB | 590/645 kB | 349 kB
Progress (4): 49 kB | 24 kB | 606/645 kB | 349 kB
Progress (5): 49 kB | 24 kB | 606/645 kB | 349 kB | 6.3 kB
Progress (5): 49 kB | 24 kB | 623/645 kB | 349 kB | 6.3 kB
Progress (5): 49 kB | 24 kB | 639/645 kB | 349 kB | 6.3 kB
Progress (5): 49 kB | 24 kB | 645 kB | 349 kB | 6.3 kB    
                                                      
Downloaded from aliyunmaven: https://maven.aliyun.com/repository/public/org/apache/logging/log4j/log4j-api/2.24.3/log4j-api-2.24.3.jar (349 kB at 867 kB/s)
Downloading from aliyunmaven: https://maven.aliyun.com/repository/public/jakarta/annotation/jakarta.annotation-api/2.1.1/jakarta.annotation-api-2.1.1.jar
Progress (5): 49 kB | 24 kB | 645 kB | 6.3 kB | 0.5/26 kB
Progress (5): 49 kB | 24 kB | 645 kB | 6.3 kB | 17/26 kB 
Progress (5): 49 kB | 24 kB | 645 kB | 6.3 kB | 26 kB   
                                                     
Downloaded from aliyunmaven: https://maven.aliyun.com/repository/public/org/slf4j/jul-to-slf4j/2.0.18/jul-to-slf4j-2.0.18.jar (6.3 kB at 15 kB/s)
Downloading from aliyunmaven: https://maven.aliyun.com/repository/public/org/yaml/snakeyaml/2.4/snakeyaml-2.4.jar
Progress (5): 49 kB | 24 kB | 645 kB | 26 kB | 7.2/340 kB
Progress (5): 49 kB | 24 kB | 645 kB | 26 kB | 15/340 kB 
Progress (5): 49 kB | 24 kB | 645 kB | 26 kB | 32/340 kB
Progress (5): 49 kB | 24 kB | 645 kB | 26 kB | 48/340 kB
Progress (5): 49 kB | 24 kB | 645 kB | 26 kB | 64/340 kB
Progress (5): 49 kB | 24 kB | 645 kB | 26 kB | 81/340 kB
Progress (5): 49 kB | 24 kB | 645 kB | 26 kB | 97/340 kB
Progress (5): 49 kB | 24 kB | 645 kB | 26 kB | 114/340 kB
Progress (5): 49 kB | 24 kB | 645 kB | 26 kB | 130/340 kB
Progress (5): 49 kB | 24 kB | 645 kB | 26 kB | 146/340 kB
Progress (5): 49 kB | 24 kB | 645 kB | 26 kB | 163/340 kB
Progress (5): 49 kB | 24 kB | 645 kB | 26 kB | 179/340 kB
Progress (5): 49 kB | 24 kB | 645 kB | 26 kB | 196/340 kB
Progress (5): 49 kB | 24 kB | 645 kB | 26 kB | 212/340 kB
Progress (5): 49 kB | 24 kB | 645 kB | 26 kB | 228/340 kB
Progress (5): 49 kB | 24 kB | 645 kB | 26 kB | 245/340 kB
Progress (5): 49 kB | 24 kB | 645 kB | 26 kB | 261/340 kB
Progress (5): 49 kB | 24 kB | 645 kB | 26 kB | 277/340 kB
Progress (5): 49 kB | 24 kB | 645 kB | 26 kB | 294/340 kB
Progress (5): 49 kB | 24 kB | 645 kB | 26 kB | 310/340 kB
Progress (5): 49 kB | 24 kB | 645 kB | 26 kB | 327/340 kB
Progress (5): 49 kB | 24 kB | 645 kB | 26 kB | 340 kB    
                                                     
Downloaded from aliyunmaven: https://maven.aliyun.com/repository/public/org/apache/logging/log4j/log4j-to-slf4j/2.24.3/log4j-to-slf4j-2.24.3.jar (24 kB at 47 kB/s)
Downloading from aliyunmaven: https://maven.aliyun.com/repository/public/org/springframework/boot/spring-boot-test/3.5.15/spring-boot-test-3.5.15.jar
Progress (5): 49 kB | 645 kB | 26 kB | 340 kB | 1.9/258 kB
Progress (5): 49 kB | 645 kB | 26 kB | 340 kB | 18/258 kB 
Progress (5): 49 kB | 645 kB | 26 kB | 340 kB | 35/258 kB
Progress (5): 49 kB | 645 kB | 26 kB | 340 kB | 51/258 kB
Progress (5): 49 kB | 645 kB | 26 kB | 340 kB | 67/258 kB
Progress (5): 49 kB | 645 kB | 26 kB | 340 kB | 84/258 kB
Progress (5): 49 kB | 645 kB | 26 kB | 340 kB | 100/258 kB
Progress (5): 49 kB | 645 kB | 26 kB | 340 kB | 117/258 kB
Progress (5): 49 kB | 645 kB | 26 kB | 340 kB | 133/258 kB
Progress (5): 49 kB | 645 kB | 26 kB | 340 kB | 149/258 kB
Progress (5): 49 kB | 645 kB | 26 kB | 340 kB | 166/258 kB
Progress (5): 49 kB | 645 kB | 26 kB | 340 kB | 182/258 kB
Progress (5): 49 kB | 645 kB | 26 kB | 340 kB | 198/258 kB
Progress (5): 49 kB | 645 kB | 26 kB | 340 kB | 215/258 kB
Progress (5): 49 kB | 645 kB | 26 kB | 340 kB | 224/258 kB
Progress (5): 49 kB | 645 kB | 26 kB | 340 kB | 240/258 kB
Progress (5): 49 kB | 645 kB | 26 kB | 340 kB | 247/258 kB
Progress (5): 49 kB | 645 kB | 26 kB | 340 kB | 258 kB    
                                                      
Downloaded from aliyunmaven: https://maven.aliyun.com/repository/public/org/yaml/snakeyaml/2.4/snakeyaml-2.4.jar (340 kB at 599 kB/s)
Downloading from aliyunmaven: https://maven.aliyun.com/repository/public/org/springframework/boot/spring-boot-test-autoconfigure/3.5.15/spring-boot-test-autoconfigure-3.5.15.jar
Progress (5): 49 kB | 645 kB | 26 kB | 258 kB | 7.3/230 kB
Progress (5): 49 kB | 645 kB | 26 kB | 258 kB | 15/230 kB 
Progress (5): 49 kB | 645 kB | 26 kB | 258 kB | 32/230 kB
Progress (5): 49 kB | 645 kB | 26 kB | 258 kB | 48/230 kB
Progress (5): 49 kB | 645 kB | 26 kB | 258 kB | 64/230 kB
Progress (5): 49 kB | 645 kB | 26 kB | 258 kB | 81/230 kB
Progress (5): 49 kB | 645 kB | 26 kB | 258 kB | 97/230 kB
Progress (5): 49 kB | 645 kB | 26 kB | 258 kB | 114/230 kB
Progress (5): 49 kB | 645 kB | 26 kB | 258 kB | 130/230 kB
Progress (5): 49 kB | 645 kB | 26 kB | 258 kB | 146/230 kB
Progress (5): 49 kB | 645 kB | 26 kB | 258 kB | 163/230 kB
Progress (5): 49 kB | 645 kB | 26 kB | 258 kB | 179/230 kB
Progress (5): 49 kB | 645 kB | 26 kB | 258 kB | 196/230 kB
Progress (5): 49 kB | 645 kB | 26 kB | 258 kB | 212/230 kB
Progress (5): 49 kB | 645 kB | 26 kB | 258 kB | 228/230 kB
Progress (5): 49 kB | 645 kB | 26 kB | 258 kB | 230 kB    
                                                      
Downloaded from aliyunmaven: https://maven.aliyun.com/repository/public/ch/qos/logback/logback-core/1.5.34/logback-core-1.5.34.jar (645 kB at 1.1 MB/s)
Downloading from aliyunmaven: https://maven.aliyun.com/repository/public/com/jayway/jsonpath/json-path/2.9.0/json-path-2.9.0.jar
Downloaded from aliyunmaven: https://maven.aliyun.com/repository/public/jakarta/annotation/jakarta.annotation-api/2.1.1/jakarta.annotation-api-2.1.1.jar (26 kB at 42 kB/s)
Downloading from aliyunmaven: https://maven.aliyun.com/repository/public/org/slf4j/slf4j-api/2.0.18/slf4j-api-2.0.18.jar
Progress (4): 49 kB | 258 kB | 230 kB | 7.3/70 kB
Progress (4): 49 kB | 258 kB | 230 kB | 15/70 kB 
Progress (4): 49 kB | 258 kB | 230 kB | 32/70 kB
Progress (4): 49 kB | 258 kB | 230 kB | 48/70 kB
Progress (4): 49 kB | 258 kB | 230 kB | 64/70 kB
Progress (4): 49 kB | 258 kB | 230 kB | 70 kB   
Progress (5): 49 kB | 258 kB | 230 kB | 70 kB | 7.3/277 kB
Progress (5): 49 kB | 258 kB | 230 kB | 70 kB | 7.8/277 kB
Progress (5): 49 kB | 258 kB | 230 kB | 70 kB | 24/277 kB 
Progress (5): 49 kB | 258 kB | 230 kB | 70 kB | 41/277 kB
Progress (5): 49 kB | 258 kB | 230 kB | 70 kB | 57/277 kB
Progress (5): 49 kB | 258 kB | 230 kB | 70 kB | 73/277 kB
Progress (5): 49 kB | 258 kB | 230 kB | 70 kB | 90/277 kB
Progress (5): 49 kB | 258 kB | 230 kB | 70 kB | 106/277 kB
Progress (5): 49 kB | 258 kB | 230 kB | 70 kB | 122/277 kB
Progress (5): 49 kB | 258 kB | 230 kB | 70 kB | 139/277 kB
Progress (5): 49 kB | 258 kB | 230 kB | 70 kB | 155/277 kB
Progress (5): 49 kB | 258 kB | 230 kB | 70 kB | 172/277 kB
Progress (5): 49 kB | 258 kB | 230 kB | 70 kB | 188/277 kB
Progress (5): 49 kB | 258 kB | 230 kB | 70 kB | 204/277 kB
Progress (5): 49 kB | 258 kB | 230 kB | 70 kB | 221/277 kB
Progress (5): 49 kB | 258 kB | 230 kB | 70 kB | 237/277 kB
Progress (5): 49 kB | 258 kB | 230 kB | 70 kB | 254/277 kB
Progress (5): 49 kB | 258 kB | 230 kB | 70 kB | 270/277 kB
Progress (5): 49 kB | 258 kB | 230 kB | 70 kB | 277 kB    
                                                      
Downloaded from aliyunmaven: https://maven.aliyun.com/repository/public/org/slf4j/slf4j-api/2.0.18/slf4j-api-2.0.18.jar (70 kB at 105 kB/s)
Downloading from aliyunmaven: https://maven.aliyun.com/repository/public/jakarta/xml/bind/jakarta.xml.bind-api/4.0.5/jakarta.xml.bind-api-4.0.5.jar
Progress (5): 49 kB | 258 kB | 230 kB | 277 kB | 7.2/131 kB
Progress (5): 49 kB | 258 kB | 230 kB | 277 kB | 15/131 kB 
Progress (5): 49 kB | 258 kB | 230 kB | 277 kB | 32/131 kB
Progress (5): 49 kB | 258 kB | 230 kB | 277 kB | 48/131 kB
Progress (5): 49 kB | 258 kB | 230 kB | 277 kB | 64/131 kB
Progress (5): 49 kB | 258 kB | 230 kB | 277 kB | 81/131 kB
Progress (5): 49 kB | 258 kB | 230 kB | 277 kB | 97/131 kB
Progress (5): 49 kB | 258 kB | 230 kB | 277 kB | 114/131 kB
Progress (5): 49 kB | 258 kB | 230 kB | 277 kB | 130/131 kB
Progress (5): 49 kB | 258 kB | 230 kB | 277 kB | 131 kB    
                                                       
Downloaded from aliyunmaven: https://maven.aliyun.com/repository/public/io/micrometer/micrometer-commons/1.15.12/micrometer-commons-1.15.12.jar (49 kB at 72 kB/s)
Downloading from aliyunmaven: https://maven.aliyun.com/repository/public/jakarta/activation/jakarta.activation-api/2.1.4/jakarta.activation-api-2.1.4.jar
Downloaded from aliyunmaven: https://maven.aliyun.com/repository/public/com/jayway/jsonpath/json-path/2.9.0/json-path-2.9.0.jar (277 kB at 402 kB/s)
Downloading from aliyunmaven: https://maven.aliyun.com/repository/public/net/minidev/json-smart/2.5.2/json-smart-2.5.2.jar
Progress (4): 258 kB | 230 kB | 131 kB | 1.8/67 kB
Progress (4): 258 kB | 230 kB | 131 kB | 18/67 kB 
Progress (4): 258 kB | 230 kB | 131 kB | 35/67 kB
Progress (4): 258 kB | 230 kB | 131 kB | 51/67 kB
Progress (4): 258 kB | 230 kB | 131 kB | 67/67 kB
Progress (4): 258 kB | 230 kB | 131 kB | 67 kB   
Progress (5): 258 kB | 230 kB | 131 kB | 67 kB | 7.2/122 kB
Progress (5): 258 kB | 230 kB | 131 kB | 67 kB | 15/122 kB 
Progress (5): 258 kB | 230 kB | 131 kB | 67 kB | 32/122 kB
Progress (5): 258 kB | 230 kB | 131 kB | 67 kB | 48/122 kB
Progress (5): 258 kB | 230 kB | 131 kB | 67 kB | 64/122 kB
Progress (5): 258 kB | 230 kB | 131 kB | 67 kB | 81/122 kB
Progress (5): 258 kB | 230 kB | 131 kB | 67 kB | 97/122 kB
Progress (5): 258 kB | 230 kB | 131 kB | 67 kB | 114/122 kB
Progress (5): 258 kB | 230 kB | 131 kB | 67 kB | 122 kB    
                                                       
Downloaded from aliyunmaven: https://maven.aliyun.com/repository/public/org/springframework/boot/spring-boot-test/3.5.15/spring-boot-test-3.5.15.jar (258 kB at 359 kB/s)
Downloading from aliyunmaven: https://maven.aliyun.com/repository/public/net/minidev/accessors-smart/2.5.2/accessors-smart-2.5.2.jar
Progress (5): 230 kB | 131 kB | 67 kB | 122 kB | 7.3/30 kB
Progress (5): 230 kB | 131 kB | 67 kB | 122 kB | 15/30 kB 
Progress (5): 230 kB | 131 kB | 67 kB | 122 kB | 30 kB   
                                                      
Downloaded from aliyunmaven: https://maven.aliyun.com/repository/public/jakarta/activation/jakarta.activation-api/2.1.4/jakarta.activation-api-2.1.4.jar (67 kB at 92 kB/s)
Downloading from aliyunmaven: https://maven.aliyun.com/repository/public/org/ow2/asm/asm/9.7.1/asm-9.7.1.jar
Downloaded from aliyunmaven: https://maven.aliyun.com/repository/public/net/minidev/json-smart/2.5.2/json-smart-2.5.2.jar (122 kB at 166 kB/s)
Downloading from aliyunmaven: https://maven.aliyun.com/repository/public/org/assertj/assertj-core/3.27.7/assertj-core-3.27.7.jar
Downloaded from aliyunmaven: https://maven.aliyun.com/repository/public/org/springframework/boot/spring-boot-test-autoconfigure/3.5.15/spring-boot-test-autoconfigure-3.5.15.jar (230 kB at 307 kB/s)
Downloading from aliyunmaven: https://maven.aliyun.com/repository/public/net/bytebuddy/byte-buddy/1.17.8/byte-buddy-1.17.8.jar
Progress (3): 131 kB | 30 kB | 0/1.4 MB
Progress (3): 131 kB | 30 kB | 0/1.4 MB
Progress (3): 131 kB | 30 kB | 0/1.4 MB
Progress (3): 131 kB | 30 kB | 0/1.4 MB
Progress (3): 131 kB | 30 kB | 0.1/1.4 MB
Progress (3): 131 kB | 30 kB | 0.1/1.4 MB
Progress (3): 131 kB | 30 kB | 0.1/1.4 MB
Progress (3): 131 kB | 30 kB | 0.1/1.4 MB
Progress (3): 131 kB | 30 kB | 0.1/1.4 MB
Progress (3): 131 kB | 30 kB | 0.1/1.4 MB
Progress (3): 131 kB | 30 kB | 0.2/1.4 MB
Progress (3): 131 kB | 30 kB | 0.2/1.4 MB
Progress (3): 131 kB | 30 kB | 0.2/1.4 MB
Progress (3): 131 kB | 30 kB | 0.2/1.4 MB
Progress (3): 131 kB | 30 kB | 0.2/1.4 MB
Progress (3): 131 kB | 30 kB | 0.2/1.4 MB
Progress (3): 131 kB | 30 kB | 0.3/1.4 MB
Progress (3): 131 kB | 30 kB | 0.3/1.4 MB
Progress (3): 131 kB | 30 kB | 0.3/1.4 MB
Progress (3): 131 kB | 30 kB | 0.3/1.4 MB
Progress (3): 131 kB | 30 kB | 0.3/1.4 MB
Progress (3): 131 kB | 30 kB | 0.3/1.4 MB
Progress (3): 131 kB | 30 kB | 0.4/1.4 MB
Progress (3): 131 kB | 30 kB | 0.4/1.4 MB
Progress (3): 131 kB | 30 kB | 0.4/1.4 MB
Progress (3): 131 kB | 30 kB | 0.4/1.4 MB
Progress (3): 131 kB | 30 kB | 0.4/1.4 MB
Progress (3): 131 kB | 30 kB | 0.4/1.4 MB
Progress (3): 131 kB | 30 kB | 0.5/1.4 MB
Progress (3): 131 kB | 30 kB | 0.5/1.4 MB
Progress (3): 131 kB | 30 kB | 0.5/1.4 MB
Progress (3): 131 kB | 30 kB | 0.5/1.4 MB
Progress (3): 131 kB | 30 kB | 0.5/1.4 MB
Progress (3): 131 kB | 30 kB | 0.5/1.4 MB
Progress (3): 131 kB | 30 kB | 0.5/1.4 MB
Progress (4): 131 kB | 30 kB | 0.5/1.4 MB | 7.2/126 kB
Progress (4): 131 kB | 30 kB | 0.5/1.4 MB | 15/126 kB 
Progress (4): 131 kB | 30 kB | 0.5/1.4 MB | 32/126 kB
Progress (4): 131 kB | 30 kB | 0.5/1.4 MB | 48/126 kB
Progress (4): 131 kB | 30 kB | 0.5/1.4 MB | 64/126 kB
Progress (4): 131 kB | 30 kB | 0.5/1.4 MB | 81/126 kB
Progress (4): 131 kB | 30 kB | 0.5/1.4 MB | 97/126 kB
Progress (4): 131 kB | 30 kB | 0.6/1.4 MB | 97/126 kB
Progress (4): 131 kB | 30 kB | 0.6/1.4 MB | 114/126 kB
Progress (4): 131 kB | 30 kB | 0.6/1.4 MB | 114/126 kB
Progress (4): 131 kB | 30 kB | 0.6/1.4 MB | 126 kB    
Progress (4): 131 kB | 30 kB | 0.6/1.4 MB | 126 kB
Progress (4): 131 kB | 30 kB | 0.6/1.4 MB | 126 kB
Progress (4): 131 kB | 30 kB | 0.6/1.4 MB | 126 kB
Progress (4): 131 kB | 30 kB | 0.6/1.4 MB | 126 kB
Progress (4): 131 kB | 30 kB | 0.7/1.4 MB | 126 kB
Progress (4): 131 kB | 30 kB | 0.7/1.4 MB | 126 kB
Progress (4): 131 kB | 30 kB | 0.7/1.4 MB | 126 kB
Progress (4): 131 kB | 30 kB | 0.7/1.4 MB | 126 kB
Progress (4): 131 kB | 30 kB | 0.7/1.4 MB | 126 kB
Progress (4): 131 kB | 30 kB | 0.7/1.4 MB | 126 kB
Progress (4): 131 kB | 30 kB | 0.8/1.4 MB | 126 kB
Progress (4): 131 kB | 30 kB | 0.8/1.4 MB | 126 kB
Progress (4): 131 kB | 30 kB | 0.8/1.4 MB | 126 kB
Progress (4): 131 kB | 30 kB | 0.8/1.4 MB | 126 kB
Progress (4): 131 kB | 30 kB | 0.8/1.4 MB | 126 kB
Progress (4): 131 kB | 30 kB | 0.8/1.4 MB | 126 kB
Progress (4): 131 kB | 30 kB | 0.9/1.4 MB | 126 kB
Progress (4): 131 kB | 30 kB | 0.9/1.4 MB | 126 kB
Progress (4): 131 kB | 30 kB | 0.9/1.4 MB | 126 kB
Progress (4): 131 kB | 30 kB | 0.9/1.4 MB | 126 kB
Progress (4): 131 kB | 30 kB | 0.9/1.4 MB | 126 kB
Progress (4): 131 kB | 30 kB | 0.9/1.4 MB | 126 kB
Progress (4): 131 kB | 30 kB | 1.0/1.4 MB | 126 kB
Progress (4): 131 kB | 30 kB | 1.0/1.4 MB | 126 kB
Progress (4): 131 kB | 30 kB | 1.0/1.4 MB | 126 kB
Progress (4): 131 kB | 30 kB | 1.0/1.4 MB | 126 kB
Progress (4): 131 kB | 30 kB | 1.0/1.4 MB | 126 kB
Progress (4): 131 kB | 30 kB | 1.0/1.4 MB | 126 kB
Progress (4): 131 kB | 30 kB | 1.0/1.4 MB | 126 kB
Progress (4): 131 kB | 30 kB | 1.1/1.4 MB | 126 kB
Progress (4): 131 kB | 30 kB | 1.1/1.4 MB | 126 kB
Progress (4): 131 kB | 30 kB | 1.1/1.4 MB | 126 kB
Progress (4): 131 kB | 30 kB | 1.1/1.4 MB | 126 kB
Progress (4): 131 kB | 30 kB | 1.1/1.4 MB | 126 kB
Progress (4): 131 kB | 30 kB | 1.1/1.4 MB | 126 kB
Progress (4): 131 kB | 30 kB | 1.2/1.4 MB | 126 kB
Progress (4): 131 kB | 30 kB | 1.2/1.4 MB | 126 kB
Progress (4): 131 kB | 30 kB | 1.2/1.4 MB | 126 kB
Progress (4): 131 kB | 30 kB | 1.2/1.4 MB | 126 kB
Progress (4): 131 kB | 30 kB | 1.2/1.4 MB | 126 kB
Progress (4): 131 kB | 30 kB | 1.2/1.4 MB | 126 kB
Progress (4): 131 kB | 30 kB | 1.3/1.4 MB | 126 kB
Progress (4): 131 kB | 30 kB | 1.3/1.4 MB | 126 kB
Progress (4): 131 kB | 30 kB | 1.3/1.4 MB | 126 kB
Progress (4): 131 kB | 30 kB | 1.3/1.4 MB | 126 kB
Progress (4): 131 kB | 30 kB | 1.3/1.4 MB | 126 kB
Progress (4): 131 kB | 30 kB | 1.3/1.4 MB | 126 kB
Progress (4): 131 kB | 30 kB | 1.4/1.4 MB | 126 kB
Progress (4): 131 kB | 30 kB | 1.4/1.4 MB | 126 kB
Progress (4): 131 kB | 30 kB | 1.4/1.4 MB | 126 kB
Progress (5): 131 kB | 30 kB | 1.4/1.4 MB | 126 kB | 0/9.0 MB
Progress (5): 131 kB | 30 kB | 1.4/1.4 MB | 126 kB | 0/9.0 MB
Progress (5): 131 kB | 30 kB | 1.4 MB | 126 kB | 0/9.0 MB    
Progress (5): 131 kB | 30 kB | 1.4 MB | 126 kB | 0/9.0 MB
Progress (5): 131 kB | 30 kB | 1.4 MB | 126 kB | 0/9.0 MB
Progress (5): 131 kB | 30 kB | 1.4 MB | 126 kB | 0.1/9.0 MB
Progress (5): 131 kB | 30 kB | 1.4 MB | 126 kB | 0.1/9.0 MB
Progress (5): 131 kB | 30 kB | 1.4 MB | 126 kB | 0.1/9.0 MB
Progress (5): 131 kB | 30 kB | 1.4 MB | 126 kB | 0.1/9.0 MB
Progress (5): 131 kB | 30 kB | 1.4 MB | 126 kB | 0.1/9.0 MB
Progress (5): 131 kB | 30 kB | 1.4 MB | 126 kB | 0.1/9.0 MB
Progress (5): 131 kB | 30 kB | 1.4 MB | 126 kB | 0.2/9.0 MB
Progress (5): 131 kB | 30 kB | 1.4 MB | 126 kB | 0.2/9.0 MB
Progress (5): 131 kB | 30 kB | 1.4 MB | 126 kB | 0.2/9.0 MB
Progress (5): 131 kB | 30 kB | 1.4 MB | 126 kB | 0.2/9.0 MB
Progress (5): 131 kB | 30 kB | 1.4 MB | 126 kB | 0.2/9.0 MB
Progress (5): 131 kB | 30 kB | 1.4 MB | 126 kB | 0.2/9.0 MB
Progress (5): 131 kB | 30 kB | 1.4 MB | 126 kB | 0.3/9.0 MB
Progress (5): 131 kB | 30 kB | 1.4 MB | 126 kB | 0.3/9.0 MB
Progress (5): 131 kB | 30 kB | 1.4 MB | 126 kB | 0.3/9.0 MB
Progress (5): 131 kB | 30 kB | 1.4 MB | 126 kB | 0.3/9.0 MB
Progress (5): 131 kB | 30 kB | 1.4 MB | 126 kB | 0.3/9.0 MB
Progress (5): 131 kB | 30 kB | 1.4 MB | 126 kB | 0.3/9.0 MB
Progress (5): 131 kB | 30 kB | 1.4 MB | 126 kB | 0.3/9.0 MB
Progress (5): 131 kB | 30 kB | 1.4 MB | 126 kB | 0.4/9.0 MB
Progress (5): 131 kB | 30 kB | 1.4 MB | 126 kB | 0.4/9.0 MB
Progress (5): 131 kB | 30 kB | 1.4 MB | 126 kB | 0.4/9.0 MB
Progress (5): 131 kB | 30 kB | 1.4 MB | 126 kB | 0.4/9.0 MB
Progress (5): 131 kB | 30 kB | 1.4 MB | 126 kB | 0.4/9.0 MB
Progress (5): 131 kB | 30 kB | 1.4 MB | 126 kB | 0.4/9.0 MB
Progress (5): 131 kB | 30 kB | 1.4 MB | 126 kB | 0.4/9.0 MB
Progress (5): 131 kB | 30 kB | 1.4 MB | 126 kB | 0.5/9.0 MB
Progress (5): 131 kB | 30 kB | 1.4 MB | 126 kB | 0.5/9.0 MB
Progress (5): 131 kB | 30 kB | 1.4 MB | 126 kB | 0.5/9.0 MB
Progress (5): 131 kB | 30 kB | 1.4 MB | 126 kB | 0.5/9.0 MB
Progress (5): 131 kB | 30 kB | 1.4 MB | 126 kB | 0.5/9.0 MB
Progress (5): 131 kB | 30 kB | 1.4 MB | 126 kB | 0.5/9.0 MB
Progress (5): 131 kB | 30 kB | 1.4 MB | 126 kB | 0.6/9.0 MB
Progress (5): 131 kB | 30 kB | 1.4 MB | 126 kB | 0.6/9.0 MB
Progress (5): 131 kB | 30 kB | 1.4 MB | 126 kB | 0.6/9.0 MB
Progress (5): 131 kB | 30 kB | 1.4 MB | 126 kB | 0.6/9.0 MB
Progress (5): 131 kB | 30 kB | 1.4 MB | 126 kB | 0.6/9.0 MB
Progress (5): 131 kB | 30 kB | 1.4 MB | 126 kB | 0.6/9.0 MB
Progress (5): 131 kB | 30 kB | 1.4 MB | 126 kB | 0.7/9.0 MB
Progress (5): 131 kB | 30 kB | 1.4 MB | 126 kB | 0.7/9.0 MB
Progress (5): 131 kB | 30 kB | 1.4 MB | 126 kB | 0.7/9.0 MB
Progress (5): 131 kB | 30 kB | 1.4 MB | 126 kB | 0.7/9.0 MB
Progress (5): 131 kB | 30 kB | 1.4 MB | 126 kB | 0.7/9.0 MB
Progress (5): 131 kB | 30 kB | 1.4 MB | 126 kB | 0.7/9.0 MB
Progress (5): 131 kB | 30 kB | 1.4 MB | 126 kB | 0.8/9.0 MB
Progress (5): 131 kB | 30 kB | 1.4 MB | 126 kB | 0.8/9.0 MB
Progress (5): 131 kB | 30 kB | 1.4 MB | 126 kB | 0.8/9.0 MB
Progress (5): 131 kB | 30 kB | 1.4 MB | 126 kB | 0.8/9.0 MB
Progress (5): 131 kB | 30 kB | 1.4 MB | 126 kB | 0.8/9.0 MB
Progress (5): 131 kB | 30 kB | 1.4 MB | 126 kB | 0.8/9.0 MB
Progress (5): 131 kB | 30 kB | 1.4 MB | 126 kB | 0.9/9.0 MB
Progress (5): 131 kB | 30 kB | 1.4 MB | 126 kB | 0.9/9.0 MB
Progress (5): 131 kB | 30 kB | 1.4 MB | 126 kB | 0.9/9.0 MB
Progress (5): 131 kB | 30 kB | 1.4 MB | 126 kB | 0.9/9.0 MB
Progress (5): 131 kB | 30 kB | 1.4 MB | 126 kB | 0.9/9.0 MB
Progress (5): 131 kB | 30 kB | 1.4 MB | 126 kB | 0.9/9.0 MB
Progress (5): 131 kB | 30 kB | 1.4 MB | 126 kB | 1.0/9.0 MB
Progress (5): 131 kB | 30 kB | 1.4 MB | 126 kB | 1.0/9.0 MB
Progress (5): 131 kB | 30 kB | 1.4 MB | 126 kB | 1.0/9.0 MB
Progress (5): 131 kB | 30 kB | 1.4 MB | 126 kB | 1.0/9.0 MB
Progress (5): 131 kB | 30 kB | 1.4 MB | 126 kB | 1.0/9.0 MB
Progress (5): 131 kB | 30 kB | 1.4 MB | 126 kB | 1.0/9.0 MB
Progress (5): 131 kB | 30 kB | 1.4 MB | 126 kB | 1.1/9.0 MB
Progress (5): 131 kB | 30 kB | 1.4 MB | 126 kB | 1.1/9.0 MB
Progress (5): 131 kB | 30 kB | 1.4 MB | 126 kB | 1.1/9.0 MB
Progress (5): 131 kB | 30 kB | 1.4 MB | 126 kB | 1.1/9.0 MB
Progress (5): 131 kB | 30 kB | 1.4 MB | 126 kB | 1.1/9.0 MB
Progress (5): 131 kB | 30 kB | 1.4 MB | 126 kB | 1.1/9.0 MB
Progress (5): 131 kB | 30 kB | 1.4 MB | 126 kB | 1.1/9.0 MB
Progress (5): 131 kB | 30 kB | 1.4 MB | 126 kB | 1.2/9.0 MB
Progress (5): 131 kB | 30 kB | 1.4 MB | 126 kB | 1.2/9.0 MB
Progress (5): 131 kB | 30 kB | 1.4 MB | 126 kB | 1.2/9.0 MB
Progress (5): 131 kB | 30 kB | 1.4 MB | 126 kB | 1.2/9.0 MB
Progress (5): 131 kB | 30 kB | 1.4 MB | 126 kB | 1.2/9.0 MB
Progress (5): 131 kB | 30 kB | 1.4 MB | 126 kB | 1.2/9.0 MB
Progress (5): 131 kB | 30 kB | 1.4 MB | 126 kB | 1.3/9.0 MB
Progress (5): 131 kB | 30 kB | 1.4 MB | 126 kB | 1.3/9.0 MB
Progress (5): 131 kB | 30 kB | 1.4 MB | 126 kB | 1.3/9.0 MB
Progress (5): 131 kB | 30 kB | 1.4 MB | 126 kB | 1.3/9.0 MB
Progress (5): 131 kB | 30 kB | 1.4 MB | 126 kB | 1.3/9.0 MB
Progress (5): 131 kB | 30 kB | 1.4 MB | 126 kB | 1.3/9.0 MB
Progress (5): 131 kB | 30 kB | 1.4 MB | 126 kB | 1.4/9.0 MB
Progress (5): 131 kB | 30 kB | 1.4 MB | 126 kB | 1.4/9.0 MB
Progress (5): 131 kB | 30 kB | 1.4 MB | 126 kB | 1.4/9.0 MB
Progress (5): 131 kB | 30 kB | 1.4 MB | 126 kB | 1.4/9.0 MB
Progress (5): 131 kB | 30 kB | 1.4 MB | 126 kB | 1.4/9.0 MB
Progress (5): 131 kB | 30 kB | 1.4 MB | 126 kB | 1.4/9.0 MB
Progress (5): 131 kB | 30 kB | 1.4 MB | 126 kB | 1.5/9.0 MB
Progress (5): 131 kB | 30 kB | 1.4 MB | 126 kB | 1.5/9.0 MB
Progress (5): 131 kB | 30 kB | 1.4 MB | 126 kB | 1.5/9.0 MB
Progress (5): 131 kB | 30 kB | 1.4 MB | 126 kB | 1.5/9.0 MB
Progress (5): 131 kB | 30 kB | 1.4 MB | 126 kB | 1.5/9.0 MB
Progress (5): 131 kB | 30 kB | 1.4 MB | 126 kB | 1.5/9.0 MB
Progress (5): 131 kB | 30 kB | 1.4 MB | 126 kB | 1.6/9.0 MB
Progress (5): 131 kB | 30 kB | 1.4 MB | 126 kB | 1.6/9.0 MB
Progress (5): 131 kB | 30 kB | 1.4 MB | 126 kB | 1.6/9.0 MB
                                                           
Downloaded from aliyunmaven: https://maven.aliyun.com/repository/public/org/ow2/asm/asm/9.7.1/asm-9.7.1.jar (126 kB at 158 kB/s)
Downloading from aliyunmaven: https://maven.aliyun.com/repository/public/org/awaitility/awaitility/4.2.2/awaitility-4.2.2.jar
Progress (4): 131 kB | 30 kB | 1.4 MB | 1.6/9.0 MB
Progress (4): 131 kB | 30 kB | 1.4 MB | 1.6/9.0 MB
Progress (4): 131 kB | 30 kB | 1.4 MB | 1.6/9.0 MB
Progress (4): 131 kB | 30 kB | 1.4 MB | 1.7/9.0 MB
Progress (4): 131 kB | 30 kB | 1.4 MB | 1.7/9.0 MB
Progress (4): 131 kB | 30 kB | 1.4 MB | 1.7/9.0 MB
Progress (4): 131 kB | 30 kB | 1.4 MB | 1.7/9.0 MB
Progress (4): 131 kB | 30 kB | 1.4 MB | 1.7/9.0 MB
Progress (4): 131 kB | 30 kB | 1.4 MB | 1.7/9.0 MB
Progress (4): 131 kB | 30 kB | 1.4 MB | 1.8/9.0 MB
Progress (4): 131 kB | 30 kB | 1.4 MB | 1.8/9.0 MB
Progress (4): 131 kB | 30 kB | 1.4 MB | 1.8/9.0 MB
Progress (4): 131 kB | 30 kB | 1.4 MB | 1.8/9.0 MB
Progress (4): 131 kB | 30 kB | 1.4 MB | 1.8/9.0 MB
Progress (4): 131 kB | 30 kB | 1.4 MB | 1.8/9.0 MB
Progress (4): 131 kB | 30 kB | 1.4 MB | 1.9/9.0 MB
Progress (4): 131 kB | 30 kB | 1.4 MB | 1.9/9.0 MB
Progress (4): 131 kB | 30 kB | 1.4 MB | 1.9/9.0 MB
Progress (4): 131 kB | 30 kB | 1.4 MB | 1.9/9.0 MB
Progress (4): 131 kB | 30 kB | 1.4 MB | 1.9/9.0 MB
Progress (4): 131 kB | 30 kB | 1.4 MB | 1.9/9.0 MB
Progress (4): 131 kB | 30 kB | 1.4 MB | 2.0/9.0 MB
Progress (4): 131 kB | 30 kB | 1.4 MB | 2.0/9.0 MB
Progress (4): 131 kB | 30 kB | 1.4 MB | 2.0/9.0 MB
Progress (4): 131 kB | 30 kB | 1.4 MB | 2.0/9.0 MB
Progress (4): 131 kB | 30 kB | 1.4 MB | 2.0/9.0 MB
Progress (4): 131 kB | 30 kB | 1.4 MB | 2.0/9.0 MB
Progress (4): 131 kB | 30 kB | 1.4 MB | 2.1/9.0 MB
Progress (4): 131 kB | 30 kB | 1.4 MB | 2.1/9.0 MB
Progress (4): 131 kB | 30 kB | 1.4 MB | 2.1/9.0 MB
Progress (4): 131 kB | 30 kB | 1.4 MB | 2.1/9.0 MB
                                                  
Downloaded from aliyunmaven: https://maven.aliyun.com/repository/public/org/assertj/assertj-core/3.27.7/assertj-core-3.27.7.jar (1.4 MB at 1.7 MB/s)
Downloading from aliyunmaven: https://maven.aliyun.com/repository/public/org/hamcrest/hamcrest/3.0/hamcrest-3.0.jar
Progress (3): 131 kB | 30 kB | 2.1/9.0 MB
Progress (4): 131 kB | 30 kB | 2.1/9.0 MB | 7.3/97 kB
Progress (4): 131 kB | 30 kB | 2.1/9.0 MB | 7.3/97 kB
Progress (4): 131 kB | 30 kB | 2.1/9.0 MB | 15/97 kB 
Progress (4): 131 kB | 30 kB | 2.1/9.0 MB | 15/97 kB
Progress (4): 131 kB | 30 kB | 2.1/9.0 MB | 32/97 kB
Progress (4): 131 kB | 30 kB | 2.1/9.0 MB | 48/97 kB
Progress (4): 131 kB | 30 kB | 2.1/9.0 MB | 65/97 kB
Progress (4): 131 kB | 30 kB | 2.1/9.0 MB | 81/97 kB
Progress (4): 131 kB | 30 kB | 2.1/9.0 MB | 97 kB   
Progress (4): 131 kB | 30 kB | 2.2/9.0 MB | 97 kB
Progress (4): 131 kB | 30 kB | 2.2/9.0 MB | 97 kB
Progress (4): 131 kB | 30 kB | 2.2/9.0 MB | 97 kB
Progress (4): 131 kB | 30 kB | 2.2/9.0 MB | 97 kB
Progress (4): 131 kB | 30 kB | 2.2/9.0 MB | 97 kB
Progress (4): 131 kB | 30 kB | 2.2/9.0 MB | 97 kB
Progress (4): 131 kB | 30 kB | 2.3/9.0 MB | 97 kB
Progress (4): 131 kB | 30 kB | 2.3/9.0 MB | 97 kB
Progress (4): 131 kB | 30 kB | 2.3/9.0 MB | 97 kB
Progress (4): 131 kB | 30 kB | 2.3/9.0 MB | 97 kB
Progress (4): 131 kB | 30 kB | 2.3/9.0 MB | 97 kB
Progress (4): 131 kB | 30 kB | 2.3/9.0 MB | 97 kB
Progress (4): 131 kB | 30 kB | 2.4/9.0 MB | 97 kB
Progress (4): 131 kB | 30 kB | 2.4/9.0 MB | 97 kB
Progress (4): 131 kB | 30 kB | 2.4/9.0 MB | 97 kB
Progress (4): 131 kB | 30 kB | 2.4/9.0 MB | 97 kB
Progress (4): 131 kB | 30 kB | 2.4/9.0 MB | 97 kB
Progress (4): 131 kB | 30 kB | 2.4/9.0 MB | 97 kB
Progress (4): 131 kB | 30 kB | 2.5/9.0 MB | 97 kB
Progress (4): 131 kB | 30 kB | 2.5/9.0 MB | 97 kB
Progress (4): 131 kB | 30 kB | 2.5/9.0 MB | 97 kB
Progress (4): 131 kB | 30 kB | 2.5/9.0 MB | 97 kB
Progress (4): 131 kB | 30 kB | 2.5/9.0 MB | 97 kB
Progress (4): 131 kB | 30 kB | 2.5/9.0 MB | 97 kB
Progress (4): 131 kB | 30 kB | 2.6/9.0 MB | 97 kB
Progress (4): 131 kB | 30 kB | 2.6/9.0 MB | 97 kB
Progress (5): 131 kB | 30 kB | 2.6/9.0 MB | 97 kB | 0.4/126 kB
Progress (5): 131 kB | 30 kB | 2.6/9.0 MB | 97 kB | 0.4/126 kB
Progress (5): 131 kB | 30 kB | 2.6/9.0 MB | 97 kB | 0.4/126 kB
Progress (5): 131 kB | 30 kB | 2.6/9.0 MB | 97 kB | 17/126 kB 
Progress (5): 131 kB | 30 kB | 2.6/9.0 MB | 97 kB | 33/126 kB
Progress (5): 131 kB | 30 kB | 2.6/9.0 MB | 97 kB | 43/126 kB
Progress (5): 131 kB | 30 kB | 2.6/9.0 MB | 97 kB | 47/126 kB
Progress (5): 131 kB | 30 kB | 2.6/9.0 MB | 97 kB | 49/126 kB
Progress (5): 131 kB | 30 kB | 2.6/9.0 MB | 97 kB | 53/126 kB
Progress (5): 131 kB | 30 kB | 2.6/9.0 MB | 97 kB | 54/126 kB
Progress (5): 131 kB | 30 kB | 2.6/9.0 MB | 97 kB | 56/126 kB
Progress (5): 131 kB | 30 kB | 2.6/9.0 MB | 97 kB | 57/126 kB
Progress (5): 131 kB | 30 kB | 2.6/9.0 MB | 97 kB | 68/126 kB
Progress (5): 131 kB | 30 kB | 2.6/9.0 MB | 97 kB | 71/126 kB
Progress (5): 131 kB | 30 kB | 2.6/9.0 MB | 97 kB | 75/126 kB
Progress (5): 131 kB | 30 kB | 2.6/9.0 MB | 97 kB | 81/126 kB
Progress (5): 131 kB | 30 kB | 2.6/9.0 MB | 97 kB | 82/126 kB
Progress (5): 131 kB | 30 kB | 2.6/9.0 MB | 97 kB | 84/126 kB
Progress (5): 131 kB | 30 kB | 2.6/9.0 MB | 97 kB | 87/126 kB
Progress (5): 131 kB | 30 kB | 2.6/9.0 MB | 97 kB | 88/126 kB
Progress (5): 131 kB | 30 kB | 2.6/9.0 MB | 97 kB | 91/126 kB
Progress (5): 131 kB | 30 kB | 2.6/9.0 MB | 97 kB | 92/126 kB
Progress (5): 131 kB | 30 kB | 2.6/9.0 MB | 97 kB | 94/126 kB
Progress (5): 131 kB | 30 kB | 2.6/9.0 MB | 97 kB | 95/126 kB
Progress (5): 131 kB | 30 kB | 2.6/9.0 MB | 97 kB | 97/126 kB
Progress (5): 131 kB | 30 kB | 2.6/9.0 MB | 97 kB | 100/126 kB
Progress (5): 131 kB | 30 kB | 2.6/9.0 MB | 97 kB | 100/126 kB
Progress (5): 131 kB | 30 kB | 2.6/9.0 MB | 97 kB | 103/126 kB
Progress (5): 131 kB | 30 kB | 2.6/9.0 MB | 97 kB | 104/126 kB
Progress (5): 131 kB | 30 kB | 2.6/9.0 MB | 97 kB | 108/126 kB
Progress (5): 131 kB | 30 kB | 2.6/9.0 MB | 97 kB | 110/126 kB
Progress (5): 131 kB | 30 kB | 2.6/9.0 MB | 97 kB | 116/126 kB
Progress (5): 131 kB | 30 kB | 2.6/9.0 MB | 97 kB | 119/126 kB
Progress (5): 131 kB | 30 kB | 2.6/9.0 MB | 97 kB | 120/126 kB
Progress (5): 131 kB | 30 kB | 2.6/9.0 MB | 97 kB | 122/126 kB
Progress (5): 131 kB | 30 kB | 2.6/9.0 MB | 97 kB | 126 kB    
Progress (5): 131 kB | 30 kB | 2.6/9.0 MB | 97 kB | 126 kB
Progress (5): 131 kB | 30 kB | 2.7/9.0 MB | 97 kB | 126 kB
Progress (5): 131 kB | 30 kB | 2.7/9.0 MB | 97 kB | 126 kB
Progress (5): 131 kB | 30 kB | 2.7/9.0 MB | 97 kB | 126 kB
Progress (5): 131 kB | 30 kB | 2.7/9.0 MB | 97 kB | 126 kB
Progress (5): 131 kB | 30 kB | 2.7/9.0 MB | 97 kB | 126 kB
Progress (5): 131 kB | 30 kB | 2.7/9.0 MB | 97 kB | 126 kB
Progress (5): 131 kB | 30 kB | 2.8/9.0 MB | 97 kB | 126 kB
Progress (5): 131 kB | 30 kB | 2.8/9.0 MB | 97 kB | 126 kB
Progress (5): 131 kB | 30 kB | 2.8/9.0 MB | 97 kB | 126 kB
Progress (5): 131 kB | 30 kB | 2.8/9.0 MB | 97 kB | 126 kB
Progress (5): 131 kB | 30 kB | 2.8/9.0 MB | 97 kB | 126 kB
Progress (5): 131 kB | 30 kB | 2.8/9.0 MB | 97 kB | 126 kB
Progress (5): 131 kB | 30 kB | 2.9/9.0 MB | 97 kB | 126 kB
Progress (5): 131 kB | 30 kB | 2.9/9.0 MB | 97 kB | 126 kB
Progress (5): 131 kB | 30 kB | 2.9/9.0 MB | 97 kB | 126 kB
Progress (5): 131 kB | 30 kB | 2.9/9.0 MB | 97 kB | 126 kB
Progress (5): 131 kB | 30 kB | 2.9/9.0 MB | 97 kB | 126 kB
Progress (5): 131 kB | 30 kB | 2.9/9.0 MB | 97 kB | 126 kB
Progress (5): 131 kB | 30 kB | 2.9/9.0 MB | 97 kB | 126 kB
Progress (5): 131 kB | 30 kB | 3.0/9.0 MB | 97 kB | 126 kB
Progress (5): 131 kB | 30 kB | 3.0/9.0 MB | 97 kB | 126 kB
Progress (5): 131 kB | 30 kB | 3.0/9.0 MB | 97 kB | 126 kB
Progress (5): 131 kB | 30 kB | 3.0/9.0 MB | 97 kB | 126 kB
Progress (5): 131 kB | 30 kB | 3.0/9.0 MB | 97 kB | 126 kB
Progress (5): 131 kB | 30 kB | 3.0/9.0 MB | 97 kB | 126 kB
Progress (5): 131 kB | 30 kB | 3.1/9.0 MB | 97 kB | 126 kB
Progress (5): 131 kB | 30 kB | 3.1/9.0 MB | 97 kB | 126 kB
Progress (5): 131 kB | 30 kB | 3.1/9.0 MB | 97 kB | 126 kB
Progress (5): 131 kB | 30 kB | 3.1/9.0 MB | 97 kB | 126 kB
Progress (5): 131 kB | 30 kB | 3.1/9.0 MB | 97 kB | 126 kB
Progress (5): 131 kB | 30 kB | 3.1/9.0 MB | 97 kB | 126 kB
                                                          
Downloaded from aliyunmaven: https://maven.aliyun.com/repository/public/org/awaitility/awaitility/4.2.2/awaitility-4.2.2.jar (97 kB at 113 kB/s)
Downloading from aliyunmaven: https://maven.aliyun.com/repository/public/org/junit/jupiter/junit-jupiter/5.12.2/junit-jupiter-5.12.2.jar
Progress (5): 131 kB | 30 kB | 3.1/9.0 MB | 126 kB | 3.3/6.4 kB
Progress (5): 131 kB | 30 kB | 3.1/9.0 MB | 126 kB | 6.4 kB    
                                                           
Downloaded from aliyunmaven: https://maven.aliyun.com/repository/public/org/hamcrest/hamcrest/3.0/hamcrest-3.0.jar (126 kB at 144 kB/s)
Downloading from aliyunmaven: https://maven.aliyun.com/repository/public/org/junit/jupiter/junit-jupiter-api/5.12.2/junit-jupiter-api-5.12.2.jar
Progress (5): 131 kB | 30 kB | 3.1/9.0 MB | 6.4 kB | 7.2/233 kB
Progress (5): 131 kB | 30 kB | 3.1/9.0 MB | 6.4 kB | 15/233 kB 
Progress (5): 131 kB | 30 kB | 3.1/9.0 MB | 6.4 kB | 32/233 kB
Progress (5): 131 kB | 30 kB | 3.1/9.0 MB | 6.4 kB | 48/233 kB
Progress (5): 131 kB | 30 kB | 3.1/9.0 MB | 6.4 kB | 64/233 kB
Progress (5): 131 kB | 30 kB | 3.1/9.0 MB | 6.4 kB | 81/233 kB
Progress (5): 131 kB | 30 kB | 3.1/9.0 MB | 6.4 kB | 97/233 kB
Progress (5): 131 kB | 30 kB | 3.1/9.0 MB | 6.4 kB | 114/233 kB
Progress (5): 131 kB | 30 kB | 3.1/9.0 MB | 6.4 kB | 130/233 kB
Progress (5): 131 kB | 30 kB | 3.1/9.0 MB | 6.4 kB | 146/233 kB
Progress (5): 131 kB | 30 kB | 3.1/9.0 MB | 6.4 kB | 163/233 kB
Progress (5): 131 kB | 30 kB | 3.1/9.0 MB | 6.4 kB | 179/233 kB
Progress (5): 131 kB | 30 kB | 3.1/9.0 MB | 6.4 kB | 196/233 kB
Progress (5): 131 kB | 30 kB | 3.1/9.0 MB | 6.4 kB | 212/233 kB
Progress (5): 131 kB | 30 kB | 3.1/9.0 MB | 6.4 kB | 228/233 kB
Progress (5): 131 kB | 30 kB | 3.1/9.0 MB | 6.4 kB | 233 kB    
                                                           
Downloaded from aliyunmaven: https://maven.aliyun.com/repository/public/jakarta/xml/bind/jakarta.xml.bind-api/4.0.5/jakarta.xml.bind-api-4.0.5.jar (131 kB at 146 kB/s)
Downloading from aliyunmaven: https://maven.aliyun.com/repository/public/org/opentest4j/opentest4j/1.3.0/opentest4j-1.3.0.jar
Progress (5): 30 kB | 3.1/9.0 MB | 6.4 kB | 233 kB | 7.3/14 kB
Progress (5): 30 kB | 3.1/9.0 MB | 6.4 kB | 233 kB | 7.8/14 kB
Progress (5): 30 kB | 3.1/9.0 MB | 6.4 kB | 233 kB | 14 kB    
                                                          
Downloaded from aliyunmaven: https://maven.aliyun.com/repository/public/org/junit/jupiter/junit-jupiter/5.12.2/junit-jupiter-5.12.2.jar (6.4 kB at 7.0 kB/s)
Downloading from aliyunmaven: https://maven.aliyun.com/repository/public/org/junit/platform/junit-platform-commons/1.12.2/junit-platform-commons-1.12.2.jar
Downloaded from aliyunmaven: https://maven.aliyun.com/repository/public/org/junit/jupiter/junit-jupiter-api/5.12.2/junit-jupiter-api-5.12.2.jar (233 kB at 253 kB/s)
Downloading from aliyunmaven: https://maven.aliyun.com/repository/public/org/apiguardian/apiguardian-api/1.1.2/apiguardian-api-1.1.2.jar
Progress (4): 30 kB | 3.1/9.0 MB | 14 kB | 7.3/152 kB
Progress (4): 30 kB | 3.1/9.0 MB | 14 kB | 15/152 kB 
Progress (4): 30 kB | 3.1/9.0 MB | 14 kB | 32/152 kB
Progress (4): 30 kB | 3.1/9.0 MB | 14 kB | 48/152 kB
Progress (4): 30 kB | 3.1/9.0 MB | 14 kB | 64/152 kB
Progress (4): 30 kB | 3.1/9.0 MB | 14 kB | 81/152 kB
Progress (4): 30 kB | 3.1/9.0 MB | 14 kB | 97/152 kB
Progress (4): 30 kB | 3.1/9.0 MB | 14 kB | 114/152 kB
Progress (4): 30 kB | 3.1/9.0 MB | 14 kB | 130/152 kB
Progress (4): 30 kB | 3.1/9.0 MB | 14 kB | 146/152 kB
Progress (4): 30 kB | 3.1/9.0 MB | 14 kB | 152 kB    
Progress (5): 30 kB | 3.1/9.0 MB | 14 kB | 152 kB | 3.4/6.8 kB
Progress (5): 30 kB | 3.1/9.0 MB | 14 kB | 152 kB | 6.8 kB    
                                                          
Downloaded from aliyunmaven: https://maven.aliyun.com/repository/public/org/junit/platform/junit-platform-commons/1.12.2/junit-platform-commons-1.12.2.jar (152 kB at 155 kB/s)
Downloading from aliyunmaven: https://maven.aliyun.com/repository/public/org/junit/jupiter/junit-jupiter-params/5.12.2/junit-jupiter-params-5.12.2.jar
Downloaded from aliyunmaven: https://maven.aliyun.com/repository/public/net/minidev/accessors-smart/2.5.2/accessors-smart-2.5.2.jar (30 kB at 30 kB/s)
Downloading from aliyunmaven: https://maven.aliyun.com/repository/public/org/junit/jupiter/junit-jupiter-engine/5.12.2/junit-jupiter-engine-5.12.2.jar
Downloaded from aliyunmaven: https://maven.aliyun.com/repository/public/org/apiguardian/apiguardian-api/1.1.2/apiguardian-api-1.1.2.jar (6.8 kB at 6.8 kB/s)
Downloading from aliyunmaven: https://maven.aliyun.com/repository/public/org/junit/platform/junit-platform-engine/1.12.2/junit-platform-engine-1.12.2.jar
Progress (3): 3.1/9.0 MB | 14 kB | 1.9/602 kB
Progress (3): 3.1/9.0 MB | 14 kB | 18/602 kB 
Progress (3): 3.1/9.0 MB | 14 kB | 35/602 kB
Progress (3): 3.1/9.0 MB | 14 kB | 51/602 kB
Progress (3): 3.1/9.0 MB | 14 kB | 67/602 kB
Progress (3): 3.1/9.0 MB | 14 kB | 84/602 kB
Progress (3): 3.1/9.0 MB | 14 kB | 100/602 kB
Progress (3): 3.1/9.0 MB | 14 kB | 117/602 kB
Progress (3): 3.1/9.0 MB | 14 kB | 133/602 kB
Progress (3): 3.1/9.0 MB | 14 kB | 149/602 kB
Progress (3): 3.1/9.0 MB | 14 kB | 166/602 kB
Progress (3): 3.1/9.0 MB | 14 kB | 182/602 kB
Progress (3): 3.1/9.0 MB | 14 kB | 198/602 kB
Progress (3): 3.1/9.0 MB | 14 kB | 215/602 kB
Progress (3): 3.1/9.0 MB | 14 kB | 231/602 kB
Progress (3): 3.1/9.0 MB | 14 kB | 248/602 kB
Progress (3): 3.1/9.0 MB | 14 kB | 264/602 kB
Progress (3): 3.1/9.0 MB | 14 kB | 280/602 kB
Progress (3): 3.1/9.0 MB | 14 kB | 297/602 kB
Progress (3): 3.1/9.0 MB | 14 kB | 313/602 kB
Progress (3): 3.1/9.0 MB | 14 kB | 330/602 kB
Progress (3): 3.1/9.0 MB | 14 kB | 346/602 kB
Progress (3): 3.1/9.0 MB | 14 kB | 362/602 kB
Progress (3): 3.1/9.0 MB | 14 kB | 379/602 kB
Progress (3): 3.1/9.0 MB | 14 kB | 395/602 kB
Progress (3): 3.1/9.0 MB | 14 kB | 411/602 kB
Progress (3): 3.1/9.0 MB | 14 kB | 428/602 kB
Progress (3): 3.1/9.0 MB | 14 kB | 444/602 kB
Progress (3): 3.1/9.0 MB | 14 kB | 461/602 kB
Progress (3): 3.1/9.0 MB | 14 kB | 477/602 kB
Progress (3): 3.1/9.0 MB | 14 kB | 493/602 kB
Progress (3): 3.1/9.0 MB | 14 kB | 510/602 kB
Progress (3): 3.1/9.0 MB | 14 kB | 526/602 kB
Progress (3): 3.1/9.0 MB | 14 kB | 543/602 kB
Progress (3): 3.1/9.0 MB | 14 kB | 559/602 kB
Progress (3): 3.1/9.0 MB | 14 kB | 575/602 kB
Progress (3): 3.1/9.0 MB | 14 kB | 592/602 kB
Progress (3): 3.1/9.0 MB | 14 kB | 602 kB    
Progress (4): 3.1/9.0 MB | 14 kB | 602 kB | 4.8/292 kB
Progress (4): 3.1/9.0 MB | 14 kB | 602 kB | 21/292 kB 
Progress (4): 3.1/9.0 MB | 14 kB | 602 kB | 38/292 kB
Progress (4): 3.1/9.0 MB | 14 kB | 602 kB | 54/292 kB
Progress (4): 3.1/9.0 MB | 14 kB | 602 kB | 70/292 kB
Progress (4): 3.1/9.0 MB | 14 kB | 602 kB | 87/292 kB
Progress (4): 3.1/9.0 MB | 14 kB | 602 kB | 103/292 kB
Progress (4): 3.1/9.0 MB | 14 kB | 602 kB | 119/292 kB
Progress (4): 3.1/9.0 MB | 14 kB | 602 kB | 136/292 kB
Progress (4): 3.1/9.0 MB | 14 kB | 602 kB | 152/292 kB
Progress (4): 3.1/9.0 MB | 14 kB | 602 kB | 169/292 kB
Progress (4): 3.1/9.0 MB | 14 kB | 602 kB | 185/292 kB
Progress (4): 3.1/9.0 MB | 14 kB | 602 kB | 201/292 kB
Progress (4): 3.1/9.0 MB | 14 kB | 602 kB | 218/292 kB
Progress (4): 3.1/9.0 MB | 14 kB | 602 kB | 234/292 kB
Progress (4): 3.1/9.0 MB | 14 kB | 602 kB | 251/292 kB
Progress (4): 3.1/9.0 MB | 14 kB | 602 kB | 267/292 kB
Progress (4): 3.1/9.0 MB | 14 kB | 602 kB | 282/292 kB
Progress (4): 3.1/9.0 MB | 14 kB | 602 kB | 292 kB    
Progress (4): 3.2/9.0 MB | 14 kB | 602 kB | 292 kB
Progress (4): 3.2/9.0 MB | 14 kB | 602 kB | 292 kB
Progress (4): 3.2/9.0 MB | 14 kB | 602 kB | 292 kB
Progress (4): 3.2/9.0 MB | 14 kB | 602 kB | 292 kB
Progress (4): 3.2/9.0 MB | 14 kB | 602 kB | 292 kB
Progress (5): 3.2/9.0 MB | 14 kB | 602 kB | 292 kB | 7.3/256 kB
Progress (5): 3.2/9.0 MB | 14 kB | 602 kB | 292 kB | 15/256 kB 
Progress (5): 3.2/9.0 MB | 14 kB | 602 kB | 292 kB | 15/256 kB
Progress (5): 3.2/9.0 MB | 14 kB | 602 kB | 292 kB | 32/256 kB
Progress (5): 3.2/9.0 MB | 14 kB | 602 kB | 292 kB | 48/256 kB
Progress (5): 3.3/9.0 MB | 14 kB | 602 kB | 292 kB | 48/256 kB
Progress (5): 3.3/9.0 MB | 14 kB | 602 kB | 292 kB | 48/256 kB
Progress (5): 3.3/9.0 MB | 14 kB | 602 kB | 292 kB | 48/256 kB
Progress (5): 3.3/9.0 MB | 14 kB | 602 kB | 292 kB | 48/256 kB
Progress (5): 3.3/9.0 MB | 14 kB | 602 kB | 292 kB | 64/256 kB
Progress (5): 3.3/9.0 MB | 14 kB | 602 kB | 292 kB | 64/256 kB
Progress (5): 3.3/9.0 MB | 14 kB | 602 kB | 292 kB | 64/256 kB
Progress (5): 3.4/9.0 MB | 14 kB | 602 kB | 292 kB | 64/256 kB
Progress (5): 3.4/9.0 MB | 14 kB | 602 kB | 292 kB | 64/256 kB
Progress (5): 3.4/9.0 MB | 14 kB | 602 kB | 292 kB | 64/256 kB
Progress (5): 3.4/9.0 MB | 14 kB | 602 kB | 292 kB | 64/256 kB
Progress (5): 3.4/9.0 MB | 14 kB | 602 kB | 292 kB | 64/256 kB
Progress (5): 3.4/9.0 MB | 14 kB | 602 kB | 292 kB | 64/256 kB
Progress (5): 3.4/9.0 MB | 14 kB | 602 kB | 292 kB | 81/256 kB
Progress (5): 3.4/9.0 MB | 14 kB | 602 kB | 292 kB | 97/256 kB
Progress (5): 3.4/9.0 MB | 14 kB | 602 kB | 292 kB | 114/256 kB
Progress (5): 3.5/9.0 MB | 14 kB | 602 kB | 292 kB | 114/256 kB
Progress (5): 3.5/9.0 MB | 14 kB | 602 kB | 292 kB | 114/256 kB
Progress (5): 3.5/9.0 MB | 14 kB | 602 kB | 292 kB | 114/256 kB
Progress (5): 3.5/9.0 MB | 14 kB | 602 kB | 292 kB | 114/256 kB
Progress (5): 3.5/9.0 MB | 14 kB | 602 kB | 292 kB | 114/256 kB
Progress (5): 3.5/9.0 MB | 14 kB | 602 kB | 292 kB | 114/256 kB
Progress (5): 3.6/9.0 MB | 14 kB | 602 kB | 292 kB | 114/256 kB
Progress (5): 3.6/9.0 MB | 14 kB | 602 kB | 292 kB | 114/256 kB
Progress (5): 3.6/9.0 MB | 14 kB | 602 kB | 292 kB | 130/256 kB
Progress (5): 3.6/9.0 MB | 14 kB | 602 kB | 292 kB | 130/256 kB
Progress (5): 3.6/9.0 MB | 14 kB | 602 kB | 292 kB | 130/256 kB
Progress (5): 3.6/9.0 MB | 14 kB | 602 kB | 292 kB | 130/256 kB
Progress (5): 3.6/9.0 MB | 14 kB | 602 kB | 292 kB | 130/256 kB
Progress (5): 3.7/9.0 MB | 14 kB | 602 kB | 292 kB | 130/256 kB
Progress (5): 3.7/9.0 MB | 14 kB | 602 kB | 292 kB | 130/256 kB
Progress (5): 3.7/9.0 MB | 14 kB | 602 kB | 292 kB | 146/256 kB
Progress (5): 3.7/9.0 MB | 14 kB | 602 kB | 292 kB | 163/256 kB
Progress (5): 3.7/9.0 MB | 14 kB | 602 kB | 292 kB | 179/256 kB
Progress (5): 3.7/9.0 MB | 14 kB | 602 kB | 292 kB | 196/256 kB
Progress (5): 3.7/9.0 MB | 14 kB | 602 kB | 292 kB | 212/256 kB
Progress (5): 3.7/9.0 MB | 14 kB | 602 kB | 292 kB | 218/256 kB
Progress (5): 3.7/9.0 MB | 14 kB | 602 kB | 292 kB | 234/256 kB
Progress (5): 3.7/9.0 MB | 14 kB | 602 kB | 292 kB | 241/256 kB
Progress (5): 3.7/9.0 MB | 14 kB | 602 kB | 292 kB | 256 kB    
                                                           
Downloaded from aliyunmaven: https://maven.aliyun.com/repository/public/org/junit/jupiter/junit-jupiter-params/5.12.2/junit-jupiter-params-5.12.2.jar (602 kB at 571 kB/s)
Downloading from aliyunmaven: https://maven.aliyun.com/repository/public/org/mockito/mockito-core/5.17.0/mockito-core-5.17.0.jar
Progress (4): 3.7/9.0 MB | 14 kB | 292 kB | 256 kB
Progress (4): 3.7/9.0 MB | 14 kB | 292 kB | 256 kB
Progress (4): 3.7/9.0 MB | 14 kB | 292 kB | 256 kB
Progress (4): 3.7/9.0 MB | 14 kB | 292 kB | 256 kB
Progress (4): 3.7/9.0 MB | 14 kB | 292 kB | 256 kB
Progress (4): 3.7/9.0 MB | 14 kB | 292 kB | 256 kB
Progress (4): 3.7/9.0 MB | 14 kB | 292 kB | 256 kB
Progress (4): 3.7/9.0 MB | 14 kB | 292 kB | 256 kB
Progress (4): 3.7/9.0 MB | 14 kB | 292 kB | 256 kB
Progress (4): 3.8/9.0 MB | 14 kB | 292 kB | 256 kB
Progress (4): 3.8/9.0 MB | 14 kB | 292 kB | 256 kB
Progress (4): 3.8/9.0 MB | 14 kB | 292 kB | 256 kB
Progress (4): 3.8/9.0 MB | 14 kB | 292 kB | 256 kB
Progress (4): 3.8/9.0 MB | 14 kB | 292 kB | 256 kB
Progress (4): 3.8/9.0 MB | 14 kB | 292 kB | 256 kB
Progress (4): 3.8/9.0 MB | 14 kB | 292 kB | 256 kB
Progress (4): 3.8/9.0 MB | 14 kB | 292 kB | 256 kB
Progress (4): 3.8/9.0 MB | 14 kB | 292 kB | 256 kB
Progress (4): 3.8/9.0 MB | 14 kB | 292 kB | 256 kB
Progress (4): 3.9/9.0 MB | 14 kB | 292 kB | 256 kB
Progress (4): 3.9/9.0 MB | 14 kB | 292 kB | 256 kB
Progress (4): 3.9/9.0 MB | 14 kB | 292 kB | 256 kB
Progress (4): 3.9/9.0 MB | 14 kB | 292 kB | 256 kB
Progress (4): 3.9/9.0 MB | 14 kB | 292 kB | 256 kB
Progress (4): 3.9/9.0 MB | 14 kB | 292 kB | 256 kB
Progress (4): 3.9/9.0 MB | 14 kB | 292 kB | 256 kB
Progress (4): 3.9/9.0 MB | 14 kB | 292 kB | 256 kB
Progress (4): 3.9/9.0 MB | 14 kB | 292 kB | 256 kB
Progress (4): 3.9/9.0 MB | 14 kB | 292 kB | 256 kB
Progress (4): 3.9/9.0 MB | 14 kB | 292 kB | 256 kB
Progress (4): 3.9/9.0 MB | 14 kB | 292 kB | 256 kB
Progress (4): 3.9/9.0 MB | 14 kB | 292 kB | 256 kB
Progress (4): 3.9/9.0 MB | 14 kB | 292 kB | 256 kB
Progress (4): 3.9/9.0 MB | 14 kB | 292 kB | 256 kB
Progress (4): 3.9/9.0 MB | 14 kB | 292 kB | 256 kB
Progress (4): 3.9/9.0 MB | 14 kB | 292 kB | 256 kB
Progress (4): 3.9/9.0 MB | 14 kB | 292 kB | 256 kB
Progress (4): 3.9/9.0 MB | 14 kB | 292 kB | 256 kB
Progress (4): 3.9/9.0 MB | 14 kB | 292 kB | 256 kB
Progress (4): 3.9/9.0 MB | 14 kB | 292 kB | 256 kB
Progress (4): 3.9/9.0 MB | 14 kB | 292 kB | 256 kB
Progress (4): 3.9/9.0 MB | 14 kB | 292 kB | 256 kB
Progress (4): 4.0/9.0 MB | 14 kB | 292 kB | 256 kB
Progress (4): 4.0/9.0 MB | 14 kB | 292 kB | 256 kB
Progress (4): 4.0/9.0 MB | 14 kB | 292 kB | 256 kB
Progress (4): 4.0/9.0 MB | 14 kB | 292 kB | 256 kB
Progress (4): 4.0/9.0 MB | 14 kB | 292 kB | 256 kB
Progress (4): 4.0/9.0 MB | 14 kB | 292 kB | 256 kB
Progress (4): 4.0/9.0 MB | 14 kB | 292 kB | 256 kB
Progress (4): 4.0/9.0 MB | 14 kB | 292 kB | 256 kB
Progress (4): 4.1/9.0 MB | 14 kB | 292 kB | 256 kB
Progress (4): 4.1/9.0 MB | 14 kB | 292 kB | 256 kB
Progress (4): 4.1/9.0 MB | 14 kB | 292 kB | 256 kB
Progress (4): 4.1/9.0 MB | 14 kB | 292 kB | 256 kB
Progress (4): 4.1/9.0 MB | 14 kB | 292 kB | 256 kB
Progress (4): 4.1/9.0 MB | 14 kB | 292 kB | 256 kB
Progress (4): 4.1/9.0 MB | 14 kB | 292 kB | 256 kB
Progress (4): 4.1/9.0 MB | 14 kB | 292 kB | 256 kB
Progress (4): 4.1/9.0 MB | 14 kB | 292 kB | 256 kB
Progress (4): 4.2/9.0 MB | 14 kB | 292 kB | 256 kB
Progress (4): 4.2/9.0 MB | 14 kB | 292 kB | 256 kB
                                                  
Downloaded from aliyunmaven: https://maven.aliyun.com/repository/public/org/opentest4j/opentest4j/1.3.0/opentest4j-1.3.0.jar (14 kB at 13 kB/s)
Downloading from aliyunmaven: https://maven.aliyun.com/repository/public/net/bytebuddy/byte-buddy-agent/1.17.8/byte-buddy-agent-1.17.8.jar
Downloaded from aliyunmaven: https://maven.aliyun.com/repository/public/org/junit/jupiter/junit-jupiter-engine/5.12.2/junit-jupiter-engine-5.12.2.jar (292 kB at 272 kB/s)
Downloading from aliyunmaven: https://maven.aliyun.com/repository/public/org/objenesis/objenesis/3.3/objenesis-3.3.jar
Downloaded from aliyunmaven: https://maven.aliyun.com/repository/public/org/junit/platform/junit-platform-engine/1.12.2/junit-platform-engine-1.12.2.jar (256 kB at 238 kB/s)
Downloading from aliyunmaven: https://maven.aliyun.com/repository/public/org/mockito/mockito-junit-jupiter/5.17.0/mockito-junit-jupiter-5.17.0.jar
Progress (1): 4.2/9.0 MB
Progress (1): 4.2/9.0 MB
Progress (2): 4.2/9.0 MB | 3.3/709 kB
Progress (2): 4.2/9.0 MB | 20/709 kB 
Progress (2): 4.2/9.0 MB | 36/709 kB
Progress (2): 4.2/9.0 MB | 52/709 kB
Progress (2): 4.2/9.0 MB | 69/709 kB
Progress (2): 4.2/9.0 MB | 85/709 kB
Progress (2): 4.2/9.0 MB | 102/709 kB
Progress (2): 4.2/9.0 MB | 118/709 kB
Progress (2): 4.2/9.0 MB | 134/709 kB
Progress (2): 4.2/9.0 MB | 151/709 kB
Progress (2): 4.2/9.0 MB | 167/709 kB
Progress (2): 4.2/9.0 MB | 184/709 kB
Progress (2): 4.2/9.0 MB | 200/709 kB
Progress (2): 4.2/9.0 MB | 216/709 kB
Progress (2): 4.2/9.0 MB | 233/709 kB
Progress (2): 4.2/9.0 MB | 249/709 kB
Progress (2): 4.2/9.0 MB | 265/709 kB
Progress (2): 4.2/9.0 MB | 282/709 kB
Progress (2): 4.2/9.0 MB | 298/709 kB
Progress (2): 4.2/9.0 MB | 310/709 kB
Progress (2): 4.2/9.0 MB | 317/709 kB
Progress (2): 4.2/9.0 MB | 323/709 kB
Progress (2): 4.2/9.0 MB | 335/709 kB
Progress (2): 4.2/9.0 MB | 346/709 kB
Progress (2): 4.2/9.0 MB | 360/709 kB
Progress (2): 4.2/9.0 MB | 368/709 kB
Progress (2): 4.2/9.0 MB | 380/709 kB
Progress (2): 4.2/9.0 MB | 396/709 kB
Progress (2): 4.2/9.0 MB | 413/709 kB
Progress (2): 4.2/9.0 MB | 429/709 kB
Progress (2): 4.2/9.0 MB | 446/709 kB
Progress (2): 4.2/9.0 MB | 462/709 kB
Progress (2): 4.2/9.0 MB | 478/709 kB
Progress (2): 4.2/9.0 MB | 495/709 kB
Progress (2): 4.2/9.0 MB | 511/709 kB
Progress (2): 4.2/9.0 MB | 524/709 kB
Progress (2): 4.2/9.0 MB | 527/709 kB
Progress (2): 4.2/9.0 MB | 536/709 kB
Progress (2): 4.2/9.0 MB | 542/709 kB
Progress (2): 4.2/9.0 MB | 548/709 kB
Progress (2): 4.2/9.0 MB | 551/709 kB
Progress (2): 4.2/9.0 MB | 559/709 kB
Progress (3): 4.2/9.0 MB | 559/709 kB | 3.3/367 kB
Progress (4): 4.2/9.0 MB | 559/709 kB | 3.3/367 kB | 1.9/49 kB
Progress (4): 4.2/9.0 MB | 559/709 kB | 3.3/367 kB | 18/49 kB 
Progress (4): 4.2/9.0 MB | 559/709 kB | 3.3/367 kB | 35/49 kB
Progress (4): 4.2/9.0 MB | 559/709 kB | 20/367 kB | 35/49 kB 
Progress (4): 4.2/9.0 MB | 559/709 kB | 20/367 kB | 49 kB   
Progress (4): 4.2/9.0 MB | 559/709 kB | 36/367 kB | 49 kB
Progress (4): 4.2/9.0 MB | 559/709 kB | 52/367 kB | 49 kB
Progress (4): 4.2/9.0 MB | 559/709 kB | 69/367 kB | 49 kB
Progress (4): 4.2/9.0 MB | 559/709 kB | 85/367 kB | 49 kB
Progress (4): 4.2/9.0 MB | 559/709 kB | 102/367 kB | 49 kB
Progress (4): 4.2/9.0 MB | 559/709 kB | 118/367 kB | 49 kB
Progress (4): 4.2/9.0 MB | 559/709 kB | 127/367 kB | 49 kB
Progress (4): 4.2/9.0 MB | 559/709 kB | 144/367 kB | 49 kB
Progress (4): 4.2/9.0 MB | 559/709 kB | 160/367 kB | 49 kB
Progress (4): 4.2/9.0 MB | 559/709 kB | 177/367 kB | 49 kB
Progress (4): 4.2/9.0 MB | 559/709 kB | 192/367 kB | 49 kB
Progress (4): 4.2/9.0 MB | 559/709 kB | 197/367 kB | 49 kB
Progress (4): 4.2/9.0 MB | 559/709 kB | 200/367 kB | 49 kB
Progress (4): 4.2/9.0 MB | 571/709 kB | 200/367 kB | 49 kB
Progress (4): 4.2/9.0 MB | 576/709 kB | 200/367 kB | 49 kB
Progress (4): 4.2/9.0 MB | 592/709 kB | 200/367 kB | 49 kB
Progress (4): 4.2/9.0 MB | 604/709 kB | 200/367 kB | 49 kB
Progress (4): 4.2/9.0 MB | 620/709 kB | 200/367 kB | 49 kB
Progress (4): 4.2/9.0 MB | 637/709 kB | 200/367 kB | 49 kB
Progress (4): 4.2/9.0 MB | 653/709 kB | 200/367 kB | 49 kB
Progress (4): 4.2/9.0 MB | 669/709 kB | 200/367 kB | 49 kB
Progress (4): 4.2/9.0 MB | 686/709 kB | 200/367 kB | 49 kB
Progress (4): 4.2/9.0 MB | 702/709 kB | 200/367 kB | 49 kB
Progress (4): 4.2/9.0 MB | 709 kB | 200/367 kB | 49 kB    
Progress (4): 4.2/9.0 MB | 709 kB | 211/367 kB | 49 kB
Progress (4): 4.2/9.0 MB | 709 kB | 221/367 kB | 49 kB
Progress (4): 4.2/9.0 MB | 709 kB | 227/367 kB | 49 kB
Progress (4): 4.2/9.0 MB | 709 kB | 237/367 kB | 49 kB
Progress (4): 4.2/9.0 MB | 709 kB | 247/367 kB | 49 kB
Progress (4): 4.2/9.0 MB | 709 kB | 256/367 kB | 49 kB
Progress (4): 4.2/9.0 MB | 709 kB | 262/367 kB | 49 kB
Progress (4): 4.2/9.0 MB | 709 kB | 269/367 kB | 49 kB
Progress (4): 4.2/9.0 MB | 709 kB | 285/367 kB | 49 kB
Progress (4): 4.2/9.0 MB | 709 kB | 302/367 kB | 49 kB
Progress (4): 4.2/9.0 MB | 709 kB | 318/367 kB | 49 kB
Progress (4): 4.2/9.0 MB | 709 kB | 326/367 kB | 49 kB
Progress (4): 4.2/9.0 MB | 709 kB | 342/367 kB | 49 kB
Progress (4): 4.2/9.0 MB | 709 kB | 349/367 kB | 49 kB
Progress (4): 4.2/9.0 MB | 709 kB | 366/367 kB | 49 kB
Progress (4): 4.2/9.0 MB | 709 kB | 367 kB | 49 kB    
Progress (5): 4.2/9.0 MB | 709 kB | 367 kB | 49 kB | 1.9/9.4 kB
Progress (5): 4.2/9.0 MB | 709 kB | 367 kB | 49 kB | 9.4 kB    
Progress (5): 4.2/9.0 MB | 709 kB | 367 kB | 49 kB | 9.4 kB
Progress (5): 4.2/9.0 MB | 709 kB | 367 kB | 49 kB | 9.4 kB
Progress (5): 4.2/9.0 MB | 709 kB | 367 kB | 49 kB | 9.4 kB
Progress (5): 4.3/9.0 MB | 709 kB | 367 kB | 49 kB | 9.4 kB
Progress (5): 4.3/9.0 MB | 709 kB | 367 kB | 49 kB | 9.4 kB
Progress (5): 4.3/9.0 MB | 709 kB | 367 kB | 49 kB | 9.4 kB
Progress (5): 4.3/9.0 MB | 709 kB | 367 kB | 49 kB | 9.4 kB
Progress (5): 4.3/9.0 MB | 709 kB | 367 kB | 49 kB | 9.4 kB
Progress (5): 4.3/9.0 MB | 709 kB | 367 kB | 49 kB | 9.4 kB
Progress (5): 4.3/9.0 MB | 709 kB | 367 kB | 49 kB | 9.4 kB
Progress (5): 4.4/9.0 MB | 709 kB | 367 kB | 49 kB | 9.4 kB
Progress (5): 4.4/9.0 MB | 709 kB | 367 kB | 49 kB | 9.4 kB
Progress (5): 4.4/9.0 MB | 709 kB | 367 kB | 49 kB | 9.4 kB
Progress (5): 4.4/9.0 MB | 709 kB | 367 kB | 49 kB | 9.4 kB
Progress (5): 4.4/9.0 MB | 709 kB | 367 kB | 49 kB | 9.4 kB
Progress (5): 4.4/9.0 MB | 709 kB | 367 kB | 49 kB | 9.4 kB
Progress (5): 4.5/9.0 MB | 709 kB | 367 kB | 49 kB | 9.4 kB
Progress (5): 4.5/9.0 MB | 709 kB | 367 kB | 49 kB | 9.4 kB
Progress (5): 4.5/9.0 MB | 709 kB | 367 kB | 49 kB | 9.4 kB
Progress (5): 4.5/9.0 MB | 709 kB | 367 kB | 49 kB | 9.4 kB
Progress (5): 4.5/9.0 MB | 709 kB | 367 kB | 49 kB | 9.4 kB
Progress (5): 4.5/9.0 MB | 709 kB | 367 kB | 49 kB | 9.4 kB
Progress (5): 4.6/9.0 MB | 709 kB | 367 kB | 49 kB | 9.4 kB
Progress (5): 4.6/9.0 MB | 709 kB | 367 kB | 49 kB | 9.4 kB
Progress (5): 4.6/9.0 MB | 709 kB | 367 kB | 49 kB | 9.4 kB
Progress (5): 4.6/9.0 MB | 709 kB | 367 kB | 49 kB | 9.4 kB
Progress (5): 4.6/9.0 MB | 709 kB | 367 kB | 49 kB | 9.4 kB
Progress (5): 4.6/9.0 MB | 709 kB | 367 kB | 49 kB | 9.4 kB
Progress (5): 4.7/9.0 MB | 709 kB | 367 kB | 49 kB | 9.4 kB
Progress (5): 4.7/9.0 MB | 709 kB | 367 kB | 49 kB | 9.4 kB
Progress (5): 4.7/9.0 MB | 709 kB | 367 kB | 49 kB | 9.4 kB
Progress (5): 4.7/9.0 MB | 709 kB | 367 kB | 49 kB | 9.4 kB
Progress (5): 4.7/9.0 MB | 709 kB | 367 kB | 49 kB | 9.4 kB
                                                           
Downloaded from aliyunmaven: https://maven.aliyun.com/repository/public/net/bytebuddy/byte-buddy-agent/1.17.8/byte-buddy-agent-1.17.8.jar (367 kB at 325 kB/s)
Downloading from aliyunmaven: https://maven.aliyun.com/repository/public/org/skyscreamer/jsonassert/1.5.3/jsonassert-1.5.3.jar
Downloaded from aliyunmaven: https://maven.aliyun.com/repository/public/org/mockito/mockito-core/5.17.0/mockito-core-5.17.0.jar (709 kB at 628 kB/s)
Downloading from aliyunmaven: https://maven.aliyun.com/repository/public/com/vaadin/external/google/android-json/0.0.20131108.vaadin1/android-json-0.0.20131108.vaadin1.jar
Progress (4): 4.7/9.0 MB | 49 kB | 9.4 kB | 1.9/31 kB
Progress (4): 4.7/9.0 MB | 49 kB | 9.4 kB | 18/31 kB 
Progress (4): 4.7/9.0 MB | 49 kB | 9.4 kB | 31 kB   
Progress (5): 4.7/9.0 MB | 49 kB | 9.4 kB | 31 kB | 7.3/18 kB
Progress (5): 4.7/9.0 MB | 49 kB | 9.4 kB | 31 kB | 16/18 kB 
Progress (5): 4.7/9.0 MB | 49 kB | 9.4 kB | 31 kB | 18 kB   
Progress (5): 4.7/9.0 MB | 49 kB | 9.4 kB | 31 kB | 18 kB
Progress (5): 4.8/9.0 MB | 49 kB | 9.4 kB | 31 kB | 18 kB
Progress (5): 4.8/9.0 MB | 49 kB | 9.4 kB | 31 kB | 18 kB
Progress (5): 4.8/9.0 MB | 49 kB | 9.4 kB | 31 kB | 18 kB
Progress (5): 4.8/9.0 MB | 49 kB | 9.4 kB | 31 kB | 18 kB
Progress (5): 4.8/9.0 MB | 49 kB | 9.4 kB | 31 kB | 18 kB
Progress (5): 4.8/9.0 MB | 49 kB | 9.4 kB | 31 kB | 18 kB
Progress (5): 4.8/9.0 MB | 49 kB | 9.4 kB | 31 kB | 18 kB
Progress (5): 4.9/9.0 MB | 49 kB | 9.4 kB | 31 kB | 18 kB
Progress (5): 4.9/9.0 MB | 49 kB | 9.4 kB | 31 kB | 18 kB
Progress (5): 4.9/9.0 MB | 49 kB | 9.4 kB | 31 kB | 18 kB
Progress (5): 4.9/9.0 MB | 49 kB | 9.4 kB | 31 kB | 18 kB
Progress (5): 4.9/9.0 MB | 49 kB | 9.4 kB | 31 kB | 18 kB
Progress (5): 4.9/9.0 MB | 49 kB | 9.4 kB | 31 kB | 18 kB
Progress (5): 5.0/9.0 MB | 49 kB | 9.4 kB | 31 kB | 18 kB
Progress (5): 5.0/9.0 MB | 49 kB | 9.4 kB | 31 kB | 18 kB
Progress (5): 5.0/9.0 MB | 49 kB | 9.4 kB | 31 kB | 18 kB
Progress (5): 5.0/9.0 MB | 49 kB | 9.4 kB | 31 kB | 18 kB
Progress (5): 5.0/9.0 MB | 49 kB | 9.4 kB | 31 kB | 18 kB
Progress (5): 5.0/9.0 MB | 49 kB | 9.4 kB | 31 kB | 18 kB
Progress (5): 5.1/9.0 MB | 49 kB | 9.4 kB | 31 kB | 18 kB
Progress (5): 5.1/9.0 MB | 49 kB | 9.4 kB | 31 kB | 18 kB
Progress (5): 5.1/9.0 MB | 49 kB | 9.4 kB | 31 kB | 18 kB
Progress (5): 5.1/9.0 MB | 49 kB | 9.4 kB | 31 kB | 18 kB
Progress (5): 5.1/9.0 MB | 49 kB | 9.4 kB | 31 kB | 18 kB
Progress (5): 5.1/9.0 MB | 49 kB | 9.4 kB | 31 kB | 18 kB
Progress (5): 5.2/9.0 MB | 49 kB | 9.4 kB | 31 kB | 18 kB
Progress (5): 5.2/9.0 MB | 49 kB | 9.4 kB | 31 kB | 18 kB
Progress (5): 5.2/9.0 MB | 49 kB | 9.4 kB | 31 kB | 18 kB
Progress (5): 5.2/9.0 MB | 49 kB | 9.4 kB | 31 kB | 18 kB
Progress (5): 5.2/9.0 MB | 49 kB | 9.4 kB | 31 kB | 18 kB
Progress (5): 5.2/9.0 MB | 49 kB | 9.4 kB | 31 kB | 18 kB
Progress (5): 5.3/9.0 MB | 49 kB | 9.4 kB | 31 kB | 18 kB
Progress (5): 5.3/9.0 MB | 49 kB | 9.4 kB | 31 kB | 18 kB
Progress (5): 5.3/9.0 MB | 49 kB | 9.4 kB | 31 kB | 18 kB
Progress (5): 5.3/9.0 MB | 49 kB | 9.4 kB | 31 kB | 18 kB
Progress (5): 5.3/9.0 MB | 49 kB | 9.4 kB | 31 kB | 18 kB
Progress (5): 5.3/9.0 MB | 49 kB | 9.4 kB | 31 kB | 18 kB
Progress (5): 5.4/9.0 MB | 49 kB | 9.4 kB | 31 kB | 18 kB
Progress (5): 5.4/9.0 MB | 49 kB | 9.4 kB | 31 kB | 18 kB
Progress (5): 5.4/9.0 MB | 49 kB | 9.4 kB | 31 kB | 18 kB
Progress (5): 5.4/9.0 MB | 49 kB | 9.4 kB | 31 kB | 18 kB
Progress (5): 5.4/9.0 MB | 49 kB | 9.4 kB | 31 kB | 18 kB
Progress (5): 5.4/9.0 MB | 49 kB | 9.4 kB | 31 kB | 18 kB
Progress (5): 5.5/9.0 MB | 49 kB | 9.4 kB | 31 kB | 18 kB
Progress (5): 5.5/9.0 MB | 49 kB | 9.4 kB | 31 kB | 18 kB
Progress (5): 5.5/9.0 MB | 49 kB | 9.4 kB | 31 kB | 18 kB
Progress (5): 5.5/9.0 MB | 49 kB | 9.4 kB | 31 kB | 18 kB
Progress (5): 5.5/9.0 MB | 49 kB | 9.4 kB | 31 kB | 18 kB
Progress (5): 5.5/9.0 MB | 49 kB | 9.4 kB | 31 kB | 18 kB
Progress (5): 5.6/9.0 MB | 49 kB | 9.4 kB | 31 kB | 18 kB
Progress (5): 5.6/9.0 MB | 49 kB | 9.4 kB | 31 kB | 18 kB
Progress (5): 5.6/9.0 MB | 49 kB | 9.4 kB | 31 kB | 18 kB
Progress (5): 5.6/9.0 MB | 49 kB | 9.4 kB | 31 kB | 18 kB
Progress (5): 5.6/9.0 MB | 49 kB | 9.4 kB | 31 kB | 18 kB
Progress (5): 5.6/9.0 MB | 49 kB | 9.4 kB | 31 kB | 18 kB
Progress (5): 5.7/9.0 MB | 49 kB | 9.4 kB | 31 kB | 18 kB
Progress (5): 5.7/9.0 MB | 49 kB | 9.4 kB | 31 kB | 18 kB
Progress (5): 5.7/9.0 MB | 49 kB | 9.4 kB | 31 kB | 18 kB
Progress (5): 5.7/9.0 MB | 49 kB | 9.4 kB | 31 kB | 18 kB
Progress (5): 5.7/9.0 MB | 49 kB | 9.4 kB | 31 kB | 18 kB
Progress (5): 5.7/9.0 MB | 49 kB | 9.4 kB | 31 kB | 18 kB
Progress (5): 5.8/9.0 MB | 49 kB | 9.4 kB | 31 kB | 18 kB
Progress (5): 5.8/9.0 MB | 49 kB | 9.4 kB | 31 kB | 18 kB
Progress (5): 5.8/9.0 MB | 49 kB | 9.4 kB | 31 kB | 18 kB
Progress (5): 5.8/9.0 MB | 49 kB | 9.4 kB | 31 kB | 18 kB
Progress (5): 5.8/9.0 MB | 49 kB | 9.4 kB | 31 kB | 18 kB
Progress (5): 5.8/9.0 MB | 49 kB | 9.4 kB | 31 kB | 18 kB
Progress (5): 5.8/9.0 MB | 49 kB | 9.4 kB | 31 kB | 18 kB
Progress (5): 5.9/9.0 MB | 49 kB | 9.4 kB | 31 kB | 18 kB
Progress (5): 5.9/9.0 MB | 49 kB | 9.4 kB | 31 kB | 18 kB
Progress (5): 5.9/9.0 MB | 49 kB | 9.4 kB | 31 kB | 18 kB
Progress (5): 5.9/9.0 MB | 49 kB | 9.4 kB | 31 kB | 18 kB
Progress (5): 5.9/9.0 MB | 49 kB | 9.4 kB | 31 kB | 18 kB
Progress (5): 5.9/9.0 MB | 49 kB | 9.4 kB | 31 kB | 18 kB
Progress (5): 6.0/9.0 MB | 49 kB | 9.4 kB | 31 kB | 18 kB
Progress (5): 6.0/9.0 MB | 49 kB | 9.4 kB | 31 kB | 18 kB
Progress (5): 6.0/9.0 MB | 49 kB | 9.4 kB | 31 kB | 18 kB
Progress (5): 6.0/9.0 MB | 49 kB | 9.4 kB | 31 kB | 18 kB
Progress (5): 6.0/9.0 MB | 49 kB | 9.4 kB | 31 kB | 18 kB
Progress (5): 6.0/9.0 MB | 49 kB | 9.4 kB | 31 kB | 18 kB
Progress (5): 6.1/9.0 MB | 49 kB | 9.4 kB | 31 kB | 18 kB
Progress (5): 6.1/9.0 MB | 49 kB | 9.4 kB | 31 kB | 18 kB
Progress (5): 6.1/9.0 MB | 49 kB | 9.4 kB | 31 kB | 18 kB
Progress (5): 6.1/9.0 MB | 49 kB | 9.4 kB | 31 kB | 18 kB
Progress (5): 6.1/9.0 MB | 49 kB | 9.4 kB | 31 kB | 18 kB
Progress (5): 6.1/9.0 MB | 49 kB | 9.4 kB | 31 kB | 18 kB
Progress (5): 6.2/9.0 MB | 49 kB | 9.4 kB | 31 kB | 18 kB
Progress (5): 6.2/9.0 MB | 49 kB | 9.4 kB | 31 kB | 18 kB
Progress (5): 6.2/9.0 MB | 49 kB | 9.4 kB | 31 kB | 18 kB
Progress (5): 6.2/9.0 MB | 49 kB | 9.4 kB | 31 kB | 18 kB
Progress (5): 6.2/9.0 MB | 49 kB | 9.4 kB | 31 kB | 18 kB
Progress (5): 6.2/9.0 MB | 49 kB | 9.4 kB | 31 kB | 18 kB
Progress (5): 6.3/9.0 MB | 49 kB | 9.4 kB | 31 kB | 18 kB
Progress (5): 6.3/9.0 MB | 49 kB | 9.4 kB | 31 kB | 18 kB
                                                         
Downloaded from aliyunmaven: https://maven.aliyun.com/repository/public/org/mockito/mockito-junit-jupiter/5.17.0/mockito-junit-jupiter-5.17.0.jar (9.4 kB at 7.7 kB/s)
Downloading from aliyunmaven: https://maven.aliyun.com/repository/public/org/springframework/spring-core/6.2.19/spring-core-6.2.19.jar
Progress (4): 6.3/9.0 MB | 49 kB | 31 kB | 18 kB
Progress (5): 6.3/9.0 MB | 49 kB | 31 kB | 18 kB | 0/2.0 MB
Progress (5): 6.3/9.0 MB | 49 kB | 31 kB | 18 kB | 0/2.0 MB
Progress (5): 6.3/9.0 MB | 49 kB | 31 kB | 18 kB | 0/2.0 MB
Progress (5): 6.3/9.0 MB | 49 kB | 31 kB | 18 kB | 0/2.0 MB
Progress (5): 6.3/9.0 MB | 49 kB | 31 kB | 18 kB | 0.1/2.0 MB
Progress (5): 6.3/9.0 MB | 49 kB | 31 kB | 18 kB | 0.1/2.0 MB
Progress (5): 6.3/9.0 MB | 49 kB | 31 kB | 18 kB | 0.1/2.0 MB
Progress (5): 6.3/9.0 MB | 49 kB | 31 kB | 18 kB | 0.1/2.0 MB
Progress (5): 6.3/9.0 MB | 49 kB | 31 kB | 18 kB | 0.1/2.0 MB
Progress (5): 6.3/9.0 MB | 49 kB | 31 kB | 18 kB | 0.1/2.0 MB
Progress (5): 6.3/9.0 MB | 49 kB | 31 kB | 18 kB | 0.1/2.0 MB
Progress (5): 6.3/9.0 MB | 49 kB | 31 kB | 18 kB | 0.2/2.0 MB
Progress (5): 6.3/9.0 MB | 49 kB | 31 kB | 18 kB | 0.2/2.0 MB
Progress (5): 6.3/9.0 MB | 49 kB | 31 kB | 18 kB | 0.2/2.0 MB
Progress (5): 6.3/9.0 MB | 49 kB | 31 kB | 18 kB | 0.2/2.0 MB
Progress (5): 6.3/9.0 MB | 49 kB | 31 kB | 18 kB | 0.2/2.0 MB
Progress (5): 6.3/9.0 MB | 49 kB | 31 kB | 18 kB | 0.2/2.0 MB
Progress (5): 6.3/9.0 MB | 49 kB | 31 kB | 18 kB | 0.3/2.0 MB
Progress (5): 6.3/9.0 MB | 49 kB | 31 kB | 18 kB | 0.3/2.0 MB
Progress (5): 6.3/9.0 MB | 49 kB | 31 kB | 18 kB | 0.3/2.0 MB
Progress (5): 6.3/9.0 MB | 49 kB | 31 kB | 18 kB | 0.3/2.0 MB
Progress (5): 6.3/9.0 MB | 49 kB | 31 kB | 18 kB | 0.3/2.0 MB
Progress (5): 6.3/9.0 MB | 49 kB | 31 kB | 18 kB | 0.3/2.0 MB
Progress (5): 6.3/9.0 MB | 49 kB | 31 kB | 18 kB | 0.4/2.0 MB
Progress (5): 6.3/9.0 MB | 49 kB | 31 kB | 18 kB | 0.4/2.0 MB
Progress (5): 6.3/9.0 MB | 49 kB | 31 kB | 18 kB | 0.4/2.0 MB
Progress (5): 6.3/9.0 MB | 49 kB | 31 kB | 18 kB | 0.4/2.0 MB
Progress (5): 6.3/9.0 MB | 49 kB | 31 kB | 18 kB | 0.4/2.0 MB
Progress (5): 6.3/9.0 MB | 49 kB | 31 kB | 18 kB | 0.4/2.0 MB
Progress (5): 6.3/9.0 MB | 49 kB | 31 kB | 18 kB | 0.5/2.0 MB
Progress (5): 6.3/9.0 MB | 49 kB | 31 kB | 18 kB | 0.5/2.0 MB
Progress (5): 6.3/9.0 MB | 49 kB | 31 kB | 18 kB | 0.5/2.0 MB
Progress (5): 6.3/9.0 MB | 49 kB | 31 kB | 18 kB | 0.5/2.0 MB
Progress (5): 6.3/9.0 MB | 49 kB | 31 kB | 18 kB | 0.5/2.0 MB
Progress (5): 6.3/9.0 MB | 49 kB | 31 kB | 18 kB | 0.5/2.0 MB
Progress (5): 6.3/9.0 MB | 49 kB | 31 kB | 18 kB | 0.6/2.0 MB
Progress (5): 6.3/9.0 MB | 49 kB | 31 kB | 18 kB | 0.6/2.0 MB
Progress (5): 6.3/9.0 MB | 49 kB | 31 kB | 18 kB | 0.6/2.0 MB
Progress (5): 6.3/9.0 MB | 49 kB | 31 kB | 18 kB | 0.6/2.0 MB
Progress (5): 6.3/9.0 MB | 49 kB | 31 kB | 18 kB | 0.6/2.0 MB
Progress (5): 6.3/9.0 MB | 49 kB | 31 kB | 18 kB | 0.6/2.0 MB
Progress (5): 6.3/9.0 MB | 49 kB | 31 kB | 18 kB | 0.7/2.0 MB
Progress (5): 6.3/9.0 MB | 49 kB | 31 kB | 18 kB | 0.7/2.0 MB
Progress (5): 6.3/9.0 MB | 49 kB | 31 kB | 18 kB | 0.7/2.0 MB
Progress (5): 6.3/9.0 MB | 49 kB | 31 kB | 18 kB | 0.7/2.0 MB
Progress (5): 6.3/9.0 MB | 49 kB | 31 kB | 18 kB | 0.7/2.0 MB
Progress (5): 6.3/9.0 MB | 49 kB | 31 kB | 18 kB | 0.7/2.0 MB
Progress (5): 6.3/9.0 MB | 49 kB | 31 kB | 18 kB | 0.8/2.0 MB
Progress (5): 6.3/9.0 MB | 49 kB | 31 kB | 18 kB | 0.8/2.0 MB
Progress (5): 6.3/9.0 MB | 49 kB | 31 kB | 18 kB | 0.8/2.0 MB
Progress (5): 6.3/9.0 MB | 49 kB | 31 kB | 18 kB | 0.8/2.0 MB
Progress (5): 6.3/9.0 MB | 49 kB | 31 kB | 18 kB | 0.8/2.0 MB
Progress (5): 6.3/9.0 MB | 49 kB | 31 kB | 18 kB | 0.8/2.0 MB
Progress (5): 6.3/9.0 MB | 49 kB | 31 kB | 18 kB | 0.9/2.0 MB
Progress (5): 6.3/9.0 MB | 49 kB | 31 kB | 18 kB | 0.9/2.0 MB
Progress (5): 6.3/9.0 MB | 49 kB | 31 kB | 18 kB | 0.9/2.0 MB
Progress (5): 6.3/9.0 MB | 49 kB | 31 kB | 18 kB | 0.9/2.0 MB
Progress (5): 6.3/9.0 MB | 49 kB | 31 kB | 18 kB | 0.9/2.0 MB
Progress (5): 6.3/9.0 MB | 49 kB | 31 kB | 18 kB | 0.9/2.0 MB
Progress (5): 6.3/9.0 MB | 49 kB | 31 kB | 18 kB | 1.0/2.0 MB
Progress (5): 6.3/9.0 MB | 49 kB | 31 kB | 18 kB | 1.0/2.0 MB
Progress (5): 6.3/9.0 MB | 49 kB | 31 kB | 18 kB | 1.0/2.0 MB
Progress (5): 6.3/9.0 MB | 49 kB | 31 kB | 18 kB | 1.0/2.0 MB
Progress (5): 6.3/9.0 MB | 49 kB | 31 kB | 18 kB | 1.0/2.0 MB
Progress (5): 6.3/9.0 MB | 49 kB | 31 kB | 18 kB | 1.0/2.0 MB
Progress (5): 6.3/9.0 MB | 49 kB | 31 kB | 18 kB | 1.0/2.0 MB
Progress (5): 6.3/9.0 MB | 49 kB | 31 kB | 18 kB | 1.1/2.0 MB
Progress (5): 6.3/9.0 MB | 49 kB | 31 kB | 18 kB | 1.1/2.0 MB
Progress (5): 6.3/9.0 MB | 49 kB | 31 kB | 18 kB | 1.1/2.0 MB
Progress (5): 6.3/9.0 MB | 49 kB | 31 kB | 18 kB | 1.1/2.0 MB
Progress (5): 6.3/9.0 MB | 49 kB | 31 kB | 18 kB | 1.1/2.0 MB
Progress (5): 6.3/9.0 MB | 49 kB | 31 kB | 18 kB | 1.1/2.0 MB
Progress (5): 6.3/9.0 MB | 49 kB | 31 kB | 18 kB | 1.2/2.0 MB
Progress (5): 6.3/9.0 MB | 49 kB | 31 kB | 18 kB | 1.2/2.0 MB
Progress (5): 6.3/9.0 MB | 49 kB | 31 kB | 18 kB | 1.2/2.0 MB
Progress (5): 6.3/9.0 MB | 49 kB | 31 kB | 18 kB | 1.2/2.0 MB
Progress (5): 6.3/9.0 MB | 49 kB | 31 kB | 18 kB | 1.2/2.0 MB
Progress (5): 6.3/9.0 MB | 49 kB | 31 kB | 18 kB | 1.2/2.0 MB
Progress (5): 6.3/9.0 MB | 49 kB | 31 kB | 18 kB | 1.3/2.0 MB
Progress (5): 6.3/9.0 MB | 49 kB | 31 kB | 18 kB | 1.3/2.0 MB
Progress (5): 6.3/9.0 MB | 49 kB | 31 kB | 18 kB | 1.3/2.0 MB
Progress (5): 6.3/9.0 MB | 49 kB | 31 kB | 18 kB | 1.3/2.0 MB
Progress (5): 6.3/9.0 MB | 49 kB | 31 kB | 18 kB | 1.3/2.0 MB
                                                             
Downloaded from aliyunmaven: https://maven.aliyun.com/repository/public/com/vaadin/external/google/android-json/0.0.20131108.vaadin1/android-json-0.0.20131108.vaadin1.jar (18 kB at 14 kB/s)
Downloading from aliyunmaven: https://maven.aliyun.com/repository/public/org/springframework/spring-jcl/6.2.19/spring-jcl-6.2.19.jar
Progress (4): 6.3/9.0 MB | 49 kB | 31 kB | 1.3/2.0 MB
Progress (4): 6.3/9.0 MB | 49 kB | 31 kB | 1.4/2.0 MB
Progress (4): 6.3/9.0 MB | 49 kB | 31 kB | 1.4/2.0 MB
Progress (4): 6.3/9.0 MB | 49 kB | 31 kB | 1.4/2.0 MB
Progress (4): 6.3/9.0 MB | 49 kB | 31 kB | 1.4/2.0 MB
Progress (4): 6.3/9.0 MB | 49 kB | 31 kB | 1.4/2.0 MB
Progress (4): 6.3/9.0 MB | 49 kB | 31 kB | 1.4/2.0 MB
Progress (4): 6.3/9.0 MB | 49 kB | 31 kB | 1.5/2.0 MB
Progress (4): 6.3/9.0 MB | 49 kB | 31 kB | 1.5/2.0 MB
Progress (4): 6.3/9.0 MB | 49 kB | 31 kB | 1.5/2.0 MB
Progress (4): 6.3/9.0 MB | 49 kB | 31 kB | 1.5/2.0 MB
Progress (4): 6.3/9.0 MB | 49 kB | 31 kB | 1.5/2.0 MB
Progress (4): 6.3/9.0 MB | 49 kB | 31 kB | 1.5/2.0 MB
Progress (4): 6.3/9.0 MB | 49 kB | 31 kB | 1.6/2.0 MB
Progress (4): 6.3/9.0 MB | 49 kB | 31 kB | 1.6/2.0 MB
Progress (4): 6.3/9.0 MB | 49 kB | 31 kB | 1.6/2.0 MB
Progress (4): 6.3/9.0 MB | 49 kB | 31 kB | 1.6/2.0 MB
Progress (4): 6.3/9.0 MB | 49 kB | 31 kB | 1.6/2.0 MB
Progress (4): 6.3/9.0 MB | 49 kB | 31 kB | 1.6/2.0 MB
Progress (4): 6.3/9.0 MB | 49 kB | 31 kB | 1.7/2.0 MB
Progress (4): 6.3/9.0 MB | 49 kB | 31 kB | 1.7/2.0 MB
Progress (4): 6.3/9.0 MB | 49 kB | 31 kB | 1.7/2.0 MB
Progress (4): 6.3/9.0 MB | 49 kB | 31 kB | 1.7/2.0 MB
Progress (4): 6.3/9.0 MB | 49 kB | 31 kB | 1.7/2.0 MB
Progress (4): 6.3/9.0 MB | 49 kB | 31 kB | 1.7/2.0 MB
Progress (4): 6.3/9.0 MB | 49 kB | 31 kB | 1.8/2.0 MB
Progress (4): 6.3/9.0 MB | 49 kB | 31 kB | 1.8/2.0 MB
Progress (4): 6.3/9.0 MB | 49 kB | 31 kB | 1.8/2.0 MB
Progress (4): 6.3/9.0 MB | 49 kB | 31 kB | 1.8/2.0 MB
Progress (4): 6.3/9.0 MB | 49 kB | 31 kB | 1.8/2.0 MB
Progress (4): 6.3/9.0 MB | 49 kB | 31 kB | 1.8/2.0 MB
Progress (4): 6.3/9.0 MB | 49 kB | 31 kB | 1.9/2.0 MB
Progress (4): 6.3/9.0 MB | 49 kB | 31 kB | 1.9/2.0 MB
Progress (4): 6.3/9.0 MB | 49 kB | 31 kB | 1.9/2.0 MB
Progress (4): 6.3/9.0 MB | 49 kB | 31 kB | 1.9/2.0 MB
Progress (4): 6.3/9.0 MB | 49 kB | 31 kB | 1.9/2.0 MB
Progress (4): 6.3/9.0 MB | 49 kB | 31 kB | 1.9/2.0 MB
Progress (4): 6.3/9.0 MB | 49 kB | 31 kB | 1.9/2.0 MB
Progress (4): 6.3/9.0 MB | 49 kB | 31 kB | 2.0/2.0 MB
Progress (5): 6.3/9.0 MB | 49 kB | 31 kB | 2.0/2.0 MB | 3.3/24 kB
Progress (5): 6.3/9.0 MB | 49 kB | 31 kB | 2.0/2.0 MB | 3.3/24 kB
Progress (5): 6.3/9.0 MB | 49 kB | 31 kB | 2.0 MB | 3.3/24 kB    
Progress (5): 6.3/9.0 MB | 49 kB | 31 kB | 2.0 MB | 20/24 kB 
Progress (5): 6.3/9.0 MB | 49 kB | 31 kB | 2.0 MB | 24 kB   
                                                         
Downloaded from aliyunmaven: https://maven.aliyun.com/repository/public/org/skyscreamer/jsonassert/1.5.3/jsonassert-1.5.3.jar (31 kB at 23 kB/s)
Downloading from aliyunmaven: https://maven.aliyun.com/repository/public/org/springframework/spring-test/6.2.19/spring-test-6.2.19.jar
Progress (5): 6.3/9.0 MB | 49 kB | 2.0 MB | 24 kB | 0/1.0 MB
Progress (5): 6.3/9.0 MB | 49 kB | 2.0 MB | 24 kB | 0/1.0 MB
Progress (5): 6.3/9.0 MB | 49 kB | 2.0 MB | 24 kB | 0/1.0 MB
Progress (5): 6.3/9.0 MB | 49 kB | 2.0 MB | 24 kB | 0.1/1.0 MB
Progress (5): 6.3/9.0 MB | 49 kB | 2.0 MB | 24 kB | 0.1/1.0 MB
Progress (5): 6.3/9.0 MB | 49 kB | 2.0 MB | 24 kB | 0.1/1.0 MB
Progress (5): 6.3/9.0 MB | 49 kB | 2.0 MB | 24 kB | 0.1/1.0 MB
Progress (5): 6.3/9.0 MB | 49 kB | 2.0 MB | 24 kB | 0.1/1.0 MB
Progress (5): 6.3/9.0 MB | 49 kB | 2.0 MB | 24 kB | 0.1/1.0 MB
Progress (5): 6.3/9.0 MB | 49 kB | 2.0 MB | 24 kB | 0.2/1.0 MB
Progress (5): 6.3/9.0 MB | 49 kB | 2.0 MB | 24 kB | 0.2/1.0 MB
Progress (5): 6.3/9.0 MB | 49 kB | 2.0 MB | 24 kB | 0.2/1.0 MB
Progress (5): 6.3/9.0 MB | 49 kB | 2.0 MB | 24 kB | 0.2/1.0 MB
Progress (5): 6.3/9.0 MB | 49 kB | 2.0 MB | 24 kB | 0.2/1.0 MB
Progress (5): 6.3/9.0 MB | 49 kB | 2.0 MB | 24 kB | 0.2/1.0 MB
Progress (5): 6.3/9.0 MB | 49 kB | 2.0 MB | 24 kB | 0.3/1.0 MB
Progress (5): 6.3/9.0 MB | 49 kB | 2.0 MB | 24 kB | 0.3/1.0 MB
Progress (5): 6.3/9.0 MB | 49 kB | 2.0 MB | 24 kB | 0.3/1.0 MB
Progress (5): 6.3/9.0 MB | 49 kB | 2.0 MB | 24 kB | 0.3/1.0 MB
Progress (5): 6.3/9.0 MB | 49 kB | 2.0 MB | 24 kB | 0.3/1.0 MB
Progress (5): 6.3/9.0 MB | 49 kB | 2.0 MB | 24 kB | 0.3/1.0 MB
Progress (5): 6.3/9.0 MB | 49 kB | 2.0 MB | 24 kB | 0.3/1.0 MB
Progress (5): 6.3/9.0 MB | 49 kB | 2.0 MB | 24 kB | 0.3/1.0 MB
Progress (5): 6.3/9.0 MB | 49 kB | 2.0 MB | 24 kB | 0.3/1.0 MB
Progress (5): 6.3/9.0 MB | 49 kB | 2.0 MB | 24 kB | 0.3/1.0 MB
Progress (5): 6.3/9.0 MB | 49 kB | 2.0 MB | 24 kB | 0.3/1.0 MB
Progress (5): 6.3/9.0 MB | 49 kB | 2.0 MB | 24 kB | 0.3/1.0 MB
Progress (5): 6.3/9.0 MB | 49 kB | 2.0 MB | 24 kB | 0.3/1.0 MB
Progress (5): 6.3/9.0 MB | 49 kB | 2.0 MB | 24 kB | 0.3/1.0 MB
Progress (5): 6.3/9.0 MB | 49 kB | 2.0 MB | 24 kB | 0.3/1.0 MB
Progress (5): 6.3/9.0 MB | 49 kB | 2.0 MB | 24 kB | 0.3/1.0 MB
Progress (5): 6.3/9.0 MB | 49 kB | 2.0 MB | 24 kB | 0.3/1.0 MB
Progress (5): 6.3/9.0 MB | 49 kB | 2.0 MB | 24 kB | 0.4/1.0 MB
Progress (5): 6.3/9.0 MB | 49 kB | 2.0 MB | 24 kB | 0.4/1.0 MB
Progress (5): 6.3/9.0 MB | 49 kB | 2.0 MB | 24 kB | 0.4/1.0 MB
Progress (5): 6.3/9.0 MB | 49 kB | 2.0 MB | 24 kB | 0.4/1.0 MB
Progress (5): 6.3/9.0 MB | 49 kB | 2.0 MB | 24 kB | 0.4/1.0 MB
Progress (5): 6.3/9.0 MB | 49 kB | 2.0 MB | 24 kB | 0.4/1.0 MB
Progress (5): 6.3/9.0 MB | 49 kB | 2.0 MB | 24 kB | 0.4/1.0 MB
Progress (5): 6.3/9.0 MB | 49 kB | 2.0 MB | 24 kB | 0.4/1.0 MB
Progress (5): 6.3/9.0 MB | 49 kB | 2.0 MB | 24 kB | 0.4/1.0 MB
Progress (5): 6.3/9.0 MB | 49 kB | 2.0 MB | 24 kB | 0.4/1.0 MB
Progress (5): 6.3/9.0 MB | 49 kB | 2.0 MB | 24 kB | 0.4/1.0 MB
Progress (5): 6.3/9.0 MB | 49 kB | 2.0 MB | 24 kB | 0.4/1.0 MB
Progress (5): 6.3/9.0 MB | 49 kB | 2.0 MB | 24 kB | 0.5/1.0 MB
Progress (5): 6.3/9.0 MB | 49 kB | 2.0 MB | 24 kB | 0.5/1.0 MB
Progress (5): 6.3/9.0 MB | 49 kB | 2.0 MB | 24 kB | 0.5/1.0 MB
Progress (5): 6.3/9.0 MB | 49 kB | 2.0 MB | 24 kB | 0.5/1.0 MB
Progress (5): 6.3/9.0 MB | 49 kB | 2.0 MB | 24 kB | 0.5/1.0 MB
Progress (5): 6.3/9.0 MB | 49 kB | 2.0 MB | 24 kB | 0.5/1.0 MB
Progress (5): 6.3/9.0 MB | 49 kB | 2.0 MB | 24 kB | 0.5/1.0 MB
Progress (5): 6.3/9.0 MB | 49 kB | 2.0 MB | 24 kB | 0.5/1.0 MB
Progress (5): 6.3/9.0 MB | 49 kB | 2.0 MB | 24 kB | 0.5/1.0 MB
Progress (5): 6.3/9.0 MB | 49 kB | 2.0 MB | 24 kB | 0.6/1.0 MB
Progress (5): 6.3/9.0 MB | 49 kB | 2.0 MB | 24 kB | 0.6/1.0 MB
Progress (5): 6.3/9.0 MB | 49 kB | 2.0 MB | 24 kB | 0.6/1.0 MB
Progress (5): 6.3/9.0 MB | 49 kB | 2.0 MB | 24 kB | 0.6/1.0 MB
Progress (5): 6.3/9.0 MB | 49 kB | 2.0 MB | 24 kB | 0.6/1.0 MB
Progress (5): 6.3/9.0 MB | 49 kB | 2.0 MB | 24 kB | 0.6/1.0 MB
Progress (5): 6.3/9.0 MB | 49 kB | 2.0 MB | 24 kB | 0.7/1.0 MB
Progress (5): 6.3/9.0 MB | 49 kB | 2.0 MB | 24 kB | 0.7/1.0 MB
Progress (5): 6.3/9.0 MB | 49 kB | 2.0 MB | 24 kB | 0.7/1.0 MB
Progress (5): 6.3/9.0 MB | 49 kB | 2.0 MB | 24 kB | 0.7/1.0 MB
Progress (5): 6.3/9.0 MB | 49 kB | 2.0 MB | 24 kB | 0.7/1.0 MB
Progress (5): 6.3/9.0 MB | 49 kB | 2.0 MB | 24 kB | 0.7/1.0 MB
Progress (5): 6.3/9.0 MB | 49 kB | 2.0 MB | 24 kB | 0.8/1.0 MB
Progress (5): 6.3/9.0 MB | 49 kB | 2.0 MB | 24 kB | 0.8/1.0 MB
Progress (5): 6.3/9.0 MB | 49 kB | 2.0 MB | 24 kB | 0.8/1.0 MB
Progress (5): 6.3/9.0 MB | 49 kB | 2.0 MB | 24 kB | 0.8/1.0 MB
Progress (5): 6.3/9.0 MB | 49 kB | 2.0 MB | 24 kB | 0.8/1.0 MB
Progress (5): 6.3/9.0 MB | 49 kB | 2.0 MB | 24 kB | 0.8/1.0 MB
Progress (5): 6.3/9.0 MB | 49 kB | 2.0 MB | 24 kB | 0.9/1.0 MB
Progress (5): 6.3/9.0 MB | 49 kB | 2.0 MB | 24 kB | 0.9/1.0 MB
Progress (5): 6.3/9.0 MB | 49 kB | 2.0 MB | 24 kB | 0.9/1.0 MB
Progress (5): 6.3/9.0 MB | 49 kB | 2.0 MB | 24 kB | 0.9/1.0 MB
Progress (5): 6.3/9.0 MB | 49 kB | 2.0 MB | 24 kB | 0.9/1.0 MB
Progress (5): 6.3/9.0 MB | 49 kB | 2.0 MB | 24 kB | 0.9/1.0 MB
Progress (5): 6.3/9.0 MB | 49 kB | 2.0 MB | 24 kB | 1.0/1.0 MB
Progress (5): 6.3/9.0 MB | 49 kB | 2.0 MB | 24 kB | 1.0/1.0 MB
Progress (5): 6.3/9.0 MB | 49 kB | 2.0 MB | 24 kB | 1.0/1.0 MB
Progress (5): 6.3/9.0 MB | 49 kB | 2.0 MB | 24 kB | 1.0/1.0 MB
Progress (5): 6.3/9.0 MB | 49 kB | 2.0 MB | 24 kB | 1.0/1.0 MB
Progress (5): 6.3/9.0 MB | 49 kB | 2.0 MB | 24 kB | 1.0 MB    
                                                          
Downloaded from aliyunmaven: https://maven.aliyun.com/repository/public/org/springframework/spring-core/6.2.19/spring-core-6.2.19.jar (2.0 MB at 1.4 MB/s)
Downloading from aliyunmaven: https://maven.aliyun.com/repository/public/org/xmlunit/xmlunit-core/2.10.4/xmlunit-core-2.10.4.jar
Downloaded from aliyunmaven: https://maven.aliyun.com/repository/public/org/springframework/spring-jcl/6.2.19/spring-jcl-6.2.19.jar (24 kB at 17 kB/s)
Progress (4): 6.3/9.0 MB | 49 kB | 1.0 MB | 7.2/178 kB
Progress (4): 6.3/9.0 MB | 49 kB | 1.0 MB | 15/178 kB 
Progress (4): 6.3/9.0 MB | 49 kB | 1.0 MB | 32/178 kB
Progress (4): 6.3/9.0 MB | 49 kB | 1.0 MB | 48/178 kB
Progress (4): 6.3/9.0 MB | 49 kB | 1.0 MB | 64/178 kB
Progress (4): 6.3/9.0 MB | 49 kB | 1.0 MB | 81/178 kB
Progress (4): 6.3/9.0 MB | 49 kB | 1.0 MB | 97/178 kB
Progress (4): 6.3/9.0 MB | 49 kB | 1.0 MB | 114/178 kB
Progress (4): 6.3/9.0 MB | 49 kB | 1.0 MB | 130/178 kB
Progress (4): 6.3/9.0 MB | 49 kB | 1.0 MB | 146/178 kB
Progress (4): 6.3/9.0 MB | 49 kB | 1.0 MB | 163/178 kB
Progress (4): 6.3/9.0 MB | 49 kB | 1.0 MB | 178 kB    
                                                  
Downloaded from aliyunmaven: https://maven.aliyun.com/repository/public/org/springframework/spring-test/6.2.19/spring-test-6.2.19.jar (1.0 MB at 695 kB/s)
Downloaded from aliyunmaven: https://maven.aliyun.com/repository/public/org/objenesis/objenesis/3.3/objenesis-3.3.jar (49 kB at 33 kB/s)
Downloaded from aliyunmaven: https://maven.aliyun.com/repository/public/org/xmlunit/xmlunit-core/2.10.4/xmlunit-core-2.10.4.jar (178 kB at 118 kB/s)
Progress (1): 6.3/9.0 MB
Progress (1): 6.3/9.0 MB
Progress (1): 6.3/9.0 MB
Progress (1): 6.4/9.0 MB
Progress (1): 6.4/9.0 MB
Progress (1): 6.4/9.0 MB
Progress (1): 6.4/9.0 MB
Progress (1): 6.4/9.0 MB
Progress (1): 6.4/9.0 MB
Progress (1): 6.5/9.0 MB
Progress (1): 6.5/9.0 MB
Progress (1): 6.5/9.0 MB
Progress (1): 6.5/9.0 MB
Progress (1): 6.5/9.0 MB
Progress (1): 6.5/9.0 MB
Progress (1): 6.6/9.0 MB
Progress (1): 6.6/9.0 MB
Progress (1): 6.6/9.0 MB
Progress (1): 6.6/9.0 MB
Progress (1): 6.6/9.0 MB
Progress (1): 6.6/9.0 MB
Progress (1): 6.7/9.0 MB
Progress (1): 6.7/9.0 MB
Progress (1): 6.7/9.0 MB
Progress (1): 6.7/9.0 MB
Progress (1): 6.7/9.0 MB
Progress (1): 6.7/9.0 MB
Progress (1): 6.8/9.0 MB
Progress (1): 6.8/9.0 MB
Progress (1): 6.8/9.0 MB
Progress (1): 6.8/9.0 MB
Progress (1): 6.8/9.0 MB
Progress (1): 6.8/9.0 MB
Progress (1): 6.8/9.0 MB
Progress (1): 6.9/9.0 MB
Progress (1): 6.9/9.0 MB
Progress (1): 6.9/9.0 MB
Progress (1): 6.9/9.0 MB
Progress (1): 6.9/9.0 MB
Progress (1): 6.9/9.0 MB
Progress (1): 7.0/9.0 MB
Progress (1): 7.0/9.0 MB
Progress (1): 7.0/9.0 MB
Progress (1): 7.0/9.0 MB
Progress (1): 7.0/9.0 MB
Progress (1): 7.0/9.0 MB
Progress (1): 7.0/9.0 MB
Progress (1): 7.1/9.0 MB
Progress (1): 7.1/9.0 MB
Progress (1): 7.1/9.0 MB
Progress (1): 7.1/9.0 MB
Progress (1): 7.1/9.0 MB
Progress (1): 7.1/9.0 MB
Progress (1): 7.2/9.0 MB
Progress (1): 7.2/9.0 MB
Progress (1): 7.2/9.0 MB
Progress (1): 7.2/9.0 MB
Progress (1): 7.2/9.0 MB
Progress (1): 7.2/9.0 MB
Progress (1): 7.3/9.0 MB
Progress (1): 7.3/9.0 MB
Progress (1): 7.3/9.0 MB
Progress (1): 7.3/9.0 MB
Progress (1): 7.3/9.0 MB
Progress (1): 7.3/9.0 MB
Progress (1): 7.4/9.0 MB
Progress (1): 7.4/9.0 MB
Progress (1): 7.4/9.0 MB
Progress (1): 7.4/9.0 MB
Progress (1): 7.4/9.0 MB
Progress (1): 7.4/9.0 MB
Progress (1): 7.5/9.0 MB
Progress (1): 7.5/9.0 MB
Progress (1): 7.5/9.0 MB
Progress (1): 7.5/9.0 MB
Progress (1): 7.5/9.0 MB
Progress (1): 7.5/9.0 MB
Progress (1): 7.6/9.0 MB
Progress (1): 7.6/9.0 MB
Progress (1): 7.6/9.0 MB
Progress (1): 7.6/9.0 MB
Progress (1): 7.6/9.0 MB
Progress (1): 7.6/9.0 MB
Progress (1): 7.7/9.0 MB
Progress (1): 7.7/9.0 MB
Progress (1): 7.7/9.0 MB
Progress (1): 7.7/9.0 MB
Progress (1): 7.7/9.0 MB
Progress (1): 7.7/9.0 MB
Progress (1): 7.7/9.0 MB
Progress (1): 7.8/9.0 MB
Progress (1): 7.8/9.0 MB
Progress (1): 7.8/9.0 MB
Progress (1): 7.8/9.0 MB
Progress (1): 7.8/9.0 MB
Progress (1): 7.8/9.0 MB
Progress (1): 7.9/9.0 MB
Progress (1): 7.9/9.0 MB
Progress (1): 7.9/9.0 MB
Progress (1): 7.9/9.0 MB
Progress (1): 7.9/9.0 MB
Progress (1): 7.9/9.0 MB
Progress (1): 8.0/9.0 MB
Progress (1): 8.0/9.0 MB
Progress (1): 8.0/9.0 MB
Progress (1): 8.0/9.0 MB
Progress (1): 8.0/9.0 MB
Progress (1): 8.0/9.0 MB
Progress (1): 8.1/9.0 MB
Progress (1): 8.1/9.0 MB
Progress (1): 8.1/9.0 MB
Progress (1): 8.1/9.0 MB
Progress (1): 8.1/9.0 MB
Progress (1): 8.1/9.0 MB
Progress (1): 8.2/9.0 MB
Progress (1): 8.2/9.0 MB
Progress (1): 8.2/9.0 MB
Progress (1): 8.2/9.0 MB
Progress (1): 8.2/9.0 MB
Progress (1): 8.2/9.0 MB
Progress (1): 8.3/9.0 MB
Progress (1): 8.3/9.0 MB
Progress (1): 8.3/9.0 MB
Progress (1): 8.3/9.0 MB
Progress (1): 8.3/9.0 MB
Progress (1): 8.3/9.0 MB
Progress (1): 8.4/9.0 MB
Progress (1): 8.4/9.0 MB
Progress (1): 8.4/9.0 MB
Progress (1): 8.4/9.0 MB
Progress (1): 8.4/9.0 MB
Progress (1): 8.4/9.0 MB
Progress (1): 8.5/9.0 MB
Progress (1): 8.5/9.0 MB
Progress (1): 8.5/9.0 MB
Progress (1): 8.5/9.0 MB
Progress (1): 8.5/9.0 MB
Progress (1): 8.5/9.0 MB
Progress (1): 8.6/9.0 MB
Progress (1): 8.6/9.0 MB
Progress (1): 8.6/9.0 MB
Progress (1): 8.6/9.0 MB
Progress (1): 8.6/9.0 MB
Progress (1): 8.6/9.0 MB
Progress (1): 8.7/9.0 MB
Progress (1): 8.7/9.0 MB
Progress (1): 8.7/9.0 MB
Progress (1): 8.7/9.0 MB
Progress (1): 8.7/9.0 MB
Progress (1): 8.7/9.0 MB
Progress (1): 8.7/9.0 MB
Progress (1): 8.8/9.0 MB
Progress (1): 8.8/9.0 MB
Progress (1): 8.8/9.0 MB
Progress (1): 8.8/9.0 MB
Progress (1): 8.8/9.0 MB
Progress (1): 8.8/9.0 MB
Progress (1): 8.9/9.0 MB
Progress (1): 8.9/9.0 MB
Progress (1): 8.9/9.0 MB
Progress (1): 8.9/9.0 MB
Progress (1): 8.9/9.0 MB
Progress (1): 8.9/9.0 MB
Progress (1): 9.0/9.0 MB
Progress (1): 9.0/9.0 MB
Progress (1): 9.0/9.0 MB
Progress (1): 9.0/9.0 MB
Progress (1): 9.0 MB    
                    
Downloaded from aliyunmaven: https://maven.aliyun.com/repository/public/net/bytebuddy/byte-buddy/1.17.8/byte-buddy-1.17.8.jar (9.0 MB at 4.1 MB/s)
[INFO] 
[INFO] --- clean:3.2.0:clean (default-clean) @ mall-common-core ---
[INFO] Deleting D:\Desktop\ai-platform\implementation\ai-platform-backend\mall-common\mall-common-core\target
[INFO] 
[INFO] --- enforcer:3.5.0:enforce (enforce-environment) @ mall-common-core ---
[INFO] 
[INFO] --- resources:3.3.1:resources (default-resources) @ mall-common-core ---
Downloading from aliyunmaven: https://maven.aliyun.com/repository/public/org/codehaus/plexus/plexus-interpolation/1.26/plexus-interpolation-1.26.pom
Progress (1): 2.7 kB
                    
Downloaded from aliyunmaven: https://maven.aliyun.com/repository/public/org/codehaus/plexus/plexus-interpolation/1.26/plexus-interpolation-1.26.pom (2.7 kB at 62 kB/s)
Downloading from aliyunmaven: https://maven.aliyun.com/repository/public/org/codehaus/plexus/plexus/5.1/plexus-5.1.pom
Progress (1): 7.3/23 kB
Progress (1): 15/23 kB 
Progress (1): 23 kB   
                   
Downloaded from aliyunmaven: https://maven.aliyun.com/repository/public/org/codehaus/plexus/plexus/5.1/plexus-5.1.pom (23 kB at 459 kB/s)
Downloading from aliyunmaven: https://maven.aliyun.com/repository/public/org/codehaus/plexus/plexus-utils/3.5.1/plexus-utils-3.5.1.pom
Progress (1): 1.9/8.8 kB
Progress (1): 8.8 kB    
                    
Downloaded from aliyunmaven: https://maven.aliyun.com/repository/public/org/codehaus/plexus/plexus-utils/3.5.1/plexus-utils-3.5.1.pom (8.8 kB at 172 kB/s)
Downloading from aliyunmaven: https://maven.aliyun.com/repository/public/org/codehaus/plexus/plexus/10/plexus-10.pom
Progress (1): 7.3/25 kB
Progress (1): 7.8/25 kB
Progress (1): 24/25 kB 
Progress (1): 25 kB   
                   
Downloaded from aliyunmaven: https://maven.aliyun.com/repository/public/org/codehaus/plexus/plexus/10/plexus-10.pom (25 kB at 540 kB/s)
Downloading from aliyunmaven: https://maven.aliyun.com/repository/public/org/apache/maven/shared/maven-filtering/3.3.1/maven-filtering-3.3.1.pom
Progress (1): 6.0 kB
                    
Downloaded from aliyunmaven: https://maven.aliyun.com/repository/public/org/apache/maven/shared/maven-filtering/3.3.1/maven-filtering-3.3.1.pom (6.0 kB at 110 kB/s)
Downloading from aliyunmaven: https://maven.aliyun.com/repository/public/org/apache/maven/shared/maven-shared-components/39/maven-shared-components-39.pom
Progress (1): 1.9/3.2 kB
Progress (1): 3.2 kB    
                    
Downloaded from aliyunmaven: https://maven.aliyun.com/repository/public/org/apache/maven/shared/maven-shared-components/39/maven-shared-components-39.pom (3.2 kB at 47 kB/s)
Downloading from aliyunmaven: https://maven.aliyun.com/repository/public/javax/inject/javax.inject/1/javax.inject-1.pom
Progress (1): 612 B
                   
Downloaded from aliyunmaven: https://maven.aliyun.com/repository/public/javax/inject/javax.inject/1/javax.inject-1.pom (612 B at 13 kB/s)
Downloading from aliyunmaven: https://maven.aliyun.com/repository/public/org/slf4j/slf4j-api/1.7.36/slf4j-api-1.7.36.pom
Progress (1): 0.5/2.7 kB
Progress (1): 2.7 kB    
                    
Downloaded from aliyunmaven: https://maven.aliyun.com/repository/public/org/slf4j/slf4j-api/1.7.36/slf4j-api-1.7.36.pom (2.7 kB at 65 kB/s)
Downloading from aliyunmaven: https://maven.aliyun.com/repository/public/org/slf4j/slf4j-parent/1.7.36/slf4j-parent-1.7.36.pom
Progress (1): 3.4/14 kB
Progress (1): 14 kB    
                   
Downloaded from aliyunmaven: https://maven.aliyun.com/repository/public/org/slf4j/slf4j-parent/1.7.36/slf4j-parent-1.7.36.pom (14 kB at 247 kB/s)
Downloading from aliyunmaven: https://maven.aliyun.com/repository/public/org/sonatype/plexus/plexus-build-api/0.0.7/plexus-build-api-0.0.7.pom
Progress (1): 3.2 kB
                    
Downloaded from aliyunmaven: https://maven.aliyun.com/repository/public/org/sonatype/plexus/plexus-build-api/0.0.7/plexus-build-api-0.0.7.pom (3.2 kB at 46 kB/s)
Downloading from aliyunmaven: https://maven.aliyun.com/repository/public/org/sonatype/spice/spice-parent/15/spice-parent-15.pom
Progress (1): 7.3/8.4 kB
Progress (1): 8.4 kB    
                    
Downloaded from aliyunmaven: https://maven.aliyun.com/repository/public/org/sonatype/spice/spice-parent/15/spice-parent-15.pom (8.4 kB at 174 kB/s)
Downloading from aliyunmaven: https://maven.aliyun.com/repository/public/org/sonatype/forge/forge-parent/5/forge-parent-5.pom
Progress (1): 7.3/8.4 kB
Progress (1): 8.4 kB    
                    
Downloaded from aliyunmaven: https://maven.aliyun.com/repository/public/org/sonatype/forge/forge-parent/5/forge-parent-5.pom (8.4 kB at 147 kB/s)
Downloading from aliyunmaven: https://maven.aliyun.com/repository/public/org/codehaus/plexus/plexus-utils/3.5.0/plexus-utils-3.5.0.pom
Progress (1): 7.3/8.0 kB
Progress (1): 8.0 kB    
                    
Downloaded from aliyunmaven: https://maven.aliyun.com/repository/public/org/codehaus/plexus/plexus-utils/3.5.0/plexus-utils-3.5.0.pom (8.0 kB at 131 kB/s)
Downloading from aliyunmaven: https://maven.aliyun.com/repository/public/commons-io/commons-io/2.11.0/commons-io-2.11.0.pom
Progress (1): 7.3/20 kB
Progress (1): 7.8/20 kB
Progress (1): 20 kB    
                   
Downloaded from aliyunmaven: https://maven.aliyun.com/repository/public/commons-io/commons-io/2.11.0/commons-io-2.11.0.pom (20 kB at 299 kB/s)
Downloading from aliyunmaven: https://maven.aliyun.com/repository/public/org/junit/junit-bom/5.7.2/junit-bom-5.7.2.pom
Progress (1): 1.9/5.1 kB
Progress (1): 5.1 kB    
                    
Downloaded from aliyunmaven: https://maven.aliyun.com/repository/public/org/junit/junit-bom/5.7.2/junit-bom-5.7.2.pom (5.1 kB at 89 kB/s)
Downloading from aliyunmaven: https://maven.aliyun.com/repository/public/org/apache/commons/commons-lang3/3.12.0/commons-lang3-3.12.0.pom
Progress (1): 7.3/31 kB
Progress (1): 15/31 kB 
Progress (1): 31 kB   
                   
Downloaded from aliyunmaven: https://maven.aliyun.com/repository/public/org/apache/commons/commons-lang3/3.12.0/commons-lang3-3.12.0.pom (31 kB at 590 kB/s)
Downloading from aliyunmaven: https://maven.aliyun.com/repository/public/org/junit/junit-bom/5.7.1/junit-bom-5.7.1.pom
Progress (1): 5.1 kB
                    
Downloaded from aliyunmaven: https://maven.aliyun.com/repository/public/org/junit/junit-bom/5.7.1/junit-bom-5.7.1.pom (5.1 kB at 108 kB/s)
Downloading from aliyunmaven: https://maven.aliyun.com/repository/public/org/codehaus/plexus/plexus-interpolation/1.26/plexus-interpolation-1.26.jar
Progress (1): 7.3/85 kB
Progress (1): 15/85 kB 
Progress (1): 32/85 kB
Progress (1): 48/85 kB
Progress (1): 65/85 kB
Progress (1): 81/85 kB
Progress (1): 85 kB   
                   
Downloaded from aliyunmaven: https://maven.aliyun.com/repository/public/org/codehaus/plexus/plexus-interpolation/1.26/plexus-interpolation-1.26.jar (85 kB at 1.5 MB/s)
Downloading from aliyunmaven: https://maven.aliyun.com/repository/public/org/codehaus/plexus/plexus-utils/3.5.1/plexus-utils-3.5.1.jar
Downloading from aliyunmaven: https://maven.aliyun.com/repository/public/org/apache/maven/shared/maven-filtering/3.3.1/maven-filtering-3.3.1.jar
Downloading from aliyunmaven: https://maven.aliyun.com/repository/public/javax/inject/javax.inject/1/javax.inject-1.jar
Downloading from aliyunmaven: https://maven.aliyun.com/repository/public/org/slf4j/slf4j-api/1.7.36/slf4j-api-1.7.36.jar
Downloading from aliyunmaven: https://maven.aliyun.com/repository/public/org/sonatype/plexus/plexus-build-api/0.0.7/plexus-build-api-0.0.7.jar
Progress (1): 2.5 kB
Progress (2): 2.5 kB | 7.3/8.5 kB
Progress (2): 2.5 kB | 8.5 kB    
Progress (3): 2.5 kB | 8.5 kB | 7.3/41 kB
Progress (3): 2.5 kB | 8.5 kB | 16/41 kB 
Progress (3): 2.5 kB | 8.5 kB | 32/41 kB
Progress (3): 2.5 kB | 8.5 kB | 41 kB   
Progress (4): 2.5 kB | 8.5 kB | 41 kB | 1.9/269 kB
Progress (4): 2.5 kB | 8.5 kB | 41 kB | 18/269 kB 
Progress (4): 2.5 kB | 8.5 kB | 41 kB | 27/269 kB
Progress (4): 2.5 kB | 8.5 kB | 41 kB | 43/269 kB
Progress (4): 2.5 kB | 8.5 kB | 41 kB | 60/269 kB
Progress (4): 2.5 kB | 8.5 kB | 41 kB | 76/269 kB
Progress (4): 2.5 kB | 8.5 kB | 41 kB | 91/269 kB
Progress (4): 2.5 kB | 8.5 kB | 41 kB | 107/269 kB
Progress (4): 2.5 kB | 8.5 kB | 41 kB | 124/269 kB
Progress (4): 2.5 kB | 8.5 kB | 41 kB | 140/269 kB
Progress (4): 2.5 kB | 8.5 kB | 41 kB | 155/269 kB
Progress (4): 2.5 kB | 8.5 kB | 41 kB | 172/269 kB
Progress (4): 2.5 kB | 8.5 kB | 41 kB | 188/269 kB
Progress (4): 2.5 kB | 8.5 kB | 41 kB | 204/269 kB
Progress (4): 2.5 kB | 8.5 kB | 41 kB | 221/269 kB
Progress (4): 2.5 kB | 8.5 kB | 41 kB | 237/269 kB
Progress (4): 2.5 kB | 8.5 kB | 41 kB | 254/269 kB
Progress (4): 2.5 kB | 8.5 kB | 41 kB | 269 kB    
                                              
Downloaded from aliyunmaven: https://maven.aliyun.com/repository/public/javax/inject/javax.inject/1/javax.inject-1.jar (2.5 kB at 52 kB/s)
Downloading from aliyunmaven: https://maven.aliyun.com/repository/public/commons-io/commons-io/2.11.0/commons-io-2.11.0.jar
Downloaded from aliyunmaven: https://maven.aliyun.com/repository/public/org/codehaus/plexus/plexus-utils/3.5.1/plexus-utils-3.5.1.jar (269 kB at 4.8 MB/s)
Downloading from aliyunmaven: https://maven.aliyun.com/repository/public/org/apache/commons/commons-lang3/3.12.0/commons-lang3-3.12.0.jar
Progress (3): 8.5 kB | 41 kB | 7.3/327 kB
Progress (3): 8.5 kB | 41 kB | 16/327 kB 
Progress (3): 8.5 kB | 41 kB | 32/327 kB
Progress (3): 8.5 kB | 41 kB | 48/327 kB
Progress (3): 8.5 kB | 41 kB | 65/327 kB
Progress (3): 8.5 kB | 41 kB | 81/327 kB
Progress (3): 8.5 kB | 41 kB | 97/327 kB
Progress (3): 8.5 kB | 41 kB | 114/327 kB
Progress (3): 8.5 kB | 41 kB | 130/327 kB
Progress (3): 8.5 kB | 41 kB | 146/327 kB
Progress (3): 8.5 kB | 41 kB | 163/327 kB
Progress (3): 8.5 kB | 41 kB | 179/327 kB
Progress (3): 8.5 kB | 41 kB | 196/327 kB
Progress (3): 8.5 kB | 41 kB | 212/327 kB
Progress (3): 8.5 kB | 41 kB | 228/327 kB
Progress (3): 8.5 kB | 41 kB | 245/327 kB
Progress (3): 8.5 kB | 41 kB | 261/327 kB
Progress (3): 8.5 kB | 41 kB | 278/327 kB
Progress (3): 8.5 kB | 41 kB | 294/327 kB
Progress (3): 8.5 kB | 41 kB | 310/327 kB
Progress (3): 8.5 kB | 41 kB | 327/327 kB
Progress (3): 8.5 kB | 41 kB | 327 kB    
Progress (4): 8.5 kB | 41 kB | 327 kB | 7.3/587 kB
Progress (4): 8.5 kB | 41 kB | 327 kB | 15/587 kB 
Progress (4): 8.5 kB | 41 kB | 327 kB | 32/587 kB
Progress (4): 8.5 kB | 41 kB | 327 kB | 48/587 kB
Progress (4): 8.5 kB | 41 kB | 327 kB | 65/587 kB
Progress (4): 8.5 kB | 41 kB | 327 kB | 81/587 kB
Progress (4): 8.5 kB | 41 kB | 327 kB | 97/587 kB
Progress (4): 8.5 kB | 41 kB | 327 kB | 114/587 kB
Progress (4): 8.5 kB | 41 kB | 327 kB | 130/587 kB
Progress (4): 8.5 kB | 41 kB | 327 kB | 146/587 kB
Progress (4): 8.5 kB | 41 kB | 327 kB | 163/587 kB
Progress (4): 8.5 kB | 41 kB | 327 kB | 179/587 kB
Progress (4): 8.5 kB | 41 kB | 327 kB | 196/587 kB
Progress (4): 8.5 kB | 41 kB | 327 kB | 212/587 kB
Progress (4): 8.5 kB | 41 kB | 327 kB | 228/587 kB
Progress (4): 8.5 kB | 41 kB | 327 kB | 245/587 kB
Progress (4): 8.5 kB | 41 kB | 327 kB | 261/587 kB
Progress (4): 8.5 kB | 41 kB | 327 kB | 278/587 kB
Progress (4): 8.5 kB | 41 kB | 327 kB | 294/587 kB
Progress (4): 8.5 kB | 41 kB | 327 kB | 310/587 kB
Progress (4): 8.5 kB | 41 kB | 327 kB | 327/587 kB
Progress (4): 8.5 kB | 41 kB | 327 kB | 343/587 kB
Progress (4): 8.5 kB | 41 kB | 327 kB | 359/587 kB
Progress (4): 8.5 kB | 41 kB | 327 kB | 376/587 kB
Progress (4): 8.5 kB | 41 kB | 327 kB | 392/587 kB
Progress (4): 8.5 kB | 41 kB | 327 kB | 409/587 kB
Progress (4): 8.5 kB | 41 kB | 327 kB | 425/587 kB
Progress (4): 8.5 kB | 41 kB | 327 kB | 441/587 kB
Progress (4): 8.5 kB | 41 kB | 327 kB | 458/587 kB
Progress (4): 8.5 kB | 41 kB | 327 kB | 474/587 kB
Progress (4): 8.5 kB | 41 kB | 327 kB | 491/587 kB
Progress (4): 8.5 kB | 41 kB | 327 kB | 507/587 kB
Progress (4): 8.5 kB | 41 kB | 327 kB | 523/587 kB
Progress (4): 8.5 kB | 41 kB | 327 kB | 524/587 kB
Progress (4): 8.5 kB | 41 kB | 327 kB | 541/587 kB
Progress (4): 8.5 kB | 41 kB | 327 kB | 557/587 kB
Progress (4): 8.5 kB | 41 kB | 327 kB | 573/587 kB
Progress (4): 8.5 kB | 41 kB | 327 kB | 587 kB    
                                              
Downloaded from aliyunmaven: https://maven.aliyun.com/repository/public/commons-io/commons-io/2.11.0/commons-io-2.11.0.jar (327 kB at 3.0 MB/s)
Downloaded from aliyunmaven: https://maven.aliyun.com/repository/public/org/sonatype/plexus/plexus-build-api/0.0.7/plexus-build-api-0.0.7.jar (8.5 kB at 62 kB/s)
Downloaded from aliyunmaven: https://maven.aliyun.com/repository/public/org/apache/commons/commons-lang3/3.12.0/commons-lang3-3.12.0.jar (587 kB at 3.8 MB/s)
Progress (2): 41 kB | 1.9/55 kB
Progress (2): 41 kB | 18/55 kB 
Progress (2): 41 kB | 35/55 kB
Progress (2): 41 kB | 51/55 kB
Progress (2): 41 kB | 55 kB   
                           
Downloaded from aliyunmaven: https://maven.aliyun.com/repository/public/org/apache/maven/shared/maven-filtering/3.3.1/maven-filtering-3.3.1.jar (55 kB at 208 kB/s)
Downloaded from aliyunmaven: https://maven.aliyun.com/repository/public/org/slf4j/slf4j-api/1.7.36/slf4j-api-1.7.36.jar (41 kB at 94 kB/s)
[INFO] skip non existing resourceDirectory D:\Desktop\ai-platform\implementation\ai-platform-backend\mall-common\mall-common-core\src\main\resources
[INFO] 
[INFO] --- compiler:3.14.0:compile (default-compile) @ mall-common-core ---
Downloading from aliyunmaven: https://maven.aliyun.com/repository/public/org/apache/maven/shared/maven-shared-utils/3.4.2/maven-shared-utils-3.4.2.pom
Progress (1): 5.9 kB
                    
Downloaded from aliyunmaven: https://maven.aliyun.com/repository/public/org/apache/maven/shared/maven-shared-utils/3.4.2/maven-shared-utils-3.4.2.pom (5.9 kB at 123 kB/s)
Downloading from aliyunmaven: https://maven.aliyun.com/repository/public/org/apache/maven/shared/maven-shared-incremental/1.1/maven-shared-incremental-1.1.pom
Progress (1): 4.7 kB
                    
Downloaded from aliyunmaven: https://maven.aliyun.com/repository/public/org/apache/maven/shared/maven-shared-incremental/1.1/maven-shared-incremental-1.1.pom (4.7 kB at 93 kB/s)
Downloading from aliyunmaven: https://maven.aliyun.com/repository/public/org/apache/maven/shared/maven-shared-components/19/maven-shared-components-19.pom
Progress (1): 0.5/6.4 kB
Progress (1): 6.4 kB    
                    
Downloaded from aliyunmaven: https://maven.aliyun.com/repository/public/org/apache/maven/shared/maven-shared-components/19/maven-shared-components-19.pom (6.4 kB at 132 kB/s)
Downloading from aliyunmaven: https://maven.aliyun.com/repository/public/org/apache/maven/maven-parent/23/maven-parent-23.pom
Progress (1): 1.9/33 kB
Progress (1): 18/33 kB 
Progress (1): 33 kB   
                   
Downloaded from aliyunmaven: https://maven.aliyun.com/repository/public/org/apache/maven/maven-parent/23/maven-parent-23.pom (33 kB at 665 kB/s)
Downloading from aliyunmaven: https://maven.aliyun.com/repository/public/org/codehaus/plexus/plexus-java/1.4.0/plexus-java-1.4.0.pom
Progress (1): 1.9/4.1 kB
Progress (1): 4.1 kB    
                    
Downloaded from aliyunmaven: https://maven.aliyun.com/repository/public/org/codehaus/plexus/plexus-java/1.4.0/plexus-java-1.4.0.pom (4.1 kB at 64 kB/s)
Downloading from aliyunmaven: https://maven.aliyun.com/repository/public/org/codehaus/plexus/plexus-languages/1.4.0/plexus-languages-1.4.0.pom
Progress (1): 3.9 kB
                    
Downloaded from aliyunmaven: https://maven.aliyun.com/repository/public/org/codehaus/plexus/plexus-languages/1.4.0/plexus-languages-1.4.0.pom (3.9 kB at 86 kB/s)
Downloading from aliyunmaven: https://maven.aliyun.com/repository/public/org/codehaus/plexus/plexus/20/plexus-20.pom
Progress (1): 1.9/29 kB
Progress (1): 18/29 kB 
Progress (1): 29 kB   
                   
Downloaded from aliyunmaven: https://maven.aliyun.com/repository/public/org/codehaus/plexus/plexus/20/plexus-20.pom (29 kB at 389 kB/s)
Downloading from aliyunmaven: https://maven.aliyun.com/repository/public/com/thoughtworks/qdox/qdox/2.2.0/qdox-2.2.0.pom
Progress (1): 7.2/18 kB
Progress (1): 15/18 kB 
Progress (1): 18 kB   
                   
Downloaded from aliyunmaven: https://maven.aliyun.com/repository/public/com/thoughtworks/qdox/qdox/2.2.0/qdox-2.2.0.pom (18 kB at 210 kB/s)
Downloading from aliyunmaven: https://maven.aliyun.com/repository/public/org/codehaus/plexus/plexus-compiler-api/2.15.0/plexus-compiler-api-2.15.0.pom
Progress (1): 1.4 kB
                    
Downloaded from aliyunmaven: https://maven.aliyun.com/repository/public/org/codehaus/plexus/plexus-compiler-api/2.15.0/plexus-compiler-api-2.15.0.pom (1.4 kB at 20 kB/s)
Downloading from aliyunmaven: https://maven.aliyun.com/repository/public/org/codehaus/plexus/plexus-compiler/2.15.0/plexus-compiler-2.15.0.pom
Progress (1): 7.3/7.6 kB
Progress (1): 7.6 kB    
                    
Downloaded from aliyunmaven: https://maven.aliyun.com/repository/public/org/codehaus/plexus/plexus-compiler/2.15.0/plexus-compiler-2.15.0.pom (7.6 kB at 181 kB/s)
Downloading from aliyunmaven: https://maven.aliyun.com/repository/public/org/codehaus/plexus/plexus-compiler-manager/2.15.0/plexus-compiler-manager-2.15.0.pom
Progress (1): 1.3 kB
                    
Downloaded from aliyunmaven: https://maven.aliyun.com/repository/public/org/codehaus/plexus/plexus-compiler-manager/2.15.0/plexus-compiler-manager-2.15.0.pom (1.3 kB at 34 kB/s)
Downloading from aliyunmaven: https://maven.aliyun.com/repository/public/org/codehaus/plexus/plexus-xml/3.0.1/plexus-xml-3.0.1.pom
Progress (1): 3.7 kB
                    
Downloaded from aliyunmaven: https://maven.aliyun.com/repository/public/org/codehaus/plexus/plexus-xml/3.0.1/plexus-xml-3.0.1.pom (3.7 kB at 82 kB/s)
Downloading from aliyunmaven: https://maven.aliyun.com/repository/public/org/codehaus/plexus/plexus/18/plexus-18.pom
Progress (1): 1.9/29 kB
Progress (1): 18/29 kB 
Progress (1): 29 kB   
                   
Downloaded from aliyunmaven: https://maven.aliyun.com/repository/public/org/codehaus/plexus/plexus/18/plexus-18.pom (29 kB at 562 kB/s)
Downloading from aliyunmaven: https://maven.aliyun.com/repository/public/org/codehaus/plexus/plexus-compiler-javac/2.15.0/plexus-compiler-javac-2.15.0.pom
Progress (1): 1.3 kB
                    
Downloaded from aliyunmaven: https://maven.aliyun.com/repository/public/org/codehaus/plexus/plexus-compiler-javac/2.15.0/plexus-compiler-javac-2.15.0.pom (1.3 kB at 32 kB/s)
Downloading from aliyunmaven: https://maven.aliyun.com/repository/public/org/codehaus/plexus/plexus-compilers/2.15.0/plexus-compilers-2.15.0.pom
Progress (1): 0.5/1.6 kB
Progress (1): 1.6 kB    
                    
Downloaded from aliyunmaven: https://maven.aliyun.com/repository/public/org/codehaus/plexus/plexus-compilers/2.15.0/plexus-compilers-2.15.0.pom (1.6 kB at 37 kB/s)
Downloading from aliyunmaven: https://maven.aliyun.com/repository/public/org/apache/maven/shared/maven-shared-utils/3.4.2/maven-shared-utils-3.4.2.jar
Progress (1): 1.9/151 kB
Progress (1): 18/151 kB 
Progress (1): 35/151 kB
Progress (1): 51/151 kB
Progress (1): 67/151 kB
Progress (1): 84/151 kB
Progress (1): 100/151 kB
Progress (1): 117/151 kB
Progress (1): 133/151 kB
Progress (1): 149/151 kB
Progress (1): 151 kB    
                    
Downloaded from aliyunmaven: https://maven.aliyun.com/repository/public/org/apache/maven/shared/maven-shared-utils/3.4.2/maven-shared-utils-3.4.2.jar (151 kB at 3.0 MB/s)
Downloading from aliyunmaven: https://maven.aliyun.com/repository/public/org/apache/maven/shared/maven-shared-incremental/1.1/maven-shared-incremental-1.1.jar
Downloading from aliyunmaven: https://maven.aliyun.com/repository/public/org/codehaus/plexus/plexus-java/1.4.0/plexus-java-1.4.0.jar
Downloading from aliyunmaven: https://maven.aliyun.com/repository/public/com/thoughtworks/qdox/qdox/2.2.0/qdox-2.2.0.jar
Downloading from aliyunmaven: https://maven.aliyun.com/repository/public/org/codehaus/plexus/plexus-compiler-api/2.15.0/plexus-compiler-api-2.15.0.jar
Downloading from aliyunmaven: https://maven.aliyun.com/repository/public/org/codehaus/plexus/plexus-compiler-manager/2.15.0/plexus-compiler-manager-2.15.0.jar
Progress (1): 0.5/29 kB
Progress (1): 17/29 kB 
Progress (1): 29 kB   
Progress (2): 29 kB | 7.3/14 kB
Progress (3): 29 kB | 7.3/14 kB | 7.2/353 kB
Progress (3): 29 kB | 7.3/14 kB | 14/353 kB 
Progress (3): 29 kB | 14 kB | 14/353 kB    
Progress (3): 29 kB | 14 kB | 30/353 kB
Progress (3): 29 kB | 14 kB | 46/353 kB
Progress (3): 29 kB | 14 kB | 63/353 kB
Progress (3): 29 kB | 14 kB | 79/353 kB
Progress (3): 29 kB | 14 kB | 95/353 kB
Progress (3): 29 kB | 14 kB | 112/353 kB
Progress (3): 29 kB | 14 kB | 128/353 kB
Progress (3): 29 kB | 14 kB | 145/353 kB
Progress (3): 29 kB | 14 kB | 161/353 kB
Progress (3): 29 kB | 14 kB | 164/353 kB
Progress (4): 29 kB | 14 kB | 164/353 kB | 5.2 kB
Progress (4): 29 kB | 14 kB | 180/353 kB | 5.2 kB
Progress (4): 29 kB | 14 kB | 197/353 kB | 5.2 kB
Progress (4): 29 kB | 14 kB | 213/353 kB | 5.2 kB
Progress (4): 29 kB | 14 kB | 215/353 kB | 5.2 kB
Progress (4): 29 kB | 14 kB | 231/353 kB | 5.2 kB
Progress (4): 29 kB | 14 kB | 243/353 kB | 5.2 kB
Progress (4): 29 kB | 14 kB | 259/353 kB | 5.2 kB
Progress (4): 29 kB | 14 kB | 276/353 kB | 5.2 kB
Progress (4): 29 kB | 14 kB | 279/353 kB | 5.2 kB
Progress (4): 29 kB | 14 kB | 296/353 kB | 5.2 kB
Progress (5): 29 kB | 14 kB | 296/353 kB | 5.2 kB | 1.9/57 kB
Progress (5): 29 kB | 14 kB | 296/353 kB | 5.2 kB | 18/57 kB 
Progress (5): 29 kB | 14 kB | 296/353 kB | 5.2 kB | 35/57 kB
Progress (5): 29 kB | 14 kB | 312/353 kB | 5.2 kB | 35/57 kB
Progress (5): 29 kB | 14 kB | 317/353 kB | 5.2 kB | 35/57 kB
Progress (5): 29 kB | 14 kB | 334/353 kB | 5.2 kB | 35/57 kB
Progress (5): 29 kB | 14 kB | 350/353 kB | 5.2 kB | 35/57 kB
Progress (5): 29 kB | 14 kB | 353 kB | 5.2 kB | 35/57 kB    
Progress (5): 29 kB | 14 kB | 353 kB | 5.2 kB | 51/57 kB
Progress (5): 29 kB | 14 kB | 353 kB | 5.2 kB | 57 kB   
                                                     
Downloaded from aliyunmaven: https://maven.aliyun.com/repository/public/com/thoughtworks/qdox/qdox/2.2.0/qdox-2.2.0.jar (353 kB at 6.7 MB/s)
Downloading from aliyunmaven: https://maven.aliyun.com/repository/public/org/codehaus/plexus/plexus-xml/3.0.1/plexus-xml-3.0.1.jar
Downloaded from aliyunmaven: https://maven.aliyun.com/repository/public/org/codehaus/plexus/plexus-java/1.4.0/plexus-java-1.4.0.jar (57 kB at 955 kB/s)
Downloading from aliyunmaven: https://maven.aliyun.com/repository/public/org/codehaus/plexus/plexus-compiler-javac/2.15.0/plexus-compiler-javac-2.15.0.jar
Downloaded from aliyunmaven: https://maven.aliyun.com/repository/public/org/codehaus/plexus/plexus-compiler-manager/2.15.0/plexus-compiler-manager-2.15.0.jar (5.2 kB at 83 kB/s)
Progress (3): 29 kB | 14 kB | 7.3/26 kB
Progress (3): 29 kB | 14 kB | 15/26 kB 
Progress (3): 29 kB | 14 kB | 26 kB   
Progress (4): 29 kB | 14 kB | 26 kB | 7.3/94 kB
Progress (4): 29 kB | 14 kB | 26 kB | 15/94 kB 
Progress (4): 29 kB | 14 kB | 26 kB | 32/94 kB
Progress (4): 29 kB | 14 kB | 26 kB | 48/94 kB
Progress (4): 29 kB | 14 kB | 26 kB | 65/94 kB
Progress (4): 29 kB | 14 kB | 26 kB | 81/94 kB
Progress (4): 29 kB | 14 kB | 26 kB | 94 kB   
                                           
Downloaded from aliyunmaven: https://maven.aliyun.com/repository/public/org/codehaus/plexus/plexus-xml/3.0.1/plexus-xml-3.0.1.jar (94 kB at 731 kB/s)
Downloaded from aliyunmaven: https://maven.aliyun.com/repository/public/org/apache/maven/shared/maven-shared-incremental/1.1/maven-shared-incremental-1.1.jar (14 kB at 88 kB/s)
Downloaded from aliyunmaven: https://maven.aliyun.com/repository/public/org/codehaus/plexus/plexus-compiler-javac/2.15.0/plexus-compiler-javac-2.15.0.jar (26 kB at 117 kB/s)
Downloaded from aliyunmaven: https://maven.aliyun.com/repository/public/org/codehaus/plexus/plexus-compiler-api/2.15.0/plexus-compiler-api-2.15.0.jar (29 kB at 99 kB/s)
[INFO] Recompiling the module because of changed source code.
[INFO] Compiling 6 source files with javac [debug release 21] to target\classes
[INFO] 
[INFO] --- resources:3.3.1:testResources (default-testResources) @ mall-common-core ---
[INFO] skip non existing resourceDirectory D:\Desktop\ai-platform\implementation\ai-platform-backend\mall-common\mall-common-core\src\test\resources
[INFO] 
[INFO] --- compiler:3.14.0:testCompile (default-testCompile) @ mall-common-core ---
[INFO] Recompiling the module because of changed dependency.
[INFO] Compiling 3 source files with javac [debug release 21] to target\test-classes
[INFO] 
[INFO] --- surefire:3.5.2:test (default-test) @ mall-common-core ---
Downloading from aliyunmaven: https://maven.aliyun.com/repository/public/org/apache/maven/surefire/surefire-api/3.5.2/surefire-api-3.5.2.pom
Progress (1): 3.3/3.5 kB
Progress (1): 3.5 kB    
                    
Downloaded from aliyunmaven: https://maven.aliyun.com/repository/public/org/apache/maven/surefire/surefire-api/3.5.2/surefire-api-3.5.2.pom (3.5 kB at 16 kB/s)
Downloading from aliyunmaven: https://maven.aliyun.com/repository/public/org/apache/maven/surefire/surefire-logger-api/3.5.2/surefire-logger-api-3.5.2.pom
Progress (1): 3.3 kB
                    
Downloaded from aliyunmaven: https://maven.aliyun.com/repository/public/org/apache/maven/surefire/surefire-logger-api/3.5.2/surefire-logger-api-3.5.2.pom (3.3 kB at 16 kB/s)
Downloading from aliyunmaven: https://maven.aliyun.com/repository/public/org/apache/maven/surefire/surefire-shared-utils/3.5.2/surefire-shared-utils-3.5.2.pom
Progress (1): 4.7 kB
                    
Downloaded from aliyunmaven: https://maven.aliyun.com/repository/public/org/apache/maven/surefire/surefire-shared-utils/3.5.2/surefire-shared-utils-3.5.2.pom (4.7 kB at 26 kB/s)
Downloading from aliyunmaven: https://maven.aliyun.com/repository/public/org/apache/maven/surefire/surefire-extensions-api/3.5.2/surefire-extensions-api-3.5.2.pom
Progress (1): 3.5 kB
                    
Downloaded from aliyunmaven: https://maven.aliyun.com/repository/public/org/apache/maven/surefire/surefire-extensions-api/3.5.2/surefire-extensions-api-3.5.2.pom (3.5 kB at 37 kB/s)
Downloading from aliyunmaven: https://maven.aliyun.com/repository/public/org/apache/maven/surefire/maven-surefire-common/3.5.2/maven-surefire-common-3.5.2.pom
Progress (1): 7.3/7.8 kB
Progress (1): 7.8 kB    
                    
Downloaded from aliyunmaven: https://maven.aliyun.com/repository/public/org/apache/maven/surefire/maven-surefire-common/3.5.2/maven-surefire-common-3.5.2.pom (7.8 kB at 122 kB/s)
Downloading from aliyunmaven: https://maven.aliyun.com/repository/public/org/apache/maven/surefire/surefire-booter/3.5.2/surefire-booter-3.5.2.pom
Progress (1): 4.8 kB
                    
Downloaded from aliyunmaven: https://maven.aliyun.com/repository/public/org/apache/maven/surefire/surefire-booter/3.5.2/surefire-booter-3.5.2.pom (4.8 kB at 91 kB/s)
Downloading from aliyunmaven: https://maven.aliyun.com/repository/public/org/apache/maven/surefire/surefire-extensions-spi/3.5.2/surefire-extensions-spi-3.5.2.pom
Progress (1): 1.8 kB
                    
Downloaded from aliyunmaven: https://maven.aliyun.com/repository/public/org/apache/maven/surefire/surefire-extensions-spi/3.5.2/surefire-extensions-spi-3.5.2.pom (1.8 kB at 8.4 kB/s)
Downloading from aliyunmaven: https://maven.aliyun.com/repository/public/org/apache/maven/shared/maven-common-artifact-filters/3.4.0/maven-common-artifact-filters-3.4.0.pom
Progress (1): 5.4 kB
                    
Downloaded from aliyunmaven: https://maven.aliyun.com/repository/public/org/apache/maven/shared/maven-common-artifact-filters/3.4.0/maven-common-artifact-filters-3.4.0.pom (5.4 kB at 110 kB/s)
Downloading from aliyunmaven: https://maven.aliyun.com/repository/public/org/apache/maven/shared/maven-shared-components/42/maven-shared-components-42.pom
Progress (1): 3.8 kB
                    
Downloaded from aliyunmaven: https://maven.aliyun.com/repository/public/org/apache/maven/shared/maven-shared-components/42/maven-shared-components-42.pom (3.8 kB at 71 kB/s)
Downloading from aliyunmaven: https://maven.aliyun.com/repository/public/org/codehaus/plexus/plexus-java/1.3.0/plexus-java-1.3.0.pom
Progress (1): 4.8/14 kB
Progress (1): 14 kB    
                   
Downloaded from aliyunmaven: https://maven.aliyun.com/repository/public/org/codehaus/plexus/plexus-java/1.3.0/plexus-java-1.3.0.pom (14 kB at 209 kB/s)
Downloading from aliyunmaven: https://maven.aliyun.com/repository/public/org/ow2/asm/asm/9.7/asm-9.7.pom
Progress (1): 2.4 kB
                    
Downloaded from aliyunmaven: https://maven.aliyun.com/repository/public/org/ow2/asm/asm/9.7/asm-9.7.pom (2.4 kB at 55 kB/s)
Downloading from aliyunmaven: https://maven.aliyun.com/repository/public/com/thoughtworks/qdox/qdox/2.1.0/qdox-2.1.0.pom
Progress (1): 4.8/18 kB
Progress (1): 18 kB    
                   
Downloaded from aliyunmaven: https://maven.aliyun.com/repository/public/com/thoughtworks/qdox/qdox/2.1.0/qdox-2.1.0.pom (18 kB at 93 kB/s)
Downloading from aliyunmaven: https://maven.aliyun.com/repository/public/org/apache/maven/surefire/surefire-api/3.5.2/surefire-api-3.5.2.jar
Progress (1): 3.3/171 kB
Progress (1): 20/171 kB 
Progress (1): 36/171 kB
Progress (1): 52/171 kB
Progress (1): 69/171 kB
Progress (1): 85/171 kB
Progress (1): 102/171 kB
Progress (1): 118/171 kB
Progress (1): 134/171 kB
Progress (1): 151/171 kB
Progress (1): 167/171 kB
Progress (1): 171 kB    
                    
Downloaded from aliyunmaven: https://maven.aliyun.com/repository/public/org/apache/maven/surefire/surefire-api/3.5.2/surefire-api-3.5.2.jar (171 kB at 2.8 MB/s)
Downloading from aliyunmaven: https://maven.aliyun.com/repository/public/org/apache/maven/surefire/surefire-logger-api/3.5.2/surefire-logger-api-3.5.2.jar
Downloading from aliyunmaven: https://maven.aliyun.com/repository/public/org/apache/maven/surefire/surefire-shared-utils/3.5.2/surefire-shared-utils-3.5.2.jar
Downloading from aliyunmaven: https://maven.aliyun.com/repository/public/org/apache/maven/surefire/surefire-extensions-api/3.5.2/surefire-extensions-api-3.5.2.jar
Downloading from aliyunmaven: https://maven.aliyun.com/repository/public/org/apache/maven/surefire/maven-surefire-common/3.5.2/maven-surefire-common-3.5.2.jar
Downloading from aliyunmaven: https://maven.aliyun.com/repository/public/org/apache/maven/surefire/surefire-booter/3.5.2/surefire-booter-3.5.2.jar
Progress (1): 0.4/26 kB
Progress (1): 17/26 kB 
Progress (1): 26 kB   
Progress (2): 26 kB | 7.3/118 kB
Progress (2): 26 kB | 15/118 kB 
Progress (2): 26 kB | 32/118 kB
Progress (2): 26 kB | 48/118 kB
Progress (2): 26 kB | 64/118 kB
Progress (2): 26 kB | 81/118 kB
Progress (2): 26 kB | 97/118 kB
Progress (2): 26 kB | 114/118 kB
Progress (2): 26 kB | 118 kB    
Progress (3): 26 kB | 118 kB | 1.8/14 kB
Progress (3): 26 kB | 118 kB | 14 kB    
Progress (4): 26 kB | 118 kB | 14 kB | 4.8/311 kB
Progress (4): 26 kB | 118 kB | 14 kB | 21/311 kB 
Progress (4): 26 kB | 118 kB | 14 kB | 38/311 kB
Progress (4): 26 kB | 118 kB | 14 kB | 54/311 kB
Progress (5): 26 kB | 118 kB | 14 kB | 54/311 kB | 0/2.8 MB
Progress (5): 26 kB | 118 kB | 14 kB | 70/311 kB | 0/2.8 MB
Progress (5): 26 kB | 118 kB | 14 kB | 70/311 kB | 0/2.8 MB
Progress (5): 26 kB | 118 kB | 14 kB | 70/311 kB | 0/2.8 MB
Progress (5): 26 kB | 118 kB | 14 kB | 70/311 kB | 0.1/2.8 MB
Progress (5): 26 kB | 118 kB | 14 kB | 70/311 kB | 0.1/2.8 MB
Progress (5): 26 kB | 118 kB | 14 kB | 87/311 kB | 0.1/2.8 MB
Progress (5): 26 kB | 118 kB | 14 kB | 87/311 kB | 0.1/2.8 MB
Progress (5): 26 kB | 118 kB | 14 kB | 103/311 kB | 0.1/2.8 MB
Progress (5): 26 kB | 118 kB | 14 kB | 103/311 kB | 0.1/2.8 MB
Progress (5): 26 kB | 118 kB | 14 kB | 103/311 kB | 0.1/2.8 MB
Progress (5): 26 kB | 118 kB | 14 kB | 119/311 kB | 0.1/2.8 MB
Progress (5): 26 kB | 118 kB | 14 kB | 135/311 kB | 0.1/2.8 MB
Progress (5): 26 kB | 118 kB | 14 kB | 135/311 kB | 0.1/2.8 MB
Progress (5): 26 kB | 118 kB | 14 kB | 135/311 kB | 0.1/2.8 MB
Progress (5): 26 kB | 118 kB | 14 kB | 135/311 kB | 0.2/2.8 MB
Progress (5): 26 kB | 118 kB | 14 kB | 135/311 kB | 0.2/2.8 MB
Progress (5): 26 kB | 118 kB | 14 kB | 135/311 kB | 0.2/2.8 MB
Progress (5): 26 kB | 118 kB | 14 kB | 135/311 kB | 0.2/2.8 MB
Progress (5): 26 kB | 118 kB | 14 kB | 135/311 kB | 0.2/2.8 MB
Progress (5): 26 kB | 118 kB | 14 kB | 135/311 kB | 0.2/2.8 MB
Progress (5): 26 kB | 118 kB | 14 kB | 135/311 kB | 0.2/2.8 MB
Progress (5): 26 kB | 118 kB | 14 kB | 135/311 kB | 0.2/2.8 MB
Progress (5): 26 kB | 118 kB | 14 kB | 135/311 kB | 0.2/2.8 MB
Progress (5): 26 kB | 118 kB | 14 kB | 151/311 kB | 0.2/2.8 MB
Progress (5): 26 kB | 118 kB | 14 kB | 151/311 kB | 0.2/2.8 MB
Progress (5): 26 kB | 118 kB | 14 kB | 151/311 kB | 0.2/2.8 MB
Progress (5): 26 kB | 118 kB | 14 kB | 167/311 kB | 0.2/2.8 MB
Progress (5): 26 kB | 118 kB | 14 kB | 184/311 kB | 0.2/2.8 MB
Progress (5): 26 kB | 118 kB | 14 kB | 192/311 kB | 0.2/2.8 MB
Progress (5): 26 kB | 118 kB | 14 kB | 203/311 kB | 0.2/2.8 MB
Progress (5): 26 kB | 118 kB | 14 kB | 203/311 kB | 0.3/2.8 MB
Progress (5): 26 kB | 118 kB | 14 kB | 203/311 kB | 0.3/2.8 MB
Progress (5): 26 kB | 118 kB | 14 kB | 203/311 kB | 0.3/2.8 MB
Progress (5): 26 kB | 118 kB | 14 kB | 203/311 kB | 0.3/2.8 MB
Progress (5): 26 kB | 118 kB | 14 kB | 220/311 kB | 0.3/2.8 MB
Progress (5): 26 kB | 118 kB | 14 kB | 227/311 kB | 0.3/2.8 MB
Progress (5): 26 kB | 118 kB | 14 kB | 243/311 kB | 0.3/2.8 MB
Progress (5): 26 kB | 118 kB | 14 kB | 246/311 kB | 0.3/2.8 MB
Progress (5): 26 kB | 118 kB | 14 kB | 262/311 kB | 0.3/2.8 MB
Progress (5): 26 kB | 118 kB | 14 kB | 273/311 kB | 0.3/2.8 MB
Progress (5): 26 kB | 118 kB | 14 kB | 273/311 kB | 0.3/2.8 MB
Progress (5): 26 kB | 118 kB | 14 kB | 273/311 kB | 0.3/2.8 MB
Progress (5): 26 kB | 118 kB | 14 kB | 273/311 kB | 0.3/2.8 MB
Progress (5): 26 kB | 118 kB | 14 kB | 273/311 kB | 0.4/2.8 MB
Progress (5): 26 kB | 118 kB | 14 kB | 273/311 kB | 0.4/2.8 MB
Progress (5): 26 kB | 118 kB | 14 kB | 290/311 kB | 0.4/2.8 MB
Progress (5): 26 kB | 118 kB | 14 kB | 297/311 kB | 0.4/2.8 MB
Progress (5): 26 kB | 118 kB | 14 kB | 311 kB | 0.4/2.8 MB    
Progress (5): 26 kB | 118 kB | 14 kB | 311 kB | 0.4/2.8 MB
Progress (5): 26 kB | 118 kB | 14 kB | 311 kB | 0.4/2.8 MB
Progress (5): 26 kB | 118 kB | 14 kB | 311 kB | 0.4/2.8 MB
Progress (5): 26 kB | 118 kB | 14 kB | 311 kB | 0.4/2.8 MB
Progress (5): 26 kB | 118 kB | 14 kB | 311 kB | 0.5/2.8 MB
Progress (5): 26 kB | 118 kB | 14 kB | 311 kB | 0.5/2.8 MB
Progress (5): 26 kB | 118 kB | 14 kB | 311 kB | 0.5/2.8 MB
Progress (5): 26 kB | 118 kB | 14 kB | 311 kB | 0.5/2.8 MB
Progress (5): 26 kB | 118 kB | 14 kB | 311 kB | 0.5/2.8 MB
Progress (5): 26 kB | 118 kB | 14 kB | 311 kB | 0.5/2.8 MB
Progress (5): 26 kB | 118 kB | 14 kB | 311 kB | 0.5/2.8 MB
Progress (5): 26 kB | 118 kB | 14 kB | 311 kB | 0.5/2.8 MB
Progress (5): 26 kB | 118 kB | 14 kB | 311 kB | 0.5/2.8 MB
Progress (5): 26 kB | 118 kB | 14 kB | 311 kB | 0.5/2.8 MB
Progress (5): 26 kB | 118 kB | 14 kB | 311 kB | 0.5/2.8 MB
Progress (5): 26 kB | 118 kB | 14 kB | 311 kB | 0.5/2.8 MB
Progress (5): 26 kB | 118 kB | 14 kB | 311 kB | 0.5/2.8 MB
Progress (5): 26 kB | 118 kB | 14 kB | 311 kB | 0.6/2.8 MB
Progress (5): 26 kB | 118 kB | 14 kB | 311 kB | 0.6/2.8 MB
Progress (5): 26 kB | 118 kB | 14 kB | 311 kB | 0.6/2.8 MB
Progress (5): 26 kB | 118 kB | 14 kB | 311 kB | 0.6/2.8 MB
Progress (5): 26 kB | 118 kB | 14 kB | 311 kB | 0.6/2.8 MB
Progress (5): 26 kB | 118 kB | 14 kB | 311 kB | 0.6/2.8 MB
Progress (5): 26 kB | 118 kB | 14 kB | 311 kB | 0.7/2.8 MB
Progress (5): 26 kB | 118 kB | 14 kB | 311 kB | 0.7/2.8 MB
Progress (5): 26 kB | 118 kB | 14 kB | 311 kB | 0.7/2.8 MB
Progress (5): 26 kB | 118 kB | 14 kB | 311 kB | 0.7/2.8 MB
Progress (5): 26 kB | 118 kB | 14 kB | 311 kB | 0.7/2.8 MB
Progress (5): 26 kB | 118 kB | 14 kB | 311 kB | 0.7/2.8 MB
Progress (5): 26 kB | 118 kB | 14 kB | 311 kB | 0.7/2.8 MB
Progress (5): 26 kB | 118 kB | 14 kB | 311 kB | 0.8/2.8 MB
Progress (5): 26 kB | 118 kB | 14 kB | 311 kB | 0.8/2.8 MB
Progress (5): 26 kB | 118 kB | 14 kB | 311 kB | 0.8/2.8 MB
Progress (5): 26 kB | 118 kB | 14 kB | 311 kB | 0.8/2.8 MB
Progress (5): 26 kB | 118 kB | 14 kB | 311 kB | 0.8/2.8 MB
Progress (5): 26 kB | 118 kB | 14 kB | 311 kB | 0.8/2.8 MB
Progress (5): 26 kB | 118 kB | 14 kB | 311 kB | 0.8/2.8 MB
Progress (5): 26 kB | 118 kB | 14 kB | 311 kB | 0.8/2.8 MB
Progress (5): 26 kB | 118 kB | 14 kB | 311 kB | 0.8/2.8 MB
Progress (5): 26 kB | 118 kB | 14 kB | 311 kB | 0.8/2.8 MB
Progress (5): 26 kB | 118 kB | 14 kB | 311 kB | 0.9/2.8 MB
Progress (5): 26 kB | 118 kB | 14 kB | 311 kB | 0.9/2.8 MB
Progress (5): 26 kB | 118 kB | 14 kB | 311 kB | 0.9/2.8 MB
Progress (5): 26 kB | 118 kB | 14 kB | 311 kB | 0.9/2.8 MB
Progress (5): 26 kB | 118 kB | 14 kB | 311 kB | 0.9/2.8 MB
Progress (5): 26 kB | 118 kB | 14 kB | 311 kB | 0.9/2.8 MB
Progress (5): 26 kB | 118 kB | 14 kB | 311 kB | 0.9/2.8 MB
Progress (5): 26 kB | 118 kB | 14 kB | 311 kB | 1.0/2.8 MB
Progress (5): 26 kB | 118 kB | 14 kB | 311 kB | 1.0/2.8 MB
Progress (5): 26 kB | 118 kB | 14 kB | 311 kB | 1.0/2.8 MB
Progress (5): 26 kB | 118 kB | 14 kB | 311 kB | 1.0/2.8 MB
Progress (5): 26 kB | 118 kB | 14 kB | 311 kB | 1.0/2.8 MB
Progress (5): 26 kB | 118 kB | 14 kB | 311 kB | 1.0/2.8 MB
Progress (5): 26 kB | 118 kB | 14 kB | 311 kB | 1.0/2.8 MB
Progress (5): 26 kB | 118 kB | 14 kB | 311 kB | 1.1/2.8 MB
Progress (5): 26 kB | 118 kB | 14 kB | 311 kB | 1.1/2.8 MB
Progress (5): 26 kB | 118 kB | 14 kB | 311 kB | 1.1/2.8 MB
Progress (5): 26 kB | 118 kB | 14 kB | 311 kB | 1.1/2.8 MB
Progress (5): 26 kB | 118 kB | 14 kB | 311 kB | 1.1/2.8 MB
Progress (5): 26 kB | 118 kB | 14 kB | 311 kB | 1.1/2.8 MB
Progress (5): 26 kB | 118 kB | 14 kB | 311 kB | 1.2/2.8 MB
Progress (5): 26 kB | 118 kB | 14 kB | 311 kB | 1.2/2.8 MB
Progress (5): 26 kB | 118 kB | 14 kB | 311 kB | 1.2/2.8 MB
Progress (5): 26 kB | 118 kB | 14 kB | 311 kB | 1.2/2.8 MB
Progress (5): 26 kB | 118 kB | 14 kB | 311 kB | 1.2/2.8 MB
Progress (5): 26 kB | 118 kB | 14 kB | 311 kB | 1.2/2.8 MB
Progress (5): 26 kB | 118 kB | 14 kB | 311 kB | 1.2/2.8 MB
Progress (5): 26 kB | 118 kB | 14 kB | 311 kB | 1.2/2.8 MB
Progress (5): 26 kB | 118 kB | 14 kB | 311 kB | 1.3/2.8 MB
Progress (5): 26 kB | 118 kB | 14 kB | 311 kB | 1.3/2.8 MB
Progress (5): 26 kB | 118 kB | 14 kB | 311 kB | 1.3/2.8 MB
Progress (5): 26 kB | 118 kB | 14 kB | 311 kB | 1.3/2.8 MB
Progress (5): 26 kB | 118 kB | 14 kB | 311 kB | 1.3/2.8 MB
Progress (5): 26 kB | 118 kB | 14 kB | 311 kB | 1.3/2.8 MB
Progress (5): 26 kB | 118 kB | 14 kB | 311 kB | 1.3/2.8 MB
Progress (5): 26 kB | 118 kB | 14 kB | 311 kB | 1.4/2.8 MB
Progress (5): 26 kB | 118 kB | 14 kB | 311 kB | 1.4/2.8 MB
Progress (5): 26 kB | 118 kB | 14 kB | 311 kB | 1.4/2.8 MB
Progress (5): 26 kB | 118 kB | 14 kB | 311 kB | 1.4/2.8 MB
Progress (5): 26 kB | 118 kB | 14 kB | 311 kB | 1.4/2.8 MB
Progress (5): 26 kB | 118 kB | 14 kB | 311 kB | 1.4/2.8 MB
Progress (5): 26 kB | 118 kB | 14 kB | 311 kB | 1.5/2.8 MB
Progress (5): 26 kB | 118 kB | 14 kB | 311 kB | 1.5/2.8 MB
Progress (5): 26 kB | 118 kB | 14 kB | 311 kB | 1.5/2.8 MB
Progress (5): 26 kB | 118 kB | 14 kB | 311 kB | 1.5/2.8 MB
Progress (5): 26 kB | 118 kB | 14 kB | 311 kB | 1.5/2.8 MB
Progress (5): 26 kB | 118 kB | 14 kB | 311 kB | 1.5/2.8 MB
Progress (5): 26 kB | 118 kB | 14 kB | 311 kB | 1.6/2.8 MB
Progress (5): 26 kB | 118 kB | 14 kB | 311 kB | 1.6/2.8 MB
Progress (5): 26 kB | 118 kB | 14 kB | 311 kB | 1.6/2.8 MB
Progress (5): 26 kB | 118 kB | 14 kB | 311 kB | 1.6/2.8 MB
Progress (5): 26 kB | 118 kB | 14 kB | 311 kB | 1.6/2.8 MB
Progress (5): 26 kB | 118 kB | 14 kB | 311 kB | 1.6/2.8 MB
Progress (5): 26 kB | 118 kB | 14 kB | 311 kB | 1.6/2.8 MB
Progress (5): 26 kB | 118 kB | 14 kB | 311 kB | 1.6/2.8 MB
Progress (5): 26 kB | 118 kB | 14 kB | 311 kB | 1.7/2.8 MB
Progress (5): 26 kB | 118 kB | 14 kB | 311 kB | 1.7/2.8 MB
Progress (5): 26 kB | 118 kB | 14 kB | 311 kB | 1.7/2.8 MB
Progress (5): 26 kB | 118 kB | 14 kB | 311 kB | 1.7/2.8 MB
Progress (5): 26 kB | 118 kB | 14 kB | 311 kB | 1.7/2.8 MB
Progress (5): 26 kB | 118 kB | 14 kB | 311 kB | 1.7/2.8 MB
Progress (5): 26 kB | 118 kB | 14 kB | 311 kB | 1.7/2.8 MB
Progress (5): 26 kB | 118 kB | 14 kB | 311 kB | 1.7/2.8 MB
Progress (5): 26 kB | 118 kB | 14 kB | 311 kB | 1.8/2.8 MB
Progress (5): 26 kB | 118 kB | 14 kB | 311 kB | 1.8/2.8 MB
Progress (5): 26 kB | 118 kB | 14 kB | 311 kB | 1.8/2.8 MB
Progress (5): 26 kB | 118 kB | 14 kB | 311 kB | 1.8/2.8 MB
Progress (5): 26 kB | 118 kB | 14 kB | 311 kB | 1.8/2.8 MB
Progress (5): 26 kB | 118 kB | 14 kB | 311 kB | 1.8/2.8 MB
Progress (5): 26 kB | 118 kB | 14 kB | 311 kB | 1.9/2.8 MB
Progress (5): 26 kB | 118 kB | 14 kB | 311 kB | 1.9/2.8 MB
Progress (5): 26 kB | 118 kB | 14 kB | 311 kB | 1.9/2.8 MB
Progress (5): 26 kB | 118 kB | 14 kB | 311 kB | 1.9/2.8 MB
Progress (5): 26 kB | 118 kB | 14 kB | 311 kB | 1.9/2.8 MB
Progress (5): 26 kB | 118 kB | 14 kB | 311 kB | 1.9/2.8 MB
Progress (5): 26 kB | 118 kB | 14 kB | 311 kB | 2.0/2.8 MB
Progress (5): 26 kB | 118 kB | 14 kB | 311 kB | 2.0/2.8 MB
Progress (5): 26 kB | 118 kB | 14 kB | 311 kB | 2.0/2.8 MB
Progress (5): 26 kB | 118 kB | 14 kB | 311 kB | 2.0/2.8 MB
Progress (5): 26 kB | 118 kB | 14 kB | 311 kB | 2.0/2.8 MB
Progress (5): 26 kB | 118 kB | 14 kB | 311 kB | 2.0/2.8 MB
Progress (5): 26 kB | 118 kB | 14 kB | 311 kB | 2.1/2.8 MB
Progress (5): 26 kB | 118 kB | 14 kB | 311 kB | 2.1/2.8 MB
Progress (5): 26 kB | 118 kB | 14 kB | 311 kB | 2.1/2.8 MB
Progress (5): 26 kB | 118 kB | 14 kB | 311 kB | 2.1/2.8 MB
Progress (5): 26 kB | 118 kB | 14 kB | 311 kB | 2.1/2.8 MB
Progress (5): 26 kB | 118 kB | 14 kB | 311 kB | 2.1/2.8 MB
Progress (5): 26 kB | 118 kB | 14 kB | 311 kB | 2.2/2.8 MB
Progress (5): 26 kB | 118 kB | 14 kB | 311 kB | 2.2/2.8 MB
Progress (5): 26 kB | 118 kB | 14 kB | 311 kB | 2.2/2.8 MB
Progress (5): 26 kB | 118 kB | 14 kB | 311 kB | 2.2/2.8 MB
Progress (5): 26 kB | 118 kB | 14 kB | 311 kB | 2.2/2.8 MB
Progress (5): 26 kB | 118 kB | 14 kB | 311 kB | 2.2/2.8 MB
Progress (5): 26 kB | 118 kB | 14 kB | 311 kB | 2.3/2.8 MB
Progress (5): 26 kB | 118 kB | 14 kB | 311 kB | 2.3/2.8 MB
Progress (5): 26 kB | 118 kB | 14 kB | 311 kB | 2.3/2.8 MB
Progress (5): 26 kB | 118 kB | 14 kB | 311 kB | 2.3/2.8 MB
Progress (5): 26 kB | 118 kB | 14 kB | 311 kB | 2.3/2.8 MB
Progress (5): 26 kB | 118 kB | 14 kB | 311 kB | 2.3/2.8 MB
Progress (5): 26 kB | 118 kB | 14 kB | 311 kB | 2.4/2.8 MB
Progress (5): 26 kB | 118 kB | 14 kB | 311 kB | 2.4/2.8 MB
Progress (5): 26 kB | 118 kB | 14 kB | 311 kB | 2.4/2.8 MB
Progress (5): 26 kB | 118 kB | 14 kB | 311 kB | 2.4/2.8 MB
Progress (5): 26 kB | 118 kB | 14 kB | 311 kB | 2.4/2.8 MB
Progress (5): 26 kB | 118 kB | 14 kB | 311 kB | 2.4/2.8 MB
Progress (5): 26 kB | 118 kB | 14 kB | 311 kB | 2.5/2.8 MB
Progress (5): 26 kB | 118 kB | 14 kB | 311 kB | 2.5/2.8 MB
Progress (5): 26 kB | 118 kB | 14 kB | 311 kB | 2.5/2.8 MB
Progress (5): 26 kB | 118 kB | 14 kB | 311 kB | 2.5/2.8 MB
Progress (5): 26 kB | 118 kB | 14 kB | 311 kB | 2.5/2.8 MB
Progress (5): 26 kB | 118 kB | 14 kB | 311 kB | 2.5/2.8 MB
Progress (5): 26 kB | 118 kB | 14 kB | 311 kB | 2.6/2.8 MB
Progress (5): 26 kB | 118 kB | 14 kB | 311 kB | 2.6/2.8 MB
Progress (5): 26 kB | 118 kB | 14 kB | 311 kB | 2.6/2.8 MB
Progress (5): 26 kB | 118 kB | 14 kB | 311 kB | 2.6/2.8 MB
Progress (5): 26 kB | 118 kB | 14 kB | 311 kB | 2.6/2.8 MB
Progress (5): 26 kB | 118 kB | 14 kB | 311 kB | 2.6/2.8 MB
Progress (5): 26 kB | 118 kB | 14 kB | 311 kB | 2.6/2.8 MB
Progress (5): 26 kB | 118 kB | 14 kB | 311 kB | 2.7/2.8 MB
Progress (5): 26 kB | 118 kB | 14 kB | 311 kB | 2.7/2.8 MB
Progress (5): 26 kB | 118 kB | 14 kB | 311 kB | 2.7/2.8 MB
Progress (5): 26 kB | 118 kB | 14 kB | 311 kB | 2.7/2.8 MB
Progress (5): 26 kB | 118 kB | 14 kB | 311 kB | 2.7/2.8 MB
Progress (5): 26 kB | 118 kB | 14 kB | 311 kB | 2.7/2.8 MB
Progress (5): 26 kB | 118 kB | 14 kB | 311 kB | 2.7/2.8 MB
Progress (5): 26 kB | 118 kB | 14 kB | 311 kB | 2.8/2.8 MB
Progress (5): 26 kB | 118 kB | 14 kB | 311 kB | 2.8/2.8 MB
Progress (5): 26 kB | 118 kB | 14 kB | 311 kB | 2.8/2.8 MB
Progress (5): 26 kB | 118 kB | 14 kB | 311 kB | 2.8/2.8 MB
Progress (5): 26 kB | 118 kB | 14 kB | 311 kB | 2.8/2.8 MB
Progress (5): 26 kB | 118 kB | 14 kB | 311 kB | 2.8 MB    
                                                      
Downloaded from aliyunmaven: https://maven.aliyun.com/repository/public/org/apache/maven/surefire/maven-surefire-common/3.5.2/maven-surefire-common-3.5.2.jar (311 kB at 1.5 MB/s)
Downloading from aliyunmaven: https://maven.aliyun.com/repository/public/org/apache/maven/surefire/surefire-extensions-spi/3.5.2/surefire-extensions-spi-3.5.2.jar
Progress (5): 26 kB | 118 kB | 14 kB | 2.8 MB | 7.2/8.2 kB
Progress (5): 26 kB | 118 kB | 14 kB | 2.8 MB | 8.2 kB    
                                                      
Downloaded from aliyunmaven: https://maven.aliyun.com/repository/public/org/apache/maven/surefire/surefire-booter/3.5.2/surefire-booter-3.5.2.jar (118 kB at 444 kB/s)
Downloading from aliyunmaven: https://maven.aliyun.com/repository/public/org/apache/maven/resolver/maven-resolver-api/1.4.1/maven-resolver-api-1.4.1.jar
Progress (5): 26 kB | 14 kB | 2.8 MB | 8.2 kB | 1.9/149 kB
Progress (5): 26 kB | 14 kB | 2.8 MB | 8.2 kB | 14/149 kB 
Progress (5): 26 kB | 14 kB | 2.8 MB | 8.2 kB | 18/149 kB
Progress (5): 26 kB | 14 kB | 2.8 MB | 8.2 kB | 31/149 kB
Progress (5): 26 kB | 14 kB | 2.8 MB | 8.2 kB | 36/149 kB
Progress (5): 26 kB | 14 kB | 2.8 MB | 8.2 kB | 38/149 kB
Progress (5): 26 kB | 14 kB | 2.8 MB | 8.2 kB | 46/149 kB
Progress (5): 26 kB | 14 kB | 2.8 MB | 8.2 kB | 50/149 kB
Progress (5): 26 kB | 14 kB | 2.8 MB | 8.2 kB | 52/149 kB
Progress (5): 26 kB | 14 kB | 2.8 MB | 8.2 kB | 55/149 kB
Progress (5): 26 kB | 14 kB | 2.8 MB | 8.2 kB | 57/149 kB
Progress (5): 26 kB | 14 kB | 2.8 MB | 8.2 kB | 60/149 kB
Progress (5): 26 kB | 14 kB | 2.8 MB | 8.2 kB | 63/149 kB
Progress (5): 26 kB | 14 kB | 2.8 MB | 8.2 kB | 68/149 kB
Progress (5): 26 kB | 14 kB | 2.8 MB | 8.2 kB | 78/149 kB
Progress (5): 26 kB | 14 kB | 2.8 MB | 8.2 kB | 84/149 kB
Progress (5): 26 kB | 14 kB | 2.8 MB | 8.2 kB | 91/149 kB
Progress (5): 26 kB | 14 kB | 2.8 MB | 8.2 kB | 106/149 kB
Progress (5): 26 kB | 14 kB | 2.8 MB | 8.2 kB | 110/149 kB
Progress (5): 26 kB | 14 kB | 2.8 MB | 8.2 kB | 114/149 kB
Progress (5): 26 kB | 14 kB | 2.8 MB | 8.2 kB | 120/149 kB
Progress (5): 26 kB | 14 kB | 2.8 MB | 8.2 kB | 129/149 kB
Progress (5): 26 kB | 14 kB | 2.8 MB | 8.2 kB | 133/149 kB
Progress (5): 26 kB | 14 kB | 2.8 MB | 8.2 kB | 138/149 kB
Progress (5): 26 kB | 14 kB | 2.8 MB | 8.2 kB | 142/149 kB
Progress (5): 26 kB | 14 kB | 2.8 MB | 8.2 kB | 145/149 kB
Progress (5): 26 kB | 14 kB | 2.8 MB | 8.2 kB | 149 kB    
                                                      
Downloaded from aliyunmaven: https://maven.aliyun.com/repository/public/org/apache/maven/surefire/surefire-shared-utils/3.5.2/surefire-shared-utils-3.5.2.jar (2.8 MB at 8.8 MB/s)
Downloading from aliyunmaven: https://maven.aliyun.com/repository/public/org/apache/maven/shared/maven-common-artifact-filters/3.4.0/maven-common-artifact-filters-3.4.0.jar
Downloaded from aliyunmaven: https://maven.aliyun.com/repository/public/org/apache/maven/resolver/maven-resolver-api/1.4.1/maven-resolver-api-1.4.1.jar (149 kB at 458 kB/s)
Downloading from aliyunmaven: https://maven.aliyun.com/repository/public/org/codehaus/plexus/plexus-java/1.3.0/plexus-java-1.3.0.jar
Progress (4): 26 kB | 14 kB | 8.2 kB | 1.9/58 kB
Progress (4): 26 kB | 14 kB | 8.2 kB | 18/58 kB 
Progress (4): 26 kB | 14 kB | 8.2 kB | 19/58 kB
Progress (4): 26 kB | 14 kB | 8.2 kB | 36/58 kB
Progress (4): 26 kB | 14 kB | 8.2 kB | 52/58 kB
Progress (4): 26 kB | 14 kB | 8.2 kB | 58 kB   
Progress (5): 26 kB | 14 kB | 8.2 kB | 58 kB | 7.2/57 kB
Progress (5): 26 kB | 14 kB | 8.2 kB | 58 kB | 15/57 kB 
Progress (5): 26 kB | 14 kB | 8.2 kB | 58 kB | 32/57 kB
Progress (5): 26 kB | 14 kB | 8.2 kB | 58 kB | 48/57 kB
Progress (5): 26 kB | 14 kB | 8.2 kB | 58 kB | 57 kB   
                                                    
Downloaded from aliyunmaven: https://maven.aliyun.com/repository/public/org/apache/maven/shared/maven-common-artifact-filters/3.4.0/maven-common-artifact-filters-3.4.0.jar (58 kB at 157 kB/s)
Downloading from aliyunmaven: https://maven.aliyun.com/repository/public/org/ow2/asm/asm/9.7/asm-9.7.jar
Downloaded from aliyunmaven: https://maven.aliyun.com/repository/public/org/apache/maven/surefire/surefire-logger-api/3.5.2/surefire-logger-api-3.5.2.jar (14 kB at 35 kB/s)
Downloading from aliyunmaven: https://maven.aliyun.com/repository/public/com/thoughtworks/qdox/qdox/2.1.0/qdox-2.1.0.jar
Progress (4): 26 kB | 8.2 kB | 57 kB | 7.3/348 kB
Progress (4): 26 kB | 8.2 kB | 57 kB | 15/348 kB 
Progress (4): 26 kB | 8.2 kB | 57 kB | 32/348 kB
Progress (4): 26 kB | 8.2 kB | 57 kB | 48/348 kB
Progress (4): 26 kB | 8.2 kB | 57 kB | 65/348 kB
Progress (4): 26 kB | 8.2 kB | 57 kB | 81/348 kB
Progress (4): 26 kB | 8.2 kB | 57 kB | 91/348 kB
Progress (4): 26 kB | 8.2 kB | 57 kB | 106/348 kB
Progress (4): 26 kB | 8.2 kB | 57 kB | 111/348 kB
Progress (4): 26 kB | 8.2 kB | 57 kB | 113/348 kB
Progress (4): 26 kB | 8.2 kB | 57 kB | 117/348 kB
Progress (4): 26 kB | 8.2 kB | 57 kB | 123/348 kB
Progress (4): 26 kB | 8.2 kB | 57 kB | 135/348 kB
Progress (4): 26 kB | 8.2 kB | 57 kB | 141/348 kB
Progress (4): 26 kB | 8.2 kB | 57 kB | 146/348 kB
Progress (4): 26 kB | 8.2 kB | 57 kB | 160/348 kB
Progress (4): 26 kB | 8.2 kB | 57 kB | 168/348 kB
Progress (4): 26 kB | 8.2 kB | 57 kB | 171/348 kB
Progress (4): 26 kB | 8.2 kB | 57 kB | 173/348 kB
Progress (4): 26 kB | 8.2 kB | 57 kB | 177/348 kB
Progress (4): 26 kB | 8.2 kB | 57 kB | 180/348 kB
Progress (4): 26 kB | 8.2 kB | 57 kB | 183/348 kB
Progress (4): 26 kB | 8.2 kB | 57 kB | 199/348 kB
Progress (4): 26 kB | 8.2 kB | 57 kB | 200/348 kB
Progress (4): 26 kB | 8.2 kB | 57 kB | 217/348 kB
Progress (4): 26 kB | 8.2 kB | 57 kB | 233/348 kB
Progress (4): 26 kB | 8.2 kB | 57 kB | 240/348 kB
Progress (4): 26 kB | 8.2 kB | 57 kB | 247/348 kB
Progress (4): 26 kB | 8.2 kB | 57 kB | 250/348 kB
Progress (4): 26 kB | 8.2 kB | 57 kB | 253/348 kB
Progress (4): 26 kB | 8.2 kB | 57 kB | 256/348 kB
Progress (4): 26 kB | 8.2 kB | 57 kB | 259/348 kB
Progress (4): 26 kB | 8.2 kB | 57 kB | 262/348 kB
Progress (4): 26 kB | 8.2 kB | 57 kB | 278/348 kB
Progress (4): 26 kB | 8.2 kB | 57 kB | 282/348 kB
Progress (4): 26 kB | 8.2 kB | 57 kB | 288/348 kB
Progress (4): 26 kB | 8.2 kB | 57 kB | 291/348 kB
Progress (4): 26 kB | 8.2 kB | 57 kB | 295/348 kB
Progress (4): 26 kB | 8.2 kB | 57 kB | 304/348 kB
Progress (4): 26 kB | 8.2 kB | 57 kB | 321/348 kB
Progress (4): 26 kB | 8.2 kB | 57 kB | 322/348 kB
Progress (4): 26 kB | 8.2 kB | 57 kB | 325/348 kB
Progress (4): 26 kB | 8.2 kB | 57 kB | 329/348 kB
Progress (4): 26 kB | 8.2 kB | 57 kB | 333/348 kB
Progress (4): 26 kB | 8.2 kB | 57 kB | 335/348 kB
Progress (4): 26 kB | 8.2 kB | 57 kB | 338/348 kB
Progress (4): 26 kB | 8.2 kB | 57 kB | 341/348 kB
Progress (4): 26 kB | 8.2 kB | 57 kB | 344/348 kB
Progress (4): 26 kB | 8.2 kB | 57 kB | 346/348 kB
Progress (4): 26 kB | 8.2 kB | 57 kB | 348 kB    
                                             
Downloaded from aliyunmaven: https://maven.aliyun.com/repository/public/org/apache/maven/surefire/surefire-extensions-api/3.5.2/surefire-extensions-api-3.5.2.jar (26 kB at 61 kB/s)
Downloaded from aliyunmaven: https://maven.aliyun.com/repository/public/org/apache/maven/surefire/surefire-extensions-spi/3.5.2/surefire-extensions-spi-3.5.2.jar (8.2 kB at 19 kB/s)
Progress (3): 57 kB | 348 kB | 7.3/125 kB
Progress (3): 57 kB | 348 kB | 15/125 kB 
Progress (3): 57 kB | 348 kB | 32/125 kB
Progress (3): 57 kB | 348 kB | 48/125 kB
Progress (3): 57 kB | 348 kB | 65/125 kB
Progress (3): 57 kB | 348 kB | 81/125 kB
Progress (3): 57 kB | 348 kB | 97/125 kB
Progress (3): 57 kB | 348 kB | 114/125 kB
Progress (3): 57 kB | 348 kB | 125 kB    
                                     
Downloaded from aliyunmaven: https://maven.aliyun.com/repository/public/org/ow2/asm/asm/9.7/asm-9.7.jar (125 kB at 258 kB/s)
Downloaded from aliyunmaven: https://maven.aliyun.com/repository/public/org/codehaus/plexus/plexus-java/1.3.0/plexus-java-1.3.0.jar (57 kB at 110 kB/s)
Downloaded from aliyunmaven: https://maven.aliyun.com/repository/public/com/thoughtworks/qdox/qdox/2.1.0/qdox-2.1.0.jar (348 kB at 613 kB/s)
[INFO] Tests are skipped.
[INFO] 
[INFO] --- jar:3.5.0:jar (default-jar) @ mall-common-core ---
Downloading from aliyunmaven: https://maven.aliyun.com/repository/public/org/apache/maven/shared/file-management/3.2.0/file-management-3.2.0.pom
Progress (1): 4.5 kB
                    
Downloaded from aliyunmaven: https://maven.aliyun.com/repository/public/org/apache/maven/shared/file-management/3.2.0/file-management-3.2.0.pom (4.5 kB at 23 kB/s)
Downloading from aliyunmaven: https://maven.aliyun.com/repository/public/org/apache/maven/shared/maven-shared-components/44/maven-shared-components-44.pom
Progress (1): 3.8 kB
                    
Downloaded from aliyunmaven: https://maven.aliyun.com/repository/public/org/apache/maven/shared/maven-shared-components/44/maven-shared-components-44.pom (3.8 kB at 21 kB/s)
Downloading from aliyunmaven: https://maven.aliyun.com/repository/public/org/apache/maven/maven-parent/44/maven-parent-44.pom
Progress (1): 7.3/52 kB
Progress (1): 15/52 kB 
Progress (1): 32/52 kB
Progress (1): 48/52 kB
Progress (1): 52 kB   
                   
Downloaded from aliyunmaven: https://maven.aliyun.com/repository/public/org/apache/maven/maven-parent/44/maven-parent-44.pom (52 kB at 901 kB/s)
Downloading from aliyunmaven: https://maven.aliyun.com/repository/public/org/junit/junit-bom/5.12.1/junit-bom-5.12.1.pom
Progress (1): 0.4/5.6 kB
Progress (1): 5.6 kB    
                    
Downloaded from aliyunmaven: https://maven.aliyun.com/repository/public/org/junit/junit-bom/5.12.1/junit-bom-5.12.1.pom (5.6 kB at 94 kB/s)
Downloading from aliyunmaven: https://maven.aliyun.com/repository/public/org/codehaus/plexus/plexus-utils/4.0.2/plexus-utils-4.0.2.pom
Progress (1): 7.2/13 kB
Progress (1): 13 kB    
                   
Downloaded from aliyunmaven: https://maven.aliyun.com/repository/public/org/codehaus/plexus/plexus-utils/4.0.2/plexus-utils-4.0.2.pom (13 kB at 225 kB/s)
Downloading from aliyunmaven: https://maven.aliyun.com/repository/public/commons-io/commons-io/2.19.0/commons-io-2.19.0.pom
Progress (1): 4.8/21 kB
Progress (1): 21 kB    
                   
Downloaded from aliyunmaven: https://maven.aliyun.com/repository/public/commons-io/commons-io/2.19.0/commons-io-2.19.0.pom (21 kB at 413 kB/s)
Downloading from aliyunmaven: https://maven.aliyun.com/repository/public/org/apache/commons/commons-parent/81/commons-parent-81.pom
Progress (1): 7.2/78 kB
Progress (1): 15/78 kB 
Progress (1): 32/78 kB
Progress (1): 48/78 kB
Progress (1): 64/78 kB
Progress (1): 78 kB   
                   
Downloaded from aliyunmaven: https://maven.aliyun.com/repository/public/org/apache/commons/commons-parent/81/commons-parent-81.pom (78 kB at 1.2 MB/s)
Downloading from aliyunmaven: https://maven.aliyun.com/repository/public/org/apache/maven/maven-archiver/3.6.5/maven-archiver-3.6.5.pom
Progress (1): 0.4/4.7 kB
Progress (1): 4.7 kB    
                    
Downloaded from aliyunmaven: https://maven.aliyun.com/repository/public/org/apache/maven/maven-archiver/3.6.5/maven-archiver-3.6.5.pom (4.7 kB at 118 kB/s)
Downloading from aliyunmaven: https://maven.aliyun.com/repository/public/org/apache/maven/shared/maven-shared-components/45/maven-shared-components-45.pom
Progress (1): 3.8 kB
                    
Downloaded from aliyunmaven: https://maven.aliyun.com/repository/public/org/apache/maven/shared/maven-shared-components/45/maven-shared-components-45.pom (3.8 kB at 82 kB/s)
Downloading from aliyunmaven: https://maven.aliyun.com/repository/public/org/codehaus/plexus/plexus-archiver/4.10.2/plexus-archiver-4.10.2.pom
Progress (1): 1.9/7.0 kB
Progress (1): 7.0 kB    
                    
Downloaded from aliyunmaven: https://maven.aliyun.com/repository/public/org/codehaus/plexus/plexus-archiver/4.10.2/plexus-archiver-4.10.2.pom (7.0 kB at 162 kB/s)
Downloading from aliyunmaven: https://maven.aliyun.com/repository/public/org/codehaus/plexus/plexus/23/plexus-23.pom
Progress (1): 0.4/31 kB
Progress (1): 17/31 kB 
Progress (1): 31 kB   
                   
Downloaded from aliyunmaven: https://maven.aliyun.com/repository/public/org/codehaus/plexus/plexus/23/plexus-23.pom (31 kB at 551 kB/s)
Downloading from aliyunmaven: https://maven.aliyun.com/repository/public/org/codehaus/plexus/plexus-io/3.5.1/plexus-io-3.5.1.pom
Progress (1): 3.3/4.3 kB
Progress (1): 4.3 kB    
                    
Downloaded from aliyunmaven: https://maven.aliyun.com/repository/public/org/codehaus/plexus/plexus-io/3.5.1/plexus-io-3.5.1.pom (4.3 kB at 68 kB/s)
Downloading from aliyunmaven: https://maven.aliyun.com/repository/public/commons-io/commons-io/2.20.0/commons-io-2.20.0.pom
Progress (1): 7.3/20 kB
Progress (1): 15/20 kB 
Progress (1): 20 kB   
                   
Downloaded from aliyunmaven: https://maven.aliyun.com/repository/public/commons-io/commons-io/2.20.0/commons-io-2.20.0.pom (20 kB at 315 kB/s)
Downloading from aliyunmaven: https://maven.aliyun.com/repository/public/org/apache/commons/commons-parent/85/commons-parent-85.pom
Progress (1): 7.3/78 kB
Progress (1): 15/78 kB 
Progress (1): 32/78 kB
Progress (1): 48/78 kB
Progress (1): 64/78 kB
Progress (1): 78 kB   
                   
Downloaded from aliyunmaven: https://maven.aliyun.com/repository/public/org/apache/commons/commons-parent/85/commons-parent-85.pom (78 kB at 1.5 MB/s)
Downloading from aliyunmaven: https://maven.aliyun.com/repository/public/org/apache/commons/commons-compress/1.28.0/commons-compress-1.28.0.pom
Progress (1): 7.2/25 kB
Progress (1): 15/25 kB 
Progress (1): 25 kB   
                   
Downloaded from aliyunmaven: https://maven.aliyun.com/repository/public/org/apache/commons/commons-compress/1.28.0/commons-compress-1.28.0.pom (25 kB at 460 kB/s)
Downloading from aliyunmaven: https://maven.aliyun.com/repository/public/commons-codec/commons-codec/1.19.0/commons-codec-1.19.0.pom
Progress (1): 7.3/18 kB
Progress (1): 15/18 kB 
Progress (1): 18 kB   
                   
Downloaded from aliyunmaven: https://maven.aliyun.com/repository/public/commons-codec/commons-codec/1.19.0/commons-codec-1.19.0.pom (18 kB at 360 kB/s)
Downloading from aliyunmaven: https://maven.aliyun.com/repository/public/org/apache/commons/commons-lang3/3.18.0/commons-lang3-3.18.0.pom
Progress (1): 7.3/32 kB
Progress (1): 15/32 kB 
Progress (1): 32/32 kB
Progress (1): 32 kB   
                   
Downloaded from aliyunmaven: https://maven.aliyun.com/repository/public/org/apache/commons/commons-lang3/3.18.0/commons-lang3-3.18.0.pom (32 kB at 178 kB/s)
Downloading from aliyunmaven: https://maven.aliyun.com/repository/public/io/airlift/aircompressor/0.27/aircompressor-0.27.pom
Progress (1): 5.8 kB
                    
Downloaded from aliyunmaven: https://maven.aliyun.com/repository/public/io/airlift/aircompressor/0.27/aircompressor-0.27.pom (5.8 kB at 75 kB/s)
Downloading from aliyunmaven: https://maven.aliyun.com/repository/public/io/airlift/airbase/112/airbase-112.pom
Progress (1): 7.3/69 kB
Progress (1): 15/69 kB 
Progress (1): 32/69 kB
Progress (1): 48/69 kB
Progress (1): 65/69 kB
Progress (1): 69 kB   
                   
Downloaded from aliyunmaven: https://maven.aliyun.com/repository/public/io/airlift/airbase/112/airbase-112.pom (69 kB at 1.1 MB/s)
Downloading from aliyunmaven: https://maven.aliyun.com/repository/public/org/junit/junit-bom/5.8.0-M1/junit-bom-5.8.0-M1.pom
Progress (1): 5.7 kB
                    
Downloaded from aliyunmaven: https://maven.aliyun.com/repository/public/org/junit/junit-bom/5.8.0-M1/junit-bom-5.8.0-M1.pom (5.7 kB at 129 kB/s)
Downloading from aliyunmaven: https://maven.aliyun.com/repository/public/org/tukaani/xz/1.10/xz-1.10.pom
Progress (1): 1.9 kB
                    
Downloaded from aliyunmaven: https://maven.aliyun.com/repository/public/org/tukaani/xz/1.10/xz-1.10.pom (1.9 kB at 42 kB/s)
Downloading from aliyunmaven: https://maven.aliyun.com/repository/public/com/github/luben/zstd-jni/1.5.7-4/zstd-jni-1.5.7-4.pom
Progress (1): 2.0 kB
                    
Downloaded from aliyunmaven: https://maven.aliyun.com/repository/public/com/github/luben/zstd-jni/1.5.7-4/zstd-jni-1.5.7-4.pom (2.0 kB at 50 kB/s)
Downloading from aliyunmaven: https://maven.aliyun.com/repository/public/org/codehaus/plexus/plexus-interpolation/1.28/plexus-interpolation-1.28.pom
Progress (1): 3.4 kB
                    
Downloaded from aliyunmaven: https://maven.aliyun.com/repository/public/org/codehaus/plexus/plexus-interpolation/1.28/plexus-interpolation-1.28.pom (3.4 kB at 25 kB/s)
Downloading from aliyunmaven: https://maven.aliyun.com/repository/public/org/codehaus/plexus/plexus-archiver/4.10.4/plexus-archiver-4.10.4.pom
Progress (1): 5.6 kB
                    
Downloaded from aliyunmaven: https://maven.aliyun.com/repository/public/org/codehaus/plexus/plexus-archiver/4.10.4/plexus-archiver-4.10.4.pom (5.6 kB at 81 kB/s)
Downloading from aliyunmaven: https://maven.aliyun.com/repository/public/org/codehaus/plexus/plexus/24/plexus-24.pom
Progress (1): 7.2/31 kB
Progress (1): 7.7/31 kB
Progress (1): 24/31 kB 
Progress (1): 31 kB   
                   
Downloaded from aliyunmaven: https://maven.aliyun.com/repository/public/org/codehaus/plexus/plexus/24/plexus-24.pom (31 kB at 418 kB/s)
Downloading from aliyunmaven: https://maven.aliyun.com/repository/public/org/codehaus/plexus/plexus-io/3.6.0/plexus-io-3.6.0.pom
Progress (1): 3.5 kB
                    
Downloaded from aliyunmaven: https://maven.aliyun.com/repository/public/org/codehaus/plexus/plexus-io/3.6.0/plexus-io-3.6.0.pom (3.5 kB at 78 kB/s)
Downloading from aliyunmaven: https://maven.aliyun.com/repository/public/com/github/luben/zstd-jni/1.5.7-6/zstd-jni-1.5.7-6.pom
Progress (1): 2.0 kB
                    
Downloaded from aliyunmaven: https://maven.aliyun.com/repository/public/com/github/luben/zstd-jni/1.5.7-6/zstd-jni-1.5.7-6.pom (2.0 kB at 50 kB/s)
Downloading from aliyunmaven: https://maven.aliyun.com/repository/public/commons-io/commons-io/2.21.0/commons-io-2.21.0.pom
Progress (1): 7.3/21 kB
Progress (1): 15/21 kB 
Progress (1): 21 kB   
                   
Downloaded from aliyunmaven: https://maven.aliyun.com/repository/public/commons-io/commons-io/2.21.0/commons-io-2.21.0.pom (21 kB at 195 kB/s)
Downloading from aliyunmaven: https://maven.aliyun.com/repository/public/org/apache/commons/commons-parent/91/commons-parent-91.pom
Progress (1): 7.3/79 kB
Progress (1): 14/79 kB 
Progress (1): 30/79 kB
Progress (1): 46/79 kB
Progress (1): 63/79 kB
Progress (1): 79/79 kB
Progress (1): 79 kB   
                   
Downloaded from aliyunmaven: https://maven.aliyun.com/repository/public/org/apache/commons/commons-parent/91/commons-parent-91.pom (79 kB at 1.5 MB/s)
Downloading from aliyunmaven: https://maven.aliyun.com/repository/public/org/apache/maven/shared/file-management/3.2.0/file-management-3.2.0.jar
Progress (1): 7.3/26 kB
Progress (1): 15/26 kB 
Progress (1): 26 kB   
                   
Downloaded from aliyunmaven: https://maven.aliyun.com/repository/public/org/apache/maven/shared/file-management/3.2.0/file-management-3.2.0.jar (26 kB at 120 kB/s)
Downloading from aliyunmaven: https://maven.aliyun.com/repository/public/org/codehaus/plexus/plexus-utils/4.0.2/plexus-utils-4.0.2.jar
Downloading from aliyunmaven: https://maven.aliyun.com/repository/public/org/apache/maven/maven-archiver/3.6.5/maven-archiver-3.6.5.jar
Downloading from aliyunmaven: https://maven.aliyun.com/repository/public/org/codehaus/plexus/plexus-interpolation/1.28/plexus-interpolation-1.28.jar
Downloading from aliyunmaven: https://maven.aliyun.com/repository/public/org/codehaus/plexus/plexus-archiver/4.10.4/plexus-archiver-4.10.4.jar
Downloading from aliyunmaven: https://maven.aliyun.com/repository/public/org/codehaus/plexus/plexus-io/3.6.0/plexus-io-3.6.0.jar
Progress (1): 1.9/87 kB
Progress (1): 18/87 kB 
Progress (1): 35/87 kB
Progress (1): 51/87 kB
Progress (1): 67/87 kB
Progress (1): 84/87 kB
Progress (1): 87 kB   
Progress (2): 87 kB | 1.9/28 kB
Progress (2): 87 kB | 18/28 kB 
Progress (2): 87 kB | 28 kB   
Progress (3): 87 kB | 28 kB | 7.3/193 kB
Progress (3): 87 kB | 28 kB | 15/193 kB 
Progress (3): 87 kB | 28 kB | 32/193 kB
Progress (3): 87 kB | 28 kB | 48/193 kB
Progress (3): 87 kB | 28 kB | 64/193 kB
Progress (3): 87 kB | 28 kB | 81/193 kB
Progress (3): 87 kB | 28 kB | 97/193 kB
Progress (3): 87 kB | 28 kB | 114/193 kB
Progress (3): 87 kB | 28 kB | 130/193 kB
Progress (3): 87 kB | 28 kB | 146/193 kB
Progress (3): 87 kB | 28 kB | 163/193 kB
Progress (3): 87 kB | 28 kB | 179/193 kB
Progress (3): 87 kB | 28 kB | 193 kB    
Progress (4): 87 kB | 28 kB | 193 kB | 7.3/227 kB
Progress (4): 87 kB | 28 kB | 193 kB | 15/227 kB 
Progress (4): 87 kB | 28 kB | 193 kB | 32/227 kB
Progress (4): 87 kB | 28 kB | 193 kB | 48/227 kB
Progress (5): 87 kB | 28 kB | 193 kB | 48/227 kB | 7.2/80 kB
Progress (5): 87 kB | 28 kB | 193 kB | 48/227 kB | 15/80 kB 
Progress (5): 87 kB | 28 kB | 193 kB | 48/227 kB | 32/80 kB
Progress (5): 87 kB | 28 kB | 193 kB | 48/227 kB | 48/80 kB
Progress (5): 87 kB | 28 kB | 193 kB | 48/227 kB | 64/80 kB
Progress (5): 87 kB | 28 kB | 193 kB | 64/227 kB | 64/80 kB
Progress (5): 87 kB | 28 kB | 193 kB | 81/227 kB | 64/80 kB
Progress (5): 87 kB | 28 kB | 193 kB | 97/227 kB | 64/80 kB
Progress (5): 87 kB | 28 kB | 193 kB | 114/227 kB | 64/80 kB
Progress (5): 87 kB | 28 kB | 193 kB | 114/227 kB | 80 kB   
Progress (5): 87 kB | 28 kB | 193 kB | 130/227 kB | 80 kB
Progress (5): 87 kB | 28 kB | 193 kB | 146/227 kB | 80 kB
Progress (5): 87 kB | 28 kB | 193 kB | 163/227 kB | 80 kB
Progress (5): 87 kB | 28 kB | 193 kB | 179/227 kB | 80 kB
Progress (5): 87 kB | 28 kB | 193 kB | 196/227 kB | 80 kB
Progress (5): 87 kB | 28 kB | 193 kB | 212/227 kB | 80 kB
Progress (5): 87 kB | 28 kB | 193 kB | 227 kB | 80 kB    
                                                     
Downloaded from aliyunmaven: https://maven.aliyun.com/repository/public/org/codehaus/plexus/plexus-utils/4.0.2/plexus-utils-4.0.2.jar (193 kB at 3.3 MB/s)
Downloading from aliyunmaven: https://maven.aliyun.com/repository/public/org/apache/commons/commons-compress/1.28.0/commons-compress-1.28.0.jar
Downloaded from aliyunmaven: https://maven.aliyun.com/repository/public/org/codehaus/plexus/plexus-io/3.6.0/plexus-io-3.6.0.jar (80 kB at 1.2 MB/s)
Downloading from aliyunmaven: https://maven.aliyun.com/repository/public/commons-codec/commons-codec/1.19.0/commons-codec-1.19.0.jar
Progress (4): 87 kB | 28 kB | 227 kB | 7.3/375 kB
Progress (4): 87 kB | 28 kB | 227 kB | 15/375 kB 
Progress (4): 87 kB | 28 kB | 227 kB | 32/375 kB
Progress (4): 87 kB | 28 kB | 227 kB | 48/375 kB
Progress (4): 87 kB | 28 kB | 227 kB | 64/375 kB
Progress (4): 87 kB | 28 kB | 227 kB | 81/375 kB
Progress (4): 87 kB | 28 kB | 227 kB | 97/375 kB
Progress (4): 87 kB | 28 kB | 227 kB | 114/375 kB
Progress (4): 87 kB | 28 kB | 227 kB | 130/375 kB
Progress (4): 87 kB | 28 kB | 227 kB | 146/375 kB
Progress (4): 87 kB | 28 kB | 227 kB | 163/375 kB
Progress (4): 87 kB | 28 kB | 227 kB | 174/375 kB
Progress (4): 87 kB | 28 kB | 227 kB | 191/375 kB
Progress (4): 87 kB | 28 kB | 227 kB | 207/375 kB
Progress (4): 87 kB | 28 kB | 227 kB | 223/375 kB
Progress (4): 87 kB | 28 kB | 227 kB | 240/375 kB
Progress (4): 87 kB | 28 kB | 227 kB | 256/375 kB
Progress (4): 87 kB | 28 kB | 227 kB | 272/375 kB
Progress (4): 87 kB | 28 kB | 227 kB | 289/375 kB
Progress (4): 87 kB | 28 kB | 227 kB | 305/375 kB
Progress (4): 87 kB | 28 kB | 227 kB | 322/375 kB
Progress (4): 87 kB | 28 kB | 227 kB | 338/375 kB
Progress (4): 87 kB | 28 kB | 227 kB | 354/375 kB
Progress (4): 87 kB | 28 kB | 227 kB | 371/375 kB
Progress (4): 87 kB | 28 kB | 227 kB | 375 kB    
Progress (5): 87 kB | 28 kB | 227 kB | 375 kB | 0/1.1 MB
Progress (5): 87 kB | 28 kB | 227 kB | 375 kB | 0/1.1 MB
Progress (5): 87 kB | 28 kB | 227 kB | 375 kB | 0/1.1 MB
Progress (5): 87 kB | 28 kB | 227 kB | 375 kB | 0/1.1 MB
Progress (5): 87 kB | 28 kB | 227 kB | 375 kB | 0.1/1.1 MB
Progress (5): 87 kB | 28 kB | 227 kB | 375 kB | 0.1/1.1 MB
Progress (5): 87 kB | 28 kB | 227 kB | 375 kB | 0.1/1.1 MB
Progress (5): 87 kB | 28 kB | 227 kB | 375 kB | 0.1/1.1 MB
Progress (5): 87 kB | 28 kB | 227 kB | 375 kB | 0.1/1.1 MB
Progress (5): 87 kB | 28 kB | 227 kB | 375 kB | 0.1/1.1 MB
Progress (5): 87 kB | 28 kB | 227 kB | 375 kB | 0.2/1.1 MB
Progress (5): 87 kB | 28 kB | 227 kB | 375 kB | 0.2/1.1 MB
Progress (5): 87 kB | 28 kB | 227 kB | 375 kB | 0.2/1.1 MB
Progress (5): 87 kB | 28 kB | 227 kB | 375 kB | 0.2/1.1 MB
Progress (5): 87 kB | 28 kB | 227 kB | 375 kB | 0.2/1.1 MB
Progress (5): 87 kB | 28 kB | 227 kB | 375 kB | 0.2/1.1 MB
Progress (5): 87 kB | 28 kB | 227 kB | 375 kB | 0.3/1.1 MB
Progress (5): 87 kB | 28 kB | 227 kB | 375 kB | 0.3/1.1 MB
Progress (5): 87 kB | 28 kB | 227 kB | 375 kB | 0.3/1.1 MB
Progress (5): 87 kB | 28 kB | 227 kB | 375 kB | 0.3/1.1 MB
Progress (5): 87 kB | 28 kB | 227 kB | 375 kB | 0.3/1.1 MB
Progress (5): 87 kB | 28 kB | 227 kB | 375 kB | 0.3/1.1 MB
Progress (5): 87 kB | 28 kB | 227 kB | 375 kB | 0.4/1.1 MB
Progress (5): 87 kB | 28 kB | 227 kB | 375 kB | 0.4/1.1 MB
Progress (5): 87 kB | 28 kB | 227 kB | 375 kB | 0.4/1.1 MB
Progress (5): 87 kB | 28 kB | 227 kB | 375 kB | 0.4/1.1 MB
Progress (5): 87 kB | 28 kB | 227 kB | 375 kB | 0.4/1.1 MB
Progress (5): 87 kB | 28 kB | 227 kB | 375 kB | 0.4/1.1 MB
Progress (5): 87 kB | 28 kB | 227 kB | 375 kB | 0.5/1.1 MB
Progress (5): 87 kB | 28 kB | 227 kB | 375 kB | 0.5/1.1 MB
Progress (5): 87 kB | 28 kB | 227 kB | 375 kB | 0.5/1.1 MB
Progress (5): 87 kB | 28 kB | 227 kB | 375 kB | 0.5/1.1 MB
Progress (5): 87 kB | 28 kB | 227 kB | 375 kB | 0.5/1.1 MB
Progress (5): 87 kB | 28 kB | 227 kB | 375 kB | 0.5/1.1 MB
                                                          
Downloaded from aliyunmaven: https://maven.aliyun.com/repository/public/org/codehaus/plexus/plexus-archiver/4.10.4/plexus-archiver-4.10.4.jar (227 kB at 2.3 MB/s)
Downloading from aliyunmaven: https://maven.aliyun.com/repository/public/org/apache/commons/commons-lang3/3.18.0/commons-lang3-3.18.0.jar
Progress (4): 87 kB | 28 kB | 375 kB | 0.5/1.1 MB
Progress (4): 87 kB | 28 kB | 375 kB | 0.6/1.1 MB
Progress (4): 87 kB | 28 kB | 375 kB | 0.6/1.1 MB
Progress (4): 87 kB | 28 kB | 375 kB | 0.6/1.1 MB
Progress (4): 87 kB | 28 kB | 375 kB | 0.6/1.1 MB
Progress (4): 87 kB | 28 kB | 375 kB | 0.6/1.1 MB
Progress (4): 87 kB | 28 kB | 375 kB | 0.6/1.1 MB
Progress (4): 87 kB | 28 kB | 375 kB | 0.7/1.1 MB
Progress (4): 87 kB | 28 kB | 375 kB | 0.7/1.1 MB
Progress (4): 87 kB | 28 kB | 375 kB | 0.7/1.1 MB
Progress (4): 87 kB | 28 kB | 375 kB | 0.7/1.1 MB
Progress (4): 87 kB | 28 kB | 375 kB | 0.7/1.1 MB
Progress (4): 87 kB | 28 kB | 375 kB | 0.7/1.1 MB
Progress (4): 87 kB | 28 kB | 375 kB | 0.8/1.1 MB
Progress (4): 87 kB | 28 kB | 375 kB | 0.8/1.1 MB
Progress (4): 87 kB | 28 kB | 375 kB | 0.8/1.1 MB
Progress (4): 87 kB | 28 kB | 375 kB | 0.8/1.1 MB
Progress (4): 87 kB | 28 kB | 375 kB | 0.8/1.1 MB
Progress (4): 87 kB | 28 kB | 375 kB | 0.8/1.1 MB
Progress (4): 87 kB | 28 kB | 375 kB | 0.9/1.1 MB
Progress (4): 87 kB | 28 kB | 375 kB | 0.9/1.1 MB
Progress (4): 87 kB | 28 kB | 375 kB | 0.9/1.1 MB
Progress (4): 87 kB | 28 kB | 375 kB | 0.9/1.1 MB
Progress (4): 87 kB | 28 kB | 375 kB | 0.9/1.1 MB
Progress (4): 87 kB | 28 kB | 375 kB | 0.9/1.1 MB
Progress (4): 87 kB | 28 kB | 375 kB | 1.0/1.1 MB
Progress (4): 87 kB | 28 kB | 375 kB | 1.0/1.1 MB
Progress (4): 87 kB | 28 kB | 375 kB | 1.0/1.1 MB
Progress (4): 87 kB | 28 kB | 375 kB | 1.0/1.1 MB
Progress (4): 87 kB | 28 kB | 375 kB | 1.0/1.1 MB
Progress (4): 87 kB | 28 kB | 375 kB | 1.0/1.1 MB
Progress (4): 87 kB | 28 kB | 375 kB | 1.0/1.1 MB
Progress (4): 87 kB | 28 kB | 375 kB | 1.1/1.1 MB
Progress (4): 87 kB | 28 kB | 375 kB | 1.1/1.1 MB
Progress (4): 87 kB | 28 kB | 375 kB | 1.1/1.1 MB
Progress (4): 87 kB | 28 kB | 375 kB | 1.1/1.1 MB
Progress (4): 87 kB | 28 kB | 375 kB | 1.1 MB    
Progress (5): 87 kB | 28 kB | 375 kB | 1.1 MB | 1.8/703 kB
Progress (5): 87 kB | 28 kB | 375 kB | 1.1 MB | 18/703 kB 
Progress (5): 87 kB | 28 kB | 375 kB | 1.1 MB | 35/703 kB
Progress (5): 87 kB | 28 kB | 375 kB | 1.1 MB | 51/703 kB
Progress (5): 87 kB | 28 kB | 375 kB | 1.1 MB | 67/703 kB
Progress (5): 87 kB | 28 kB | 375 kB | 1.1 MB | 84/703 kB
Progress (5): 87 kB | 28 kB | 375 kB | 1.1 MB | 100/703 kB
Progress (5): 87 kB | 28 kB | 375 kB | 1.1 MB | 117/703 kB
Progress (5): 87 kB | 28 kB | 375 kB | 1.1 MB | 124/703 kB
Progress (5): 87 kB | 28 kB | 375 kB | 1.1 MB | 127/703 kB
Progress (5): 87 kB | 28 kB | 375 kB | 1.1 MB | 132/703 kB
Progress (5): 87 kB | 28 kB | 375 kB | 1.1 MB | 135/703 kB
Progress (5): 87 kB | 28 kB | 375 kB | 1.1 MB | 145/703 kB
Progress (5): 87 kB | 28 kB | 375 kB | 1.1 MB | 161/703 kB
Progress (5): 87 kB | 28 kB | 375 kB | 1.1 MB | 164/703 kB
Progress (5): 87 kB | 28 kB | 375 kB | 1.1 MB | 180/703 kB
Progress (5): 87 kB | 28 kB | 375 kB | 1.1 MB | 190/703 kB
Progress (5): 87 kB | 28 kB | 375 kB | 1.1 MB | 207/703 kB
                                                          
Downloaded from aliyunmaven: https://maven.aliyun.com/repository/public/org/codehaus/plexus/plexus-interpolation/1.28/plexus-interpolation-1.28.jar (87 kB at 758 kB/s)
Progress (4): 28 kB | 375 kB | 1.1 MB | 223/703 kB
                                                  
Downloading from aliyunmaven: https://maven.aliyun.com/repository/public/io/airlift/aircompressor/0.27/aircompressor-0.27.jar
Progress (4): 28 kB | 375 kB | 1.1 MB | 239/703 kB
Progress (4): 28 kB | 375 kB | 1.1 MB | 253/703 kB
Progress (4): 28 kB | 375 kB | 1.1 MB | 257/703 kB
Progress (4): 28 kB | 375 kB | 1.1 MB | 274/703 kB
Progress (4): 28 kB | 375 kB | 1.1 MB | 275/703 kB
Progress (4): 28 kB | 375 kB | 1.1 MB | 278/703 kB
Progress (4): 28 kB | 375 kB | 1.1 MB | 281/703 kB
Progress (4): 28 kB | 375 kB | 1.1 MB | 284/703 kB
Progress (4): 28 kB | 375 kB | 1.1 MB | 285/703 kB
Progress (4): 28 kB | 375 kB | 1.1 MB | 289/703 kB
Progress (4): 28 kB | 375 kB | 1.1 MB | 292/703 kB
Progress (4): 28 kB | 375 kB | 1.1 MB | 298/703 kB
Progress (4): 28 kB | 375 kB | 1.1 MB | 303/703 kB
Progress (4): 28 kB | 375 kB | 1.1 MB | 306/703 kB
Progress (4): 28 kB | 375 kB | 1.1 MB | 308/703 kB
Progress (4): 28 kB | 375 kB | 1.1 MB | 311/703 kB
Progress (4): 28 kB | 375 kB | 1.1 MB | 317/703 kB
Progress (4): 28 kB | 375 kB | 1.1 MB | 322/703 kB
Progress (4): 28 kB | 375 kB | 1.1 MB | 335/703 kB
Progress (4): 28 kB | 375 kB | 1.1 MB | 351/703 kB
Progress (4): 28 kB | 375 kB | 1.1 MB | 357/703 kB
Progress (4): 28 kB | 375 kB | 1.1 MB | 373/703 kB
Progress (4): 28 kB | 375 kB | 1.1 MB | 381/703 kB
Progress (4): 28 kB | 375 kB | 1.1 MB | 396/703 kB
Progress (4): 28 kB | 375 kB | 1.1 MB | 400/703 kB
Progress (4): 28 kB | 375 kB | 1.1 MB | 403/703 kB
Progress (4): 28 kB | 375 kB | 1.1 MB | 409/703 kB
Progress (4): 28 kB | 375 kB | 1.1 MB | 426/703 kB
Progress (4): 28 kB | 375 kB | 1.1 MB | 428/703 kB
Progress (4): 28 kB | 375 kB | 1.1 MB | 431/703 kB
Progress (4): 28 kB | 375 kB | 1.1 MB | 437/703 kB
Progress (4): 28 kB | 375 kB | 1.1 MB | 440/703 kB
Progress (4): 28 kB | 375 kB | 1.1 MB | 446/703 kB
Progress (4): 28 kB | 375 kB | 1.1 MB | 450/703 kB
Progress (4): 28 kB | 375 kB | 1.1 MB | 466/703 kB
Progress (4): 28 kB | 375 kB | 1.1 MB | 468/703 kB
Progress (4): 28 kB | 375 kB | 1.1 MB | 484/703 kB
Progress (4): 28 kB | 375 kB | 1.1 MB | 500/703 kB
Progress (4): 28 kB | 375 kB | 1.1 MB | 506/703 kB
Progress (4): 28 kB | 375 kB | 1.1 MB | 508/703 kB
Progress (4): 28 kB | 375 kB | 1.1 MB | 510/703 kB
                                                  
Downloaded from aliyunmaven: https://maven.aliyun.com/repository/public/commons-codec/commons-codec/1.19.0/commons-codec-1.19.0.jar (375 kB at 3.1 MB/s)
Downloading from aliyunmaven: https://maven.aliyun.com/repository/public/org/tukaani/xz/1.10/xz-1.10.jar
Progress (3): 28 kB | 1.1 MB | 517/703 kB
Progress (3): 28 kB | 1.1 MB | 524/703 kB
Progress (3): 28 kB | 1.1 MB | 529/703 kB
Progress (4): 28 kB | 1.1 MB | 529/703 kB | 1.9/255 kB
Progress (4): 28 kB | 1.1 MB | 529/703 kB | 18/255 kB 
Progress (4): 28 kB | 1.1 MB | 529/703 kB | 35/255 kB
Progress (4): 28 kB | 1.1 MB | 529/703 kB | 51/255 kB
Progress (4): 28 kB | 1.1 MB | 529/703 kB | 67/255 kB
Progress (4): 28 kB | 1.1 MB | 529/703 kB | 84/255 kB
Progress (4): 28 kB | 1.1 MB | 529/703 kB | 100/255 kB
Progress (4): 28 kB | 1.1 MB | 529/703 kB | 117/255 kB
Progress (4): 28 kB | 1.1 MB | 545/703 kB | 117/255 kB
Progress (4): 28 kB | 1.1 MB | 545/703 kB | 133/255 kB
Progress (4): 28 kB | 1.1 MB | 552/703 kB | 133/255 kB
Progress (4): 28 kB | 1.1 MB | 556/703 kB | 133/255 kB
Progress (4): 28 kB | 1.1 MB | 572/703 kB | 133/255 kB
Progress (4): 28 kB | 1.1 MB | 589/703 kB | 133/255 kB
Progress (4): 28 kB | 1.1 MB | 597/703 kB | 133/255 kB
Progress (4): 28 kB | 1.1 MB | 610/703 kB | 133/255 kB
Progress (4): 28 kB | 1.1 MB | 627/703 kB | 133/255 kB
Progress (4): 28 kB | 1.1 MB | 627/703 kB | 149/255 kB
Progress (4): 28 kB | 1.1 MB | 627/703 kB | 166/255 kB
Progress (4): 28 kB | 1.1 MB | 627/703 kB | 182/255 kB
Progress (4): 28 kB | 1.1 MB | 627/703 kB | 199/255 kB
Progress (4): 28 kB | 1.1 MB | 643/703 kB | 199/255 kB
Progress (4): 28 kB | 1.1 MB | 653/703 kB | 199/255 kB
Progress (4): 28 kB | 1.1 MB | 656/703 kB | 199/255 kB
Progress (4): 28 kB | 1.1 MB | 663/703 kB | 199/255 kB
Progress (4): 28 kB | 1.1 MB | 667/703 kB | 199/255 kB
Progress (4): 28 kB | 1.1 MB | 669/703 kB | 199/255 kB
Progress (4): 28 kB | 1.1 MB | 685/703 kB | 199/255 kB
Progress (4): 28 kB | 1.1 MB | 686/703 kB | 199/255 kB
Progress (4): 28 kB | 1.1 MB | 703/703 kB | 199/255 kB
Progress (4): 28 kB | 1.1 MB | 703 kB | 199/255 kB    
Progress (4): 28 kB | 1.1 MB | 703 kB | 215/255 kB
Progress (4): 28 kB | 1.1 MB | 703 kB | 231/255 kB
Progress (4): 28 kB | 1.1 MB | 703 kB | 248/255 kB
Progress (4): 28 kB | 1.1 MB | 703 kB | 255 kB    
Progress (5): 28 kB | 1.1 MB | 703 kB | 255 kB | 7.3/169 kB
Progress (5): 28 kB | 1.1 MB | 703 kB | 255 kB | 16/169 kB 
Progress (5): 28 kB | 1.1 MB | 703 kB | 255 kB | 32/169 kB
Progress (5): 28 kB | 1.1 MB | 703 kB | 255 kB | 48/169 kB
Progress (5): 28 kB | 1.1 MB | 703 kB | 255 kB | 65/169 kB
Progress (5): 28 kB | 1.1 MB | 703 kB | 255 kB | 81/169 kB
Progress (5): 28 kB | 1.1 MB | 703 kB | 255 kB | 97/169 kB
Progress (5): 28 kB | 1.1 MB | 703 kB | 255 kB | 114/169 kB
Progress (5): 28 kB | 1.1 MB | 703 kB | 255 kB | 130/169 kB
Progress (5): 28 kB | 1.1 MB | 703 kB | 255 kB | 146/169 kB
Progress (5): 28 kB | 1.1 MB | 703 kB | 255 kB | 163/169 kB
Progress (5): 28 kB | 1.1 MB | 703 kB | 255 kB | 169 kB    
                                                       
Downloaded from aliyunmaven: https://maven.aliyun.com/repository/public/org/apache/commons/commons-compress/1.28.0/commons-compress-1.28.0.jar (1.1 MB at 7.4 MB/s)
Downloading from aliyunmaven: https://maven.aliyun.com/repository/public/com/github/luben/zstd-jni/1.5.7-6/zstd-jni-1.5.7-6.jar
Downloaded from aliyunmaven: https://maven.aliyun.com/repository/public/org/apache/commons/commons-lang3/3.18.0/commons-lang3-3.18.0.jar (703 kB at 4.3 MB/s)
Downloading from aliyunmaven: https://maven.aliyun.com/repository/public/commons-io/commons-io/2.21.0/commons-io-2.21.0.jar
Progress (4): 28 kB | 255 kB | 169 kB | 0/7.4 MB
Progress (4): 28 kB | 255 kB | 169 kB | 0/7.4 MB
Progress (4): 28 kB | 255 kB | 169 kB | 0/7.4 MB
Progress (4): 28 kB | 255 kB | 169 kB | 0.1/7.4 MB
Progress (4): 28 kB | 255 kB | 169 kB | 0.1/7.4 MB
Progress (4): 28 kB | 255 kB | 169 kB | 0.1/7.4 MB
Progress (4): 28 kB | 255 kB | 169 kB | 0.1/7.4 MB
Progress (4): 28 kB | 255 kB | 169 kB | 0.1/7.4 MB
Progress (4): 28 kB | 255 kB | 169 kB | 0.1/7.4 MB
Progress (4): 28 kB | 255 kB | 169 kB | 0.2/7.4 MB
Progress (4): 28 kB | 255 kB | 169 kB | 0.2/7.4 MB
Progress (4): 28 kB | 255 kB | 169 kB | 0.2/7.4 MB
Progress (4): 28 kB | 255 kB | 169 kB | 0.2/7.4 MB
Progress (4): 28 kB | 255 kB | 169 kB | 0.2/7.4 MB
Progress (4): 28 kB | 255 kB | 169 kB | 0.2/7.4 MB
Progress (4): 28 kB | 255 kB | 169 kB | 0.2/7.4 MB
Progress (4): 28 kB | 255 kB | 169 kB | 0.3/7.4 MB
Progress (4): 28 kB | 255 kB | 169 kB | 0.3/7.4 MB
Progress (4): 28 kB | 255 kB | 169 kB | 0.3/7.4 MB
Progress (4): 28 kB | 255 kB | 169 kB | 0.3/7.4 MB
Progress (4): 28 kB | 255 kB | 169 kB | 0.3/7.4 MB
Progress (4): 28 kB | 255 kB | 169 kB | 0.3/7.4 MB
Progress (4): 28 kB | 255 kB | 169 kB | 0.4/7.4 MB
Progress (4): 28 kB | 255 kB | 169 kB | 0.4/7.4 MB
Progress (4): 28 kB | 255 kB | 169 kB | 0.4/7.4 MB
Progress (4): 28 kB | 255 kB | 169 kB | 0.4/7.4 MB
Progress (4): 28 kB | 255 kB | 169 kB | 0.4/7.4 MB
Progress (4): 28 kB | 255 kB | 169 kB | 0.4/7.4 MB
Progress (4): 28 kB | 255 kB | 169 kB | 0.5/7.4 MB
Progress (4): 28 kB | 255 kB | 169 kB | 0.5/7.4 MB
Progress (4): 28 kB | 255 kB | 169 kB | 0.5/7.4 MB
Progress (4): 28 kB | 255 kB | 169 kB | 0.5/7.4 MB
Progress (4): 28 kB | 255 kB | 169 kB | 0.5/7.4 MB
Progress (4): 28 kB | 255 kB | 169 kB | 0.5/7.4 MB
Progress (4): 28 kB | 255 kB | 169 kB | 0.6/7.4 MB
                                                  
Downloaded from aliyunmaven: https://maven.aliyun.com/repository/public/io/airlift/aircompressor/0.27/aircompressor-0.27.jar (255 kB at 1.5 MB/s)
Downloaded from aliyunmaven: https://maven.aliyun.com/repository/public/org/tukaani/xz/1.10/xz-1.10.jar (169 kB at 963 kB/s)
Progress (2): 28 kB | 0.6/7.4 MB
Progress (2): 28 kB | 0.6/7.4 MB
Progress (2): 28 kB | 0.6/7.4 MB
Progress (2): 28 kB | 0.6/7.4 MB
Progress (2): 28 kB | 0.6/7.4 MB
Progress (2): 28 kB | 0.7/7.4 MB
Progress (2): 28 kB | 0.7/7.4 MB
Progress (2): 28 kB | 0.7/7.4 MB
Progress (2): 28 kB | 0.7/7.4 MB
Progress (2): 28 kB | 0.7/7.4 MB
Progress (2): 28 kB | 0.7/7.4 MB
Progress (2): 28 kB | 0.8/7.4 MB
Progress (2): 28 kB | 0.8/7.4 MB
Progress (2): 28 kB | 0.8/7.4 MB
Progress (2): 28 kB | 0.8/7.4 MB
Progress (2): 28 kB | 0.8/7.4 MB
Progress (2): 28 kB | 0.8/7.4 MB
Progress (2): 28 kB | 0.9/7.4 MB
Progress (2): 28 kB | 0.9/7.4 MB
Progress (2): 28 kB | 0.9/7.4 MB
Progress (2): 28 kB | 0.9/7.4 MB
Progress (2): 28 kB | 0.9/7.4 MB
Progress (3): 28 kB | 0.9/7.4 MB | 7.2/585 kB
Progress (3): 28 kB | 0.9/7.4 MB | 15/585 kB 
Progress (3): 28 kB | 0.9/7.4 MB | 32/585 kB
Progress (3): 28 kB | 0.9/7.4 MB | 48/585 kB
Progress (3): 28 kB | 0.9/7.4 MB | 64/585 kB
Progress (3): 28 kB | 0.9/7.4 MB | 81/585 kB
Progress (3): 28 kB | 0.9/7.4 MB | 97/585 kB
Progress (3): 28 kB | 0.9/7.4 MB | 114/585 kB
Progress (3): 28 kB | 0.9/7.4 MB | 130/585 kB
Progress (3): 28 kB | 0.9/7.4 MB | 146/585 kB
Progress (3): 28 kB | 0.9/7.4 MB | 163/585 kB
Progress (3): 28 kB | 0.9/7.4 MB | 179/585 kB
Progress (3): 28 kB | 0.9/7.4 MB | 196/585 kB
Progress (3): 28 kB | 0.9/7.4 MB | 212/585 kB
Progress (3): 28 kB | 0.9/7.4 MB | 228/585 kB
Progress (3): 28 kB | 0.9/7.4 MB | 245/585 kB
Progress (3): 28 kB | 0.9/7.4 MB | 261/585 kB
Progress (3): 28 kB | 0.9/7.4 MB | 277/585 kB
Progress (3): 28 kB | 0.9/7.4 MB | 294/585 kB
Progress (3): 28 kB | 0.9/7.4 MB | 310/585 kB
Progress (3): 28 kB | 0.9/7.4 MB | 327/585 kB
Progress (3): 28 kB | 0.9/7.4 MB | 343/585 kB
Progress (3): 28 kB | 0.9/7.4 MB | 359/585 kB
Progress (3): 28 kB | 0.9/7.4 MB | 376/585 kB
Progress (3): 28 kB | 0.9/7.4 MB | 392/585 kB
Progress (3): 28 kB | 0.9/7.4 MB | 409/585 kB
Progress (3): 28 kB | 0.9/7.4 MB | 425/585 kB
Progress (3): 28 kB | 0.9/7.4 MB | 441/585 kB
Progress (3): 28 kB | 0.9/7.4 MB | 458/585 kB
Progress (3): 28 kB | 0.9/7.4 MB | 474/585 kB
Progress (3): 28 kB | 0.9/7.4 MB | 490/585 kB
Progress (3): 28 kB | 0.9/7.4 MB | 507/585 kB
Progress (3): 28 kB | 0.9/7.4 MB | 523/585 kB
Progress (3): 28 kB | 0.9/7.4 MB | 523/585 kB
Progress (3): 28 kB | 1.0/7.4 MB | 523/585 kB
Progress (3): 28 kB | 1.0/7.4 MB | 523/585 kB
Progress (3): 28 kB | 1.0/7.4 MB | 523/585 kB
Progress (3): 28 kB | 1.0/7.4 MB | 523/585 kB
Progress (3): 28 kB | 1.0/7.4 MB | 523/585 kB
Progress (3): 28 kB | 1.0/7.4 MB | 523/585 kB
Progress (3): 28 kB | 1.0/7.4 MB | 523/585 kB
Progress (3): 28 kB | 1.1/7.4 MB | 523/585 kB
Progress (3): 28 kB | 1.1/7.4 MB | 523/585 kB
Progress (3): 28 kB | 1.1/7.4 MB | 523/585 kB
Progress (3): 28 kB | 1.1/7.4 MB | 523/585 kB
Progress (3): 28 kB | 1.1/7.4 MB | 523/585 kB
Progress (3): 28 kB | 1.1/7.4 MB | 523/585 kB
Progress (3): 28 kB | 1.2/7.4 MB | 523/585 kB
Progress (3): 28 kB | 1.2/7.4 MB | 523/585 kB
Progress (3): 28 kB | 1.2/7.4 MB | 523/585 kB
Progress (3): 28 kB | 1.2/7.4 MB | 523/585 kB
Progress (3): 28 kB | 1.2/7.4 MB | 523/585 kB
Progress (3): 28 kB | 1.2/7.4 MB | 523/585 kB
Progress (3): 28 kB | 1.3/7.4 MB | 523/585 kB
Progress (3): 28 kB | 1.3/7.4 MB | 523/585 kB
Progress (3): 28 kB | 1.3/7.4 MB | 523/585 kB
Progress (3): 28 kB | 1.3/7.4 MB | 523/585 kB
Progress (3): 28 kB | 1.3/7.4 MB | 523/585 kB
Progress (3): 28 kB | 1.3/7.4 MB | 523/585 kB
Progress (3): 28 kB | 1.4/7.4 MB | 523/585 kB
Progress (3): 28 kB | 1.4/7.4 MB | 523/585 kB
Progress (3): 28 kB | 1.4/7.4 MB | 540/585 kB
Progress (3): 28 kB | 1.4/7.4 MB | 556/585 kB
Progress (3): 28 kB | 1.4/7.4 MB | 572/585 kB
Progress (3): 28 kB | 1.4/7.4 MB | 585 kB    
Progress (3): 28 kB | 1.4/7.4 MB | 585 kB
Progress (3): 28 kB | 1.4/7.4 MB | 585 kB
Progress (3): 28 kB | 1.4/7.4 MB | 585 kB
Progress (3): 28 kB | 1.4/7.4 MB | 585 kB
Progress (3): 28 kB | 1.5/7.4 MB | 585 kB
Progress (3): 28 kB | 1.5/7.4 MB | 585 kB
Progress (3): 28 kB | 1.5/7.4 MB | 585 kB
Progress (3): 28 kB | 1.5/7.4 MB | 585 kB
Progress (3): 28 kB | 1.5/7.4 MB | 585 kB
Progress (3): 28 kB | 1.5/7.4 MB | 585 kB
Progress (3): 28 kB | 1.6/7.4 MB | 585 kB
Progress (3): 28 kB | 1.6/7.4 MB | 585 kB
Progress (3): 28 kB | 1.6/7.4 MB | 585 kB
Progress (3): 28 kB | 1.6/7.4 MB | 585 kB
Progress (3): 28 kB | 1.6/7.4 MB | 585 kB
Progress (3): 28 kB | 1.6/7.4 MB | 585 kB
Progress (3): 28 kB | 1.7/7.4 MB | 585 kB
Progress (3): 28 kB | 1.7/7.4 MB | 585 kB
Progress (3): 28 kB | 1.7/7.4 MB | 585 kB
Progress (3): 28 kB | 1.7/7.4 MB | 585 kB
Progress (3): 28 kB | 1.7/7.4 MB | 585 kB
Progress (3): 28 kB | 1.7/7.4 MB | 585 kB
Progress (3): 28 kB | 1.8/7.4 MB | 585 kB
Progress (3): 28 kB | 1.8/7.4 MB | 585 kB
Progress (3): 28 kB | 1.8/7.4 MB | 585 kB
Progress (3): 28 kB | 1.8/7.4 MB | 585 kB
Progress (3): 28 kB | 1.8/7.4 MB | 585 kB
Progress (3): 28 kB | 1.8/7.4 MB | 585 kB
                                         
Downloaded from aliyunmaven: https://maven.aliyun.com/repository/public/org/apache/maven/maven-archiver/3.6.5/maven-archiver-3.6.5.jar (28 kB at 142 kB/s)
Progress (2): 1.9/7.4 MB | 585 kB
Progress (2): 1.9/7.4 MB | 585 kB
Progress (2): 1.9/7.4 MB | 585 kB
Progress (2): 1.9/7.4 MB | 585 kB
Progress (2): 1.9/7.4 MB | 585 kB
Progress (2): 1.9/7.4 MB | 585 kB
Progress (2): 1.9/7.4 MB | 585 kB
Progress (2): 2.0/7.4 MB | 585 kB
Progress (2): 2.0/7.4 MB | 585 kB
Progress (2): 2.0/7.4 MB | 585 kB
Progress (2): 2.0/7.4 MB | 585 kB
Progress (2): 2.0/7.4 MB | 585 kB
Progress (2): 2.0/7.4 MB | 585 kB
Progress (2): 2.1/7.4 MB | 585 kB
Progress (2): 2.1/7.4 MB | 585 kB
Progress (2): 2.1/7.4 MB | 585 kB
Progress (2): 2.1/7.4 MB | 585 kB
Progress (2): 2.1/7.4 MB | 585 kB
Progress (2): 2.1/7.4 MB | 585 kB
Progress (2): 2.2/7.4 MB | 585 kB
Progress (2): 2.2/7.4 MB | 585 kB
Progress (2): 2.2/7.4 MB | 585 kB
Progress (2): 2.2/7.4 MB | 585 kB
Progress (2): 2.2/7.4 MB | 585 kB
Progress (2): 2.2/7.4 MB | 585 kB
Progress (2): 2.3/7.4 MB | 585 kB
Progress (2): 2.3/7.4 MB | 585 kB
Progress (2): 2.3/7.4 MB | 585 kB
Progress (2): 2.3/7.4 MB | 585 kB
Progress (2): 2.3/7.4 MB | 585 kB
Progress (2): 2.3/7.4 MB | 585 kB
Progress (2): 2.4/7.4 MB | 585 kB
Progress (2): 2.4/7.4 MB | 585 kB
Progress (2): 2.4/7.4 MB | 585 kB
Progress (2): 2.4/7.4 MB | 585 kB
Progress (2): 2.4/7.4 MB | 585 kB
Progress (2): 2.4/7.4 MB | 585 kB
Progress (2): 2.5/7.4 MB | 585 kB
Progress (2): 2.5/7.4 MB | 585 kB
Progress (2): 2.5/7.4 MB | 585 kB
Progress (2): 2.5/7.4 MB | 585 kB
Progress (2): 2.5/7.4 MB | 585 kB
Progress (2): 2.5/7.4 MB | 585 kB
Progress (2): 2.6/7.4 MB | 585 kB
Progress (2): 2.6/7.4 MB | 585 kB
Progress (2): 2.6/7.4 MB | 585 kB
Progress (2): 2.6/7.4 MB | 585 kB
Progress (2): 2.6/7.4 MB | 585 kB
                                 
Downloaded from aliyunmaven: https://maven.aliyun.com/repository/public/commons-io/commons-io/2.21.0/commons-io-2.21.0.jar (585 kB at 2.5 MB/s)
Progress (1): 2.6/7.4 MB
Progress (1): 2.7/7.4 MB
Progress (1): 2.7/7.4 MB
Progress (1): 2.7/7.4 MB
Progress (1): 2.7/7.4 MB
Progress (1): 2.7/7.4 MB
Progress (1): 2.7/7.4 MB
Progress (1): 2.8/7.4 MB
Progress (1): 2.8/7.4 MB
Progress (1): 2.8/7.4 MB
Progress (1): 2.8/7.4 MB
Progress (1): 2.8/7.4 MB
Progress (1): 2.8/7.4 MB
Progress (1): 2.9/7.4 MB
Progress (1): 2.9/7.4 MB
Progress (1): 2.9/7.4 MB
Progress (1): 2.9/7.4 MB
Progress (1): 2.9/7.4 MB
Progress (1): 2.9/7.4 MB
Progress (1): 2.9/7.4 MB
Progress (1): 3.0/7.4 MB
Progress (1): 3.0/7.4 MB
Progress (1): 3.0/7.4 MB
Progress (1): 3.0/7.4 MB
Progress (1): 3.0/7.4 MB
Progress (1): 3.0/7.4 MB
Progress (1): 3.1/7.4 MB
Progress (1): 3.1/7.4 MB
Progress (1): 3.1/7.4 MB
Progress (1): 3.1/7.4 MB
Progress (1): 3.1/7.4 MB
Progress (1): 3.1/7.4 MB
Progress (1): 3.2/7.4 MB
Progress (1): 3.2/7.4 MB
Progress (1): 3.2/7.4 MB
Progress (1): 3.2/7.4 MB
Progress (1): 3.2/7.4 MB
Progress (1): 3.2/7.4 MB
Progress (1): 3.3/7.4 MB
Progress (1): 3.3/7.4 MB
Progress (1): 3.3/7.4 MB
Progress (1): 3.3/7.4 MB
Progress (1): 3.3/7.4 MB
Progress (1): 3.3/7.4 MB
Progress (1): 3.4/7.4 MB
Progress (1): 3.4/7.4 MB
Progress (1): 3.4/7.4 MB
Progress (1): 3.4/7.4 MB
Progress (1): 3.4/7.4 MB
Progress (1): 3.4/7.4 MB
Progress (1): 3.5/7.4 MB
Progress (1): 3.5/7.4 MB
Progress (1): 3.5/7.4 MB
Progress (1): 3.5/7.4 MB
Progress (1): 3.5/7.4 MB
Progress (1): 3.5/7.4 MB
Progress (1): 3.6/7.4 MB
Progress (1): 3.6/7.4 MB
Progress (1): 3.6/7.4 MB
Progress (1): 3.6/7.4 MB
Progress (1): 3.6/7.4 MB
Progress (1): 3.6/7.4 MB
Progress (1): 3.7/7.4 MB
Progress (1): 3.7/7.4 MB
Progress (1): 3.7/7.4 MB
Progress (1): 3.7/7.4 MB
Progress (1): 3.7/7.4 MB
Progress (1): 3.7/7.4 MB
Progress (1): 3.8/7.4 MB
Progress (1): 3.8/7.4 MB
Progress (1): 3.8/7.4 MB
Progress (1): 3.8/7.4 MB
Progress (1): 3.8/7.4 MB
Progress (1): 3.8/7.4 MB
Progress (1): 3.9/7.4 MB
Progress (1): 3.9/7.4 MB
Progress (1): 3.9/7.4 MB
Progress (1): 3.9/7.4 MB
Progress (1): 3.9/7.4 MB
Progress (1): 3.9/7.4 MB
Progress (1): 3.9/7.4 MB
Progress (1): 4.0/7.4 MB
Progress (1): 4.0/7.4 MB
Progress (1): 4.0/7.4 MB
Progress (1): 4.0/7.4 MB
Progress (1): 4.0/7.4 MB
Progress (1): 4.0/7.4 MB
Progress (1): 4.1/7.4 MB
Progress (1): 4.1/7.4 MB
Progress (1): 4.1/7.4 MB
Progress (1): 4.1/7.4 MB
Progress (1): 4.1/7.4 MB
Progress (1): 4.1/7.4 MB
Progress (1): 4.2/7.4 MB
Progress (1): 4.2/7.4 MB
Progress (1): 4.2/7.4 MB
Progress (1): 4.2/7.4 MB
Progress (1): 4.2/7.4 MB
Progress (1): 4.2/7.4 MB
Progress (1): 4.3/7.4 MB
Progress (1): 4.3/7.4 MB
Progress (1): 4.3/7.4 MB
Progress (1): 4.3/7.4 MB
Progress (1): 4.3/7.4 MB
Progress (1): 4.3/7.4 MB
Progress (1): 4.4/7.4 MB
Progress (1): 4.4/7.4 MB
Progress (1): 4.4/7.4 MB
Progress (1): 4.4/7.4 MB
Progress (1): 4.4/7.4 MB
Progress (1): 4.4/7.4 MB
Progress (1): 4.5/7.4 MB
Progress (1): 4.5/7.4 MB
Progress (1): 4.5/7.4 MB
Progress (1): 4.5/7.4 MB
Progress (1): 4.5/7.4 MB
Progress (1): 4.5/7.4 MB
Progress (1): 4.6/7.4 MB
Progress (1): 4.6/7.4 MB
Progress (1): 4.6/7.4 MB
Progress (1): 4.6/7.4 MB
Progress (1): 4.6/7.4 MB
Progress (1): 4.6/7.4 MB
Progress (1): 4.7/7.4 MB
Progress (1): 4.7/7.4 MB
Progress (1): 4.7/7.4 MB
Progress (1): 4.7/7.4 MB
Progress (1): 4.7/7.4 MB
Progress (1): 4.7/7.4 MB
Progress (1): 4.8/7.4 MB
Progress (1): 4.8/7.4 MB
Progress (1): 4.8/7.4 MB
Progress (1): 4.8/7.4 MB
Progress (1): 4.8/7.4 MB
Progress (1): 4.8/7.4 MB
Progress (1): 4.8/7.4 MB
Progress (1): 4.9/7.4 MB
Progress (1): 4.9/7.4 MB
Progress (1): 4.9/7.4 MB
Progress (1): 4.9/7.4 MB
Progress (1): 4.9/7.4 MB
Progress (1): 4.9/7.4 MB
Progress (1): 5.0/7.4 MB
Progress (1): 5.0/7.4 MB
Progress (1): 5.0/7.4 MB
Progress (1): 5.0/7.4 MB
Progress (1): 5.0/7.4 MB
Progress (1): 5.0/7.4 MB
Progress (1): 5.1/7.4 MB
Progress (1): 5.1/7.4 MB
Progress (1): 5.1/7.4 MB
Progress (1): 5.1/7.4 MB
Progress (1): 5.1/7.4 MB
Progress (1): 5.1/7.4 MB
Progress (1): 5.2/7.4 MB
Progress (1): 5.2/7.4 MB
Progress (1): 5.2/7.4 MB
Progress (1): 5.2/7.4 MB
Progress (1): 5.2/7.4 MB
Progress (1): 5.2/7.4 MB
Progress (1): 5.3/7.4 MB
Progress (1): 5.3/7.4 MB
Progress (1): 5.3/7.4 MB
Progress (1): 5.3/7.4 MB
Progress (1): 5.3/7.4 MB
Progress (1): 5.3/7.4 MB
Progress (1): 5.4/7.4 MB
Progress (1): 5.4/7.4 MB
Progress (1): 5.4/7.4 MB
Progress (1): 5.4/7.4 MB
Progress (1): 5.4/7.4 MB
Progress (1): 5.4/7.4 MB
Progress (1): 5.5/7.4 MB
Progress (1): 5.5/7.4 MB
Progress (1): 5.5/7.4 MB
Progress (1): 5.5/7.4 MB
Progress (1): 5.5/7.4 MB
Progress (1): 5.5/7.4 MB
Progress (1): 5.6/7.4 MB
Progress (1): 5.6/7.4 MB
Progress (1): 5.6/7.4 MB
Progress (1): 5.6/7.4 MB
Progress (1): 5.6/7.4 MB
Progress (1): 5.6/7.4 MB
Progress (1): 5.7/7.4 MB
Progress (1): 5.7/7.4 MB
Progress (1): 5.7/7.4 MB
Progress (1): 5.7/7.4 MB
Progress (1): 5.7/7.4 MB
Progress (1): 5.7/7.4 MB
Progress (1): 5.8/7.4 MB
Progress (1): 5.8/7.4 MB
Progress (1): 5.8/7.4 MB
Progress (1): 5.8/7.4 MB
Progress (1): 5.8/7.4 MB
Progress (1): 5.8/7.4 MB
Progress (1): 5.8/7.4 MB
Progress (1): 5.9/7.4 MB
Progress (1): 5.9/7.4 MB
Progress (1): 5.9/7.4 MB
Progress (1): 5.9/7.4 MB
Progress (1): 5.9/7.4 MB
Progress (1): 5.9/7.4 MB
Progress (1): 6.0/7.4 MB
Progress (1): 6.0/7.4 MB
Progress (1): 6.0/7.4 MB
Progress (1): 6.0/7.4 MB
Progress (1): 6.0/7.4 MB
Progress (1): 6.0/7.4 MB
Progress (1): 6.1/7.4 MB
Progress (1): 6.1/7.4 MB
Progress (1): 6.1/7.4 MB
Progress (1): 6.1/7.4 MB
Progress (1): 6.1/7.4 MB
Progress (1): 6.1/7.4 MB
Progress (1): 6.2/7.4 MB
Progress (1): 6.2/7.4 MB
Progress (1): 6.2/7.4 MB
Progress (1): 6.2/7.4 MB
Progress (1): 6.2/7.4 MB
Progress (1): 6.2/7.4 MB
Progress (1): 6.3/7.4 MB
Progress (1): 6.3/7.4 MB
Progress (1): 6.3/7.4 MB
Progress (1): 6.3/7.4 MB
Progress (1): 6.3/7.4 MB
Progress (1): 6.3/7.4 MB
Progress (1): 6.4/7.4 MB
Progress (1): 6.4/7.4 MB
Progress (1): 6.4/7.4 MB
Progress (1): 6.4/7.4 MB
Progress (1): 6.4/7.4 MB
Progress (1): 6.4/7.4 MB
Progress (1): 6.5/7.4 MB
Progress (1): 6.5/7.4 MB
Progress (1): 6.5/7.4 MB
Progress (1): 6.5/7.4 MB
Progress (1): 6.5/7.4 MB
Progress (1): 6.5/7.4 MB
Progress (1): 6.6/7.4 MB
Progress (1): 6.6/7.4 MB
Progress (1): 6.6/7.4 MB
Progress (1): 6.6/7.4 MB
Progress (1): 6.6/7.4 MB
Progress (1): 6.6/7.4 MB
Progress (1): 6.7/7.4 MB
Progress (1): 6.7/7.4 MB
Progress (1): 6.7/7.4 MB
Progress (1): 6.7/7.4 MB
Progress (1): 6.7/7.4 MB
Progress (1): 6.7/7.4 MB
Progress (1): 6.7/7.4 MB
Progress (1): 6.8/7.4 MB
Progress (1): 6.8/7.4 MB
Progress (1): 6.8/7.4 MB
Progress (1): 6.8/7.4 MB
Progress (1): 6.8/7.4 MB
Progress (1): 6.8/7.4 MB
Progress (1): 6.8/7.4 MB
Progress (1): 6.9/7.4 MB
Progress (1): 6.9/7.4 MB
Progress (1): 6.9/7.4 MB
Progress (1): 6.9/7.4 MB
Progress (1): 6.9/7.4 MB
Progress (1): 6.9/7.4 MB
Progress (1): 7.0/7.4 MB
Progress (1): 7.0/7.4 MB
Progress (1): 7.0/7.4 MB
Progress (1): 7.0/7.4 MB
Progress (1): 7.0/7.4 MB
Progress (1): 7.0/7.4 MB
Progress (1): 7.1/7.4 MB
Progress (1): 7.1/7.4 MB
Progress (1): 7.1/7.4 MB
Progress (1): 7.1/7.4 MB
Progress (1): 7.1/7.4 MB
Progress (1): 7.1/7.4 MB
Progress (1): 7.2/7.4 MB
Progress (1): 7.2/7.4 MB
Progress (1): 7.2/7.4 MB
Progress (1): 7.2/7.4 MB
Progress (1): 7.2/7.4 MB
Progress (1): 7.2/7.4 MB
Progress (1): 7.3/7.4 MB
Progress (1): 7.3/7.4 MB
Progress (1): 7.3/7.4 MB
Progress (1): 7.3/7.4 MB
Progress (1): 7.3/7.4 MB
Progress (1): 7.3/7.4 MB
Progress (1): 7.4/7.4 MB
Progress (1): 7.4/7.4 MB
Progress (1): 7.4/7.4 MB
Progress (1): 7.4 MB    
                    
Downloaded from aliyunmaven: https://maven.aliyun.com/repository/public/com/github/luben/zstd-jni/1.5.7-6/zstd-jni-1.5.7-6.jar (7.4 MB at 12 MB/s)
[INFO] Building jar: D:\Desktop\ai-platform\implementation\ai-platform-backend\mall-common\mall-common-core\target\mall-common-core-1.0.0-SNAPSHOT.jar
[INFO] 
[INFO] --------------------< com.ai-mall:mall-common-web >---------------------
[INFO] Building mall-common-web 1.0.0-SNAPSHOT                           [5/24]
[INFO]   from mall-common\mall-common-web\pom.xml
[INFO] --------------------------------[ jar ]---------------------------------
Downloading from aliyunmaven: https://maven.aliyun.com/repository/public/org/springframework/boot/spring-boot-starter-web/3.5.15/spring-boot-starter-web-3.5.15.jar
Progress (1): 1.9/4.8 kB
Progress (1): 4.8 kB    
                    
Downloaded from aliyunmaven: https://maven.aliyun.com/repository/public/org/springframework/boot/spring-boot-starter-web/3.5.15/spring-boot-starter-web-3.5.15.jar (4.8 kB at 79 kB/s)
Downloading from aliyunmaven: https://maven.aliyun.com/repository/public/com/fasterxml/jackson/core/jackson-databind/2.21.4/jackson-databind-2.21.4.jar
Downloading from aliyunmaven: https://maven.aliyun.com/repository/public/org/springframework/boot/spring-boot-starter-json/3.5.15/spring-boot-starter-json-3.5.15.jar
Downloading from aliyunmaven: https://maven.aliyun.com/repository/public/com/fasterxml/jackson/core/jackson-annotations/2.21/jackson-annotations-2.21.jar
Downloading from aliyunmaven: https://maven.aliyun.com/repository/public/com/fasterxml/jackson/core/jackson-core/2.21.4/jackson-core-2.21.4.jar
Downloading from aliyunmaven: https://maven.aliyun.com/repository/public/com/fasterxml/jackson/datatype/jackson-datatype-jdk8/2.21.4/jackson-datatype-jdk8-2.21.4.jar
Progress (1): 0/1.7 MB
Progress (1): 0/1.7 MB
Progress (1): 0/1.7 MB
Progress (1): 0/1.7 MB
Progress (1): 0.1/1.7 MB
Progress (1): 0.1/1.7 MB
Progress (1): 0.1/1.7 MB
Progress (1): 0.1/1.7 MB
Progress (1): 0.1/1.7 MB
Progress (1): 0.1/1.7 MB
Progress (1): 0.2/1.7 MB
Progress (1): 0.2/1.7 MB
Progress (1): 0.2/1.7 MB
Progress (1): 0.2/1.7 MB
Progress (1): 0.2/1.7 MB
Progress (1): 0.2/1.7 MB
Progress (1): 0.3/1.7 MB
Progress (1): 0.3/1.7 MB
Progress (1): 0.3/1.7 MB
Progress (1): 0.3/1.7 MB
Progress (1): 0.3/1.7 MB
Progress (1): 0.3/1.7 MB
Progress (1): 0.4/1.7 MB
Progress (1): 0.4/1.7 MB
Progress (1): 0.4/1.7 MB
Progress (1): 0.4/1.7 MB
Progress (1): 0.4/1.7 MB
Progress (1): 0.4/1.7 MB
Progress (1): 0.5/1.7 MB
Progress (1): 0.5/1.7 MB
Progress (1): 0.5/1.7 MB
Progress (1): 0.5/1.7 MB
Progress (1): 0.5/1.7 MB
Progress (1): 0.5/1.7 MB
Progress (2): 0.5/1.7 MB | 0.4/4.7 kB
Progress (2): 0.5/1.7 MB | 4.7 kB    
Progress (3): 0.5/1.7 MB | 4.7 kB | 4.8/82 kB
Progress (3): 0.5/1.7 MB | 4.7 kB | 21/82 kB 
Progress (3): 0.5/1.7 MB | 4.7 kB | 38/82 kB
Progress (3): 0.5/1.7 MB | 4.7 kB | 54/82 kB
Progress (3): 0.5/1.7 MB | 4.7 kB | 70/82 kB
Progress (3): 0.5/1.7 MB | 4.7 kB | 82 kB   
Progress (4): 0.5/1.7 MB | 4.7 kB | 82 kB | 1.9/594 kB
Progress (4): 0.5/1.7 MB | 4.7 kB | 82 kB | 18/594 kB 
Progress (4): 0.5/1.7 MB | 4.7 kB | 82 kB | 35/594 kB
Progress (4): 0.5/1.7 MB | 4.7 kB | 82 kB | 51/594 kB
Progress (4): 0.5/1.7 MB | 4.7 kB | 82 kB | 67/594 kB
Progress (4): 0.5/1.7 MB | 4.7 kB | 82 kB | 84/594 kB
Progress (4): 0.5/1.7 MB | 4.7 kB | 82 kB | 98/594 kB
Progress (4): 0.5/1.7 MB | 4.7 kB | 82 kB | 113/594 kB
Progress (4): 0.5/1.7 MB | 4.7 kB | 82 kB | 122/594 kB
Progress (4): 0.5/1.7 MB | 4.7 kB | 82 kB | 127/594 kB
Progress (4): 0.5/1.7 MB | 4.7 kB | 82 kB | 132/594 kB
Progress (4): 0.5/1.7 MB | 4.7 kB | 82 kB | 133/594 kB
Progress (4): 0.5/1.7 MB | 4.7 kB | 82 kB | 150/594 kB
Progress (4): 0.5/1.7 MB | 4.7 kB | 82 kB | 155/594 kB
Progress (4): 0.5/1.7 MB | 4.7 kB | 82 kB | 168/594 kB
Progress (4): 0.5/1.7 MB | 4.7 kB | 82 kB | 185/594 kB
Progress (4): 0.5/1.7 MB | 4.7 kB | 82 kB | 200/594 kB
Progress (4): 0.5/1.7 MB | 4.7 kB | 82 kB | 211/594 kB
Progress (4): 0.5/1.7 MB | 4.7 kB | 82 kB | 212/594 kB
Progress (4): 0.5/1.7 MB | 4.7 kB | 82 kB | 221/594 kB
Progress (4): 0.5/1.7 MB | 4.7 kB | 82 kB | 224/594 kB
Progress (5): 0.5/1.7 MB | 4.7 kB | 82 kB | 224/594 kB | 7.2/36 kB
Progress (5): 0.5/1.7 MB | 4.7 kB | 82 kB | 234/594 kB | 7.2/36 kB
Progress (5): 0.5/1.7 MB | 4.7 kB | 82 kB | 234/594 kB | 15/36 kB 
Progress (5): 0.5/1.7 MB | 4.7 kB | 82 kB | 240/594 kB | 15/36 kB
Progress (5): 0.5/1.7 MB | 4.7 kB | 82 kB | 241/594 kB | 15/36 kB
Progress (5): 0.5/1.7 MB | 4.7 kB | 82 kB | 244/594 kB | 15/36 kB
Progress (5): 0.5/1.7 MB | 4.7 kB | 82 kB | 244/594 kB | 32/36 kB
Progress (5): 0.5/1.7 MB | 4.7 kB | 82 kB | 247/594 kB | 32/36 kB
Progress (5): 0.5/1.7 MB | 4.7 kB | 82 kB | 247/594 kB | 36 kB   
Progress (5): 0.5/1.7 MB | 4.7 kB | 82 kB | 250/594 kB | 36 kB
Progress (5): 0.5/1.7 MB | 4.7 kB | 82 kB | 253/594 kB | 36 kB
Progress (5): 0.5/1.7 MB | 4.7 kB | 82 kB | 256/594 kB | 36 kB
Progress (5): 0.5/1.7 MB | 4.7 kB | 82 kB | 259/594 kB | 36 kB
Progress (5): 0.5/1.7 MB | 4.7 kB | 82 kB | 260/594 kB | 36 kB
Progress (5): 0.5/1.7 MB | 4.7 kB | 82 kB | 263/594 kB | 36 kB
Progress (5): 0.5/1.7 MB | 4.7 kB | 82 kB | 266/594 kB | 36 kB
Progress (5): 0.5/1.7 MB | 4.7 kB | 82 kB | 269/594 kB | 36 kB
Progress (5): 0.5/1.7 MB | 4.7 kB | 82 kB | 275/594 kB | 36 kB
Progress (5): 0.5/1.7 MB | 4.7 kB | 82 kB | 278/594 kB | 36 kB
Progress (5): 0.5/1.7 MB | 4.7 kB | 82 kB | 281/594 kB | 36 kB
Progress (5): 0.5/1.7 MB | 4.7 kB | 82 kB | 284/594 kB | 36 kB
Progress (5): 0.5/1.7 MB | 4.7 kB | 82 kB | 285/594 kB | 36 kB
Progress (5): 0.5/1.7 MB | 4.7 kB | 82 kB | 288/594 kB | 36 kB
Progress (5): 0.5/1.7 MB | 4.7 kB | 82 kB | 291/594 kB | 36 kB
Progress (5): 0.5/1.7 MB | 4.7 kB | 82 kB | 291/594 kB | 36 kB
Progress (5): 0.5/1.7 MB | 4.7 kB | 82 kB | 294/594 kB | 36 kB
Progress (5): 0.5/1.7 MB | 4.7 kB | 82 kB | 295/594 kB | 36 kB
Progress (5): 0.5/1.7 MB | 4.7 kB | 82 kB | 298/594 kB | 36 kB
Progress (5): 0.5/1.7 MB | 4.7 kB | 82 kB | 301/594 kB | 36 kB
Progress (5): 0.5/1.7 MB | 4.7 kB | 82 kB | 303/594 kB | 36 kB
Progress (5): 0.5/1.7 MB | 4.7 kB | 82 kB | 311/594 kB | 36 kB
Progress (5): 0.5/1.7 MB | 4.7 kB | 82 kB | 328/594 kB | 36 kB
Progress (5): 0.6/1.7 MB | 4.7 kB | 82 kB | 328/594 kB | 36 kB
Progress (5): 0.6/1.7 MB | 4.7 kB | 82 kB | 329/594 kB | 36 kB
Progress (5): 0.6/1.7 MB | 4.7 kB | 82 kB | 345/594 kB | 36 kB
Progress (5): 0.6/1.7 MB | 4.7 kB | 82 kB | 362/594 kB | 36 kB
Progress (5): 0.6/1.7 MB | 4.7 kB | 82 kB | 378/594 kB | 36 kB
Progress (5): 0.6/1.7 MB | 4.7 kB | 82 kB | 378/594 kB | 36 kB
Progress (5): 0.6/1.7 MB | 4.7 kB | 82 kB | 378/594 kB | 36 kB
Progress (5): 0.6/1.7 MB | 4.7 kB | 82 kB | 378/594 kB | 36 kB
Progress (5): 0.6/1.7 MB | 4.7 kB | 82 kB | 378/594 kB | 36 kB
Progress (5): 0.6/1.7 MB | 4.7 kB | 82 kB | 378/594 kB | 36 kB
Progress (5): 0.6/1.7 MB | 4.7 kB | 82 kB | 394/594 kB | 36 kB
Progress (5): 0.6/1.7 MB | 4.7 kB | 82 kB | 411/594 kB | 36 kB
Progress (5): 0.6/1.7 MB | 4.7 kB | 82 kB | 427/594 kB | 36 kB
Progress (5): 0.6/1.7 MB | 4.7 kB | 82 kB | 444/594 kB | 36 kB
Progress (5): 0.7/1.7 MB | 4.7 kB | 82 kB | 444/594 kB | 36 kB
Progress (5): 0.7/1.7 MB | 4.7 kB | 82 kB | 444/594 kB | 36 kB
Progress (5): 0.7/1.7 MB | 4.7 kB | 82 kB | 444/594 kB | 36 kB
Progress (5): 0.7/1.7 MB | 4.7 kB | 82 kB | 444/594 kB | 36 kB
Progress (5): 0.7/1.7 MB | 4.7 kB | 82 kB | 444/594 kB | 36 kB
Progress (5): 0.7/1.7 MB | 4.7 kB | 82 kB | 444/594 kB | 36 kB
Progress (5): 0.8/1.7 MB | 4.7 kB | 82 kB | 444/594 kB | 36 kB
Progress (5): 0.8/1.7 MB | 4.7 kB | 82 kB | 460/594 kB | 36 kB
Progress (5): 0.8/1.7 MB | 4.7 kB | 82 kB | 476/594 kB | 36 kB
Progress (5): 0.8/1.7 MB | 4.7 kB | 82 kB | 493/594 kB | 36 kB
Progress (5): 0.8/1.7 MB | 4.7 kB | 82 kB | 509/594 kB | 36 kB
Progress (5): 0.8/1.7 MB | 4.7 kB | 82 kB | 524/594 kB | 36 kB
Progress (5): 0.8/1.7 MB | 4.7 kB | 82 kB | 524/594 kB | 36 kB
Progress (5): 0.8/1.7 MB | 4.7 kB | 82 kB | 524/594 kB | 36 kB
Progress (5): 0.8/1.7 MB | 4.7 kB | 82 kB | 524/594 kB | 36 kB
Progress (5): 0.8/1.7 MB | 4.7 kB | 82 kB | 524/594 kB | 36 kB
Progress (5): 0.8/1.7 MB | 4.7 kB | 82 kB | 524/594 kB | 36 kB
Progress (5): 0.9/1.7 MB | 4.7 kB | 82 kB | 524/594 kB | 36 kB
Progress (5): 0.9/1.7 MB | 4.7 kB | 82 kB | 524/594 kB | 36 kB
Progress (5): 0.9/1.7 MB | 4.7 kB | 82 kB | 524/594 kB | 36 kB
Progress (5): 0.9/1.7 MB | 4.7 kB | 82 kB | 524/594 kB | 36 kB
Progress (5): 0.9/1.7 MB | 4.7 kB | 82 kB | 524/594 kB | 36 kB
Progress (5): 0.9/1.7 MB | 4.7 kB | 82 kB | 524/594 kB | 36 kB
Progress (5): 1.0/1.7 MB | 4.7 kB | 82 kB | 524/594 kB | 36 kB
Progress (5): 1.0/1.7 MB | 4.7 kB | 82 kB | 541/594 kB | 36 kB
Progress (5): 1.0/1.7 MB | 4.7 kB | 82 kB | 557/594 kB | 36 kB
Progress (5): 1.0/1.7 MB | 4.7 kB | 82 kB | 557/594 kB | 36 kB
Progress (5): 1.0/1.7 MB | 4.7 kB | 82 kB | 557/594 kB | 36 kB
Progress (5): 1.0/1.7 MB | 4.7 kB | 82 kB | 557/594 kB | 36 kB
Progress (5): 1.0/1.7 MB | 4.7 kB | 82 kB | 557/594 kB | 36 kB
Progress (5): 1.0/1.7 MB | 4.7 kB | 82 kB | 573/594 kB | 36 kB
Progress (5): 1.0/1.7 MB | 4.7 kB | 82 kB | 590/594 kB | 36 kB
Progress (5): 1.0/1.7 MB | 4.7 kB | 82 kB | 594 kB | 36 kB    
Progress (5): 1.0/1.7 MB | 4.7 kB | 82 kB | 594 kB | 36 kB
Progress (5): 1.0/1.7 MB | 4.7 kB | 82 kB | 594 kB | 36 kB
Progress (5): 1.1/1.7 MB | 4.7 kB | 82 kB | 594 kB | 36 kB
Progress (5): 1.1/1.7 MB | 4.7 kB | 82 kB | 594 kB | 36 kB
Progress (5): 1.1/1.7 MB | 4.7 kB | 82 kB | 594 kB | 36 kB
Progress (5): 1.1/1.7 MB | 4.7 kB | 82 kB | 594 kB | 36 kB
Progress (5): 1.1/1.7 MB | 4.7 kB | 82 kB | 594 kB | 36 kB
Progress (5): 1.1/1.7 MB | 4.7 kB | 82 kB | 594 kB | 36 kB
Progress (5): 1.2/1.7 MB | 4.7 kB | 82 kB | 594 kB | 36 kB
Progress (5): 1.2/1.7 MB | 4.7 kB | 82 kB | 594 kB | 36 kB
Progress (5): 1.2/1.7 MB | 4.7 kB | 82 kB | 594 kB | 36 kB
Progress (5): 1.2/1.7 MB | 4.7 kB | 82 kB | 594 kB | 36 kB
Progress (5): 1.2/1.7 MB | 4.7 kB | 82 kB | 594 kB | 36 kB
Progress (5): 1.2/1.7 MB | 4.7 kB | 82 kB | 594 kB | 36 kB
Progress (5): 1.3/1.7 MB | 4.7 kB | 82 kB | 594 kB | 36 kB
Progress (5): 1.3/1.7 MB | 4.7 kB | 82 kB | 594 kB | 36 kB
Progress (5): 1.3/1.7 MB | 4.7 kB | 82 kB | 594 kB | 36 kB
Progress (5): 1.3/1.7 MB | 4.7 kB | 82 kB | 594 kB | 36 kB
Progress (5): 1.3/1.7 MB | 4.7 kB | 82 kB | 594 kB | 36 kB
Progress (5): 1.3/1.7 MB | 4.7 kB | 82 kB | 594 kB | 36 kB
Progress (5): 1.4/1.7 MB | 4.7 kB | 82 kB | 594 kB | 36 kB
Progress (5): 1.4/1.7 MB | 4.7 kB | 82 kB | 594 kB | 36 kB
Progress (5): 1.4/1.7 MB | 4.7 kB | 82 kB | 594 kB | 36 kB
Progress (5): 1.4/1.7 MB | 4.7 kB | 82 kB | 594 kB | 36 kB
Progress (5): 1.4/1.7 MB | 4.7 kB | 82 kB | 594 kB | 36 kB
Progress (5): 1.4/1.7 MB | 4.7 kB | 82 kB | 594 kB | 36 kB
Progress (5): 1.5/1.7 MB | 4.7 kB | 82 kB | 594 kB | 36 kB
Progress (5): 1.5/1.7 MB | 4.7 kB | 82 kB | 594 kB | 36 kB
Progress (5): 1.5/1.7 MB | 4.7 kB | 82 kB | 594 kB | 36 kB
Progress (5): 1.5/1.7 MB | 4.7 kB | 82 kB | 594 kB | 36 kB
Progress (5): 1.5/1.7 MB | 4.7 kB | 82 kB | 594 kB | 36 kB
Progress (5): 1.5/1.7 MB | 4.7 kB | 82 kB | 594 kB | 36 kB
Progress (5): 1.6/1.7 MB | 4.7 kB | 82 kB | 594 kB | 36 kB
Progress (5): 1.6/1.7 MB | 4.7 kB | 82 kB | 594 kB | 36 kB
Progress (5): 1.6/1.7 MB | 4.7 kB | 82 kB | 594 kB | 36 kB
Progress (5): 1.6/1.7 MB | 4.7 kB | 82 kB | 594 kB | 36 kB
Progress (5): 1.6/1.7 MB | 4.7 kB | 82 kB | 594 kB | 36 kB
Progress (5): 1.6/1.7 MB | 4.7 kB | 82 kB | 594 kB | 36 kB
Progress (5): 1.7/1.7 MB | 4.7 kB | 82 kB | 594 kB | 36 kB
Progress (5): 1.7/1.7 MB | 4.7 kB | 82 kB | 594 kB | 36 kB
Progress (5): 1.7/1.7 MB | 4.7 kB | 82 kB | 594 kB | 36 kB
Progress (5): 1.7 MB | 4.7 kB | 82 kB | 594 kB | 36 kB    
                                                      
Downloaded from aliyunmaven: https://maven.aliyun.com/repository/public/com/fasterxml/jackson/core/jackson-annotations/2.21/jackson-annotations-2.21.jar (82 kB at 1.3 MB/s)
Downloading from aliyunmaven: https://maven.aliyun.com/repository/public/com/fasterxml/jackson/datatype/jackson-datatype-jsr310/2.21.4/jackson-datatype-jsr310-2.21.4.jar
Progress (5): 1.7 MB | 4.7 kB | 594 kB | 36 kB | 3.3/137 kB
Progress (5): 1.7 MB | 4.7 kB | 594 kB | 36 kB | 20/137 kB 
Progress (5): 1.7 MB | 4.7 kB | 594 kB | 36 kB | 36/137 kB
Progress (5): 1.7 MB | 4.7 kB | 594 kB | 36 kB | 52/137 kB
Progress (5): 1.7 MB | 4.7 kB | 594 kB | 36 kB | 69/137 kB
Progress (5): 1.7 MB | 4.7 kB | 594 kB | 36 kB | 85/137 kB
Progress (5): 1.7 MB | 4.7 kB | 594 kB | 36 kB | 102/137 kB
Progress (5): 1.7 MB | 4.7 kB | 594 kB | 36 kB | 118/137 kB
Progress (5): 1.7 MB | 4.7 kB | 594 kB | 36 kB | 134/137 kB
Progress (5): 1.7 MB | 4.7 kB | 594 kB | 36 kB | 137 kB    
                                                       
Downloaded from aliyunmaven: https://maven.aliyun.com/repository/public/com/fasterxml/jackson/core/jackson-core/2.21.4/jackson-core-2.21.4.jar (594 kB at 8.1 MB/s)
Downloading from aliyunmaven: https://maven.aliyun.com/repository/public/com/fasterxml/jackson/module/jackson-module-parameter-names/2.21.4/jackson-module-parameter-names-2.21.4.jar
Progress (5): 1.7 MB | 4.7 kB | 36 kB | 137 kB | 7.2/10 kB
Progress (5): 1.7 MB | 4.7 kB | 36 kB | 137 kB | 10 kB    
                                                      
Downloaded from aliyunmaven: https://maven.aliyun.com/repository/public/com/fasterxml/jackson/core/jackson-databind/2.21.4/jackson-databind-2.21.4.jar (1.7 MB at 15 MB/s)
Downloading from aliyunmaven: https://maven.aliyun.com/repository/public/org/springframework/boot/spring-boot-starter-tomcat/3.5.15/spring-boot-starter-tomcat-3.5.15.jar
Progress (5): 4.7 kB | 36 kB | 137 kB | 10 kB | 3.3/4.8 kB
Progress (5): 4.7 kB | 36 kB | 137 kB | 10 kB | 4.8 kB    
                                                      
Downloaded from aliyunmaven: https://maven.aliyun.com/repository/public/com/fasterxml/jackson/datatype/jackson-datatype-jsr310/2.21.4/jackson-datatype-jsr310-2.21.4.jar (137 kB at 1.0 MB/s)
Downloading from aliyunmaven: https://maven.aliyun.com/repository/public/org/apache/tomcat/embed/tomcat-embed-core/10.1.55/tomcat-embed-core-10.1.55.jar
Progress (5): 4.7 kB | 36 kB | 10 kB | 4.8 kB | 0/3.7 MB
Progress (5): 4.7 kB | 36 kB | 10 kB | 4.8 kB | 0/3.7 MB
Progress (5): 4.7 kB | 36 kB | 10 kB | 4.8 kB | 0/3.7 MB
Progress (5): 4.7 kB | 36 kB | 10 kB | 4.8 kB | 0/3.7 MB
Progress (5): 4.7 kB | 36 kB | 10 kB | 4.8 kB | 0.1/3.7 MB
Progress (5): 4.7 kB | 36 kB | 10 kB | 4.8 kB | 0.1/3.7 MB
Progress (5): 4.7 kB | 36 kB | 10 kB | 4.8 kB | 0.1/3.7 MB
Progress (5): 4.7 kB | 36 kB | 10 kB | 4.8 kB | 0.1/3.7 MB
Progress (5): 4.7 kB | 36 kB | 10 kB | 4.8 kB | 0.1/3.7 MB
Progress (5): 4.7 kB | 36 kB | 10 kB | 4.8 kB | 0.1/3.7 MB
Progress (5): 4.7 kB | 36 kB | 10 kB | 4.8 kB | 0.2/3.7 MB
Progress (5): 4.7 kB | 36 kB | 10 kB | 4.8 kB | 0.2/3.7 MB
Progress (5): 4.7 kB | 36 kB | 10 kB | 4.8 kB | 0.2/3.7 MB
Progress (5): 4.7 kB | 36 kB | 10 kB | 4.8 kB | 0.2/3.7 MB
Progress (5): 4.7 kB | 36 kB | 10 kB | 4.8 kB | 0.2/3.7 MB
Progress (5): 4.7 kB | 36 kB | 10 kB | 4.8 kB | 0.2/3.7 MB
Progress (5): 4.7 kB | 36 kB | 10 kB | 4.8 kB | 0.3/3.7 MB
Progress (5): 4.7 kB | 36 kB | 10 kB | 4.8 kB | 0.3/3.7 MB
Progress (5): 4.7 kB | 36 kB | 10 kB | 4.8 kB | 0.3/3.7 MB
Progress (5): 4.7 kB | 36 kB | 10 kB | 4.8 kB | 0.3/3.7 MB
Progress (5): 4.7 kB | 36 kB | 10 kB | 4.8 kB | 0.3/3.7 MB
Progress (5): 4.7 kB | 36 kB | 10 kB | 4.8 kB | 0.3/3.7 MB
Progress (5): 4.7 kB | 36 kB | 10 kB | 4.8 kB | 0.4/3.7 MB
Progress (5): 4.7 kB | 36 kB | 10 kB | 4.8 kB | 0.4/3.7 MB
Progress (5): 4.7 kB | 36 kB | 10 kB | 4.8 kB | 0.4/3.7 MB
Progress (5): 4.7 kB | 36 kB | 10 kB | 4.8 kB | 0.4/3.7 MB
Progress (5): 4.7 kB | 36 kB | 10 kB | 4.8 kB | 0.4/3.7 MB
Progress (5): 4.7 kB | 36 kB | 10 kB | 4.8 kB | 0.4/3.7 MB
Progress (5): 4.7 kB | 36 kB | 10 kB | 4.8 kB | 0.5/3.7 MB
Progress (5): 4.7 kB | 36 kB | 10 kB | 4.8 kB | 0.5/3.7 MB
Progress (5): 4.7 kB | 36 kB | 10 kB | 4.8 kB | 0.5/3.7 MB
Progress (5): 4.7 kB | 36 kB | 10 kB | 4.8 kB | 0.5/3.7 MB
Progress (5): 4.7 kB | 36 kB | 10 kB | 4.8 kB | 0.5/3.7 MB
Progress (5): 4.7 kB | 36 kB | 10 kB | 4.8 kB | 0.5/3.7 MB
                                                          
Downloaded from aliyunmaven: https://maven.aliyun.com/repository/public/org/springframework/boot/spring-boot-starter-tomcat/3.5.15/spring-boot-starter-tomcat-3.5.15.jar (4.8 kB at 29 kB/s)
Downloading from aliyunmaven: https://maven.aliyun.com/repository/public/org/apache/tomcat/embed/tomcat-embed-el/10.1.55/tomcat-embed-el-10.1.55.jar
Progress (5): 4.7 kB | 36 kB | 10 kB | 0.5/3.7 MB | 7.3/264 kB
Progress (5): 4.7 kB | 36 kB | 10 kB | 0.5/3.7 MB | 15/264 kB 
Progress (5): 4.7 kB | 36 kB | 10 kB | 0.5/3.7 MB | 32/264 kB
Progress (5): 4.7 kB | 36 kB | 10 kB | 0.5/3.7 MB | 48/264 kB
Progress (5): 4.7 kB | 36 kB | 10 kB | 0.5/3.7 MB | 64/264 kB
Progress (5): 4.7 kB | 36 kB | 10 kB | 0.5/3.7 MB | 81/264 kB
Progress (5): 4.7 kB | 36 kB | 10 kB | 0.5/3.7 MB | 97/264 kB
Progress (5): 4.7 kB | 36 kB | 10 kB | 0.5/3.7 MB | 114/264 kB
Progress (5): 4.7 kB | 36 kB | 10 kB | 0.5/3.7 MB | 130/264 kB
Progress (5): 4.7 kB | 36 kB | 10 kB | 0.5/3.7 MB | 146/264 kB
Progress (5): 4.7 kB | 36 kB | 10 kB | 0.5/3.7 MB | 163/264 kB
Progress (5): 4.7 kB | 36 kB | 10 kB | 0.5/3.7 MB | 179/264 kB
Progress (5): 4.7 kB | 36 kB | 10 kB | 0.5/3.7 MB | 196/264 kB
Progress (5): 4.7 kB | 36 kB | 10 kB | 0.5/3.7 MB | 212/264 kB
Progress (5): 4.7 kB | 36 kB | 10 kB | 0.5/3.7 MB | 228/264 kB
Progress (5): 4.7 kB | 36 kB | 10 kB | 0.5/3.7 MB | 245/264 kB
Progress (5): 4.7 kB | 36 kB | 10 kB | 0.5/3.7 MB | 261/264 kB
Progress (5): 4.7 kB | 36 kB | 10 kB | 0.5/3.7 MB | 264 kB    
Progress (5): 4.7 kB | 36 kB | 10 kB | 0.5/3.7 MB | 264 kB
Progress (5): 4.7 kB | 36 kB | 10 kB | 0.6/3.7 MB | 264 kB
Progress (5): 4.7 kB | 36 kB | 10 kB | 0.6/3.7 MB | 264 kB
Progress (5): 4.7 kB | 36 kB | 10 kB | 0.6/3.7 MB | 264 kB
Progress (5): 4.7 kB | 36 kB | 10 kB | 0.6/3.7 MB | 264 kB
Progress (5): 4.7 kB | 36 kB | 10 kB | 0.6/3.7 MB | 264 kB
Progress (5): 4.7 kB | 36 kB | 10 kB | 0.6/3.7 MB | 264 kB
Progress (5): 4.7 kB | 36 kB | 10 kB | 0.7/3.7 MB | 264 kB
Progress (5): 4.7 kB | 36 kB | 10 kB | 0.7/3.7 MB | 264 kB
Progress (5): 4.7 kB | 36 kB | 10 kB | 0.7/3.7 MB | 264 kB
Progress (5): 4.7 kB | 36 kB | 10 kB | 0.7/3.7 MB | 264 kB
Progress (5): 4.7 kB | 36 kB | 10 kB | 0.7/3.7 MB | 264 kB
Progress (5): 4.7 kB | 36 kB | 10 kB | 0.7/3.7 MB | 264 kB
Progress (5): 4.7 kB | 36 kB | 10 kB | 0.8/3.7 MB | 264 kB
Progress (5): 4.7 kB | 36 kB | 10 kB | 0.8/3.7 MB | 264 kB
Progress (5): 4.7 kB | 36 kB | 10 kB | 0.8/3.7 MB | 264 kB
Progress (5): 4.7 kB | 36 kB | 10 kB | 0.8/3.7 MB | 264 kB
Progress (5): 4.7 kB | 36 kB | 10 kB | 0.8/3.7 MB | 264 kB
Progress (5): 4.7 kB | 36 kB | 10 kB | 0.8/3.7 MB | 264 kB
Progress (5): 4.7 kB | 36 kB | 10 kB | 0.9/3.7 MB | 264 kB
Progress (5): 4.7 kB | 36 kB | 10 kB | 0.9/3.7 MB | 264 kB
Progress (5): 4.7 kB | 36 kB | 10 kB | 0.9/3.7 MB | 264 kB
Progress (5): 4.7 kB | 36 kB | 10 kB | 0.9/3.7 MB | 264 kB
Progress (5): 4.7 kB | 36 kB | 10 kB | 0.9/3.7 MB | 264 kB
Progress (5): 4.7 kB | 36 kB | 10 kB | 0.9/3.7 MB | 264 kB
Progress (5): 4.7 kB | 36 kB | 10 kB | 1.0/3.7 MB | 264 kB
Progress (5): 4.7 kB | 36 kB | 10 kB | 1.0/3.7 MB | 264 kB
Progress (5): 4.7 kB | 36 kB | 10 kB | 1.0/3.7 MB | 264 kB
Progress (5): 4.7 kB | 36 kB | 10 kB | 1.0/3.7 MB | 264 kB
Progress (5): 4.7 kB | 36 kB | 10 kB | 1.0/3.7 MB | 264 kB
Progress (5): 4.7 kB | 36 kB | 10 kB | 1.0/3.7 MB | 264 kB
Progress (5): 4.7 kB | 36 kB | 10 kB | 1.0/3.7 MB | 264 kB
Progress (5): 4.7 kB | 36 kB | 10 kB | 1.1/3.7 MB | 264 kB
Progress (5): 4.7 kB | 36 kB | 10 kB | 1.1/3.7 MB | 264 kB
Progress (5): 4.7 kB | 36 kB | 10 kB | 1.1/3.7 MB | 264 kB
Progress (5): 4.7 kB | 36 kB | 10 kB | 1.1/3.7 MB | 264 kB
Progress (5): 4.7 kB | 36 kB | 10 kB | 1.1/3.7 MB | 264 kB
Progress (5): 4.7 kB | 36 kB | 10 kB | 1.1/3.7 MB | 264 kB
Progress (5): 4.7 kB | 36 kB | 10 kB | 1.2/3.7 MB | 264 kB
Progress (5): 4.7 kB | 36 kB | 10 kB | 1.2/3.7 MB | 264 kB
Progress (5): 4.7 kB | 36 kB | 10 kB | 1.2/3.7 MB | 264 kB
                                                          
Downloaded from aliyunmaven: https://maven.aliyun.com/repository/public/org/springframework/boot/spring-boot-starter-json/3.5.15/spring-boot-starter-json-3.5.15.jar (4.7 kB at 21 kB/s)
Downloading from aliyunmaven: https://maven.aliyun.com/repository/public/org/apache/tomcat/embed/tomcat-embed-websocket/10.1.55/tomcat-embed-websocket-10.1.55.jar
Progress (4): 36 kB | 10 kB | 1.2/3.7 MB | 264 kB
Progress (4): 36 kB | 10 kB | 1.2/3.7 MB | 264 kB
Progress (4): 36 kB | 10 kB | 1.2/3.7 MB | 264 kB
Progress (4): 36 kB | 10 kB | 1.3/3.7 MB | 264 kB
Progress (4): 36 kB | 10 kB | 1.3/3.7 MB | 264 kB
Progress (4): 36 kB | 10 kB | 1.3/3.7 MB | 264 kB
Progress (4): 36 kB | 10 kB | 1.3/3.7 MB | 264 kB
Progress (4): 36 kB | 10 kB | 1.3/3.7 MB | 264 kB
Progress (4): 36 kB | 10 kB | 1.3/3.7 MB | 264 kB
Progress (4): 36 kB | 10 kB | 1.4/3.7 MB | 264 kB
Progress (4): 36 kB | 10 kB | 1.4/3.7 MB | 264 kB
Progress (4): 36 kB | 10 kB | 1.4/3.7 MB | 264 kB
Progress (4): 36 kB | 10 kB | 1.4/3.7 MB | 264 kB
Progress (4): 36 kB | 10 kB | 1.4/3.7 MB | 264 kB
Progress (4): 36 kB | 10 kB | 1.4/3.7 MB | 264 kB
Progress (4): 36 kB | 10 kB | 1.5/3.7 MB | 264 kB
Progress (4): 36 kB | 10 kB | 1.5/3.7 MB | 264 kB
Progress (4): 36 kB | 10 kB | 1.5/3.7 MB | 264 kB
Progress (4): 36 kB | 10 kB | 1.5/3.7 MB | 264 kB
Progress (4): 36 kB | 10 kB | 1.5/3.7 MB | 264 kB
Progress (4): 36 kB | 10 kB | 1.5/3.7 MB | 264 kB
Progress (4): 36 kB | 10 kB | 1.6/3.7 MB | 264 kB
Progress (4): 36 kB | 10 kB | 1.6/3.7 MB | 264 kB
Progress (4): 36 kB | 10 kB | 1.6/3.7 MB | 264 kB
Progress (4): 36 kB | 10 kB | 1.6/3.7 MB | 264 kB
Progress (4): 36 kB | 10 kB | 1.6/3.7 MB | 264 kB
Progress (4): 36 kB | 10 kB | 1.6/3.7 MB | 264 kB
Progress (4): 36 kB | 10 kB | 1.7/3.7 MB | 264 kB
Progress (4): 36 kB | 10 kB | 1.7/3.7 MB | 264 kB
Progress (4): 36 kB | 10 kB | 1.7/3.7 MB | 264 kB
Progress (4): 36 kB | 10 kB | 1.7/3.7 MB | 264 kB
Progress (4): 36 kB | 10 kB | 1.7/3.7 MB | 264 kB
Progress (4): 36 kB | 10 kB | 1.7/3.7 MB | 264 kB
Progress (4): 36 kB | 10 kB | 1.8/3.7 MB | 264 kB
Progress (4): 36 kB | 10 kB | 1.8/3.7 MB | 264 kB
Progress (4): 36 kB | 10 kB | 1.8/3.7 MB | 264 kB
Progress (4): 36 kB | 10 kB | 1.8/3.7 MB | 264 kB
Progress (4): 36 kB | 10 kB | 1.8/3.7 MB | 264 kB
Progress (4): 36 kB | 10 kB | 1.8/3.7 MB | 264 kB
Progress (4): 36 kB | 10 kB | 1.9/3.7 MB | 264 kB
Progress (4): 36 kB | 10 kB | 1.9/3.7 MB | 264 kB
Progress (4): 36 kB | 10 kB | 1.9/3.7 MB | 264 kB
Progress (4): 36 kB | 10 kB | 1.9/3.7 MB | 264 kB
Progress (4): 36 kB | 10 kB | 1.9/3.7 MB | 264 kB
Progress (4): 36 kB | 10 kB | 1.9/3.7 MB | 264 kB
Progress (4): 36 kB | 10 kB | 1.9/3.7 MB | 264 kB
Progress (4): 36 kB | 10 kB | 2.0/3.7 MB | 264 kB
Progress (4): 36 kB | 10 kB | 2.0/3.7 MB | 264 kB
Progress (4): 36 kB | 10 kB | 2.0/3.7 MB | 264 kB
Progress (4): 36 kB | 10 kB | 2.0/3.7 MB | 264 kB
Progress (4): 36 kB | 10 kB | 2.0/3.7 MB | 264 kB
Progress (4): 36 kB | 10 kB | 2.0/3.7 MB | 264 kB
Progress (4): 36 kB | 10 kB | 2.1/3.7 MB | 264 kB
Progress (4): 36 kB | 10 kB | 2.1/3.7 MB | 264 kB
Progress (4): 36 kB | 10 kB | 2.1/3.7 MB | 264 kB
Progress (5): 36 kB | 10 kB | 2.1/3.7 MB | 264 kB | 7.3/284 kB
Progress (5): 36 kB | 10 kB | 2.1/3.7 MB | 264 kB | 15/284 kB 
Progress (5): 36 kB | 10 kB | 2.1/3.7 MB | 264 kB | 32/284 kB
Progress (5): 36 kB | 10 kB | 2.1/3.7 MB | 264 kB | 48/284 kB
Progress (5): 36 kB | 10 kB | 2.1/3.7 MB | 264 kB | 64/284 kB
Progress (5): 36 kB | 10 kB | 2.1/3.7 MB | 264 kB | 81/284 kB
Progress (5): 36 kB | 10 kB | 2.1/3.7 MB | 264 kB | 97/284 kB
Progress (5): 36 kB | 10 kB | 2.1/3.7 MB | 264 kB | 114/284 kB
Progress (5): 36 kB | 10 kB | 2.1/3.7 MB | 264 kB | 130/284 kB
Progress (5): 36 kB | 10 kB | 2.1/3.7 MB | 264 kB | 146/284 kB
Progress (5): 36 kB | 10 kB | 2.1/3.7 MB | 264 kB | 163/284 kB
Progress (5): 36 kB | 10 kB | 2.1/3.7 MB | 264 kB | 179/284 kB
Progress (5): 36 kB | 10 kB | 2.1/3.7 MB | 264 kB | 196/284 kB
Progress (5): 36 kB | 10 kB | 2.1/3.7 MB | 264 kB | 212/284 kB
Progress (5): 36 kB | 10 kB | 2.1/3.7 MB | 264 kB | 228/284 kB
Progress (5): 36 kB | 10 kB | 2.1/3.7 MB | 264 kB | 245/284 kB
Progress (5): 36 kB | 10 kB | 2.1/3.7 MB | 264 kB | 261/284 kB
Progress (5): 36 kB | 10 kB | 2.1/3.7 MB | 264 kB | 277/284 kB
Progress (5): 36 kB | 10 kB | 2.1/3.7 MB | 264 kB | 284 kB    
                                                          
Downloaded from aliyunmaven: https://maven.aliyun.com/repository/public/org/apache/tomcat/embed/tomcat-embed-el/10.1.55/tomcat-embed-el-10.1.55.jar (264 kB at 1.1 MB/s)
Downloading from aliyunmaven: https://maven.aliyun.com/repository/public/org/springframework/spring-web/6.2.19/spring-web-6.2.19.jar
Progress (4): 36 kB | 10 kB | 2.1/3.7 MB | 284 kB
Progress (4): 36 kB | 10 kB | 2.1/3.7 MB | 284 kB
Progress (4): 36 kB | 10 kB | 2.1/3.7 MB | 284 kB
Progress (4): 36 kB | 10 kB | 2.2/3.7 MB | 284 kB
Progress (4): 36 kB | 10 kB | 2.2/3.7 MB | 284 kB
Progress (4): 36 kB | 10 kB | 2.2/3.7 MB | 284 kB
Progress (4): 36 kB | 10 kB | 2.2/3.7 MB | 284 kB
Progress (4): 36 kB | 10 kB | 2.2/3.7 MB | 284 kB
Progress (4): 36 kB | 10 kB | 2.2/3.7 MB | 284 kB
Progress (4): 36 kB | 10 kB | 2.3/3.7 MB | 284 kB
Progress (4): 36 kB | 10 kB | 2.3/3.7 MB | 284 kB
Progress (4): 36 kB | 10 kB | 2.3/3.7 MB | 284 kB
Progress (4): 36 kB | 10 kB | 2.3/3.7 MB | 284 kB
Progress (4): 36 kB | 10 kB | 2.3/3.7 MB | 284 kB
Progress (4): 36 kB | 10 kB | 2.3/3.7 MB | 284 kB
Progress (4): 36 kB | 10 kB | 2.4/3.7 MB | 284 kB
Progress (4): 36 kB | 10 kB | 2.4/3.7 MB | 284 kB
Progress (4): 36 kB | 10 kB | 2.4/3.7 MB | 284 kB
Progress (4): 36 kB | 10 kB | 2.4/3.7 MB | 284 kB
Progress (4): 36 kB | 10 kB | 2.4/3.7 MB | 284 kB
Progress (4): 36 kB | 10 kB | 2.4/3.7 MB | 284 kB
Progress (4): 36 kB | 10 kB | 2.5/3.7 MB | 284 kB
Progress (4): 36 kB | 10 kB | 2.5/3.7 MB | 284 kB
Progress (4): 36 kB | 10 kB | 2.5/3.7 MB | 284 kB
Progress (4): 36 kB | 10 kB | 2.5/3.7 MB | 284 kB
Progress (4): 36 kB | 10 kB | 2.5/3.7 MB | 284 kB
Progress (4): 36 kB | 10 kB | 2.5/3.7 MB | 284 kB
Progress (4): 36 kB | 10 kB | 2.6/3.7 MB | 284 kB
Progress (4): 36 kB | 10 kB | 2.6/3.7 MB | 284 kB
Progress (4): 36 kB | 10 kB | 2.6/3.7 MB | 284 kB
Progress (4): 36 kB | 10 kB | 2.6/3.7 MB | 284 kB
Progress (4): 36 kB | 10 kB | 2.6/3.7 MB | 284 kB
Progress (5): 36 kB | 10 kB | 2.6/3.7 MB | 284 kB | 0/2.1 MB
Progress (5): 36 kB | 10 kB | 2.6/3.7 MB | 284 kB | 0/2.1 MB
Progress (5): 36 kB | 10 kB | 2.6/3.7 MB | 284 kB | 0/2.1 MB
Progress (5): 36 kB | 10 kB | 2.6/3.7 MB | 284 kB | 0/2.1 MB
Progress (5): 36 kB | 10 kB | 2.6/3.7 MB | 284 kB | 0.1/2.1 MB
Progress (5): 36 kB | 10 kB | 2.6/3.7 MB | 284 kB | 0.1/2.1 MB
Progress (5): 36 kB | 10 kB | 2.6/3.7 MB | 284 kB | 0.1/2.1 MB
Progress (5): 36 kB | 10 kB | 2.6/3.7 MB | 284 kB | 0.1/2.1 MB
Progress (5): 36 kB | 10 kB | 2.6/3.7 MB | 284 kB | 0.1/2.1 MB
Progress (5): 36 kB | 10 kB | 2.6/3.7 MB | 284 kB | 0.1/2.1 MB
Progress (5): 36 kB | 10 kB | 2.6/3.7 MB | 284 kB | 0.2/2.1 MB
Progress (5): 36 kB | 10 kB | 2.6/3.7 MB | 284 kB | 0.2/2.1 MB
Progress (5): 36 kB | 10 kB | 2.6/3.7 MB | 284 kB | 0.2/2.1 MB
Progress (5): 36 kB | 10 kB | 2.6/3.7 MB | 284 kB | 0.2/2.1 MB
Progress (5): 36 kB | 10 kB | 2.6/3.7 MB | 284 kB | 0.2/2.1 MB
Progress (5): 36 kB | 10 kB | 2.6/3.7 MB | 284 kB | 0.2/2.1 MB
Progress (5): 36 kB | 10 kB | 2.6/3.7 MB | 284 kB | 0.3/2.1 MB
Progress (5): 36 kB | 10 kB | 2.6/3.7 MB | 284 kB | 0.3/2.1 MB
Progress (5): 36 kB | 10 kB | 2.6/3.7 MB | 284 kB | 0.3/2.1 MB
Progress (5): 36 kB | 10 kB | 2.6/3.7 MB | 284 kB | 0.3/2.1 MB
Progress (5): 36 kB | 10 kB | 2.6/3.7 MB | 284 kB | 0.3/2.1 MB
Progress (5): 36 kB | 10 kB | 2.6/3.7 MB | 284 kB | 0.3/2.1 MB
Progress (5): 36 kB | 10 kB | 2.6/3.7 MB | 284 kB | 0.4/2.1 MB
Progress (5): 36 kB | 10 kB | 2.6/3.7 MB | 284 kB | 0.4/2.1 MB
Progress (5): 36 kB | 10 kB | 2.6/3.7 MB | 284 kB | 0.4/2.1 MB
Progress (5): 36 kB | 10 kB | 2.6/3.7 MB | 284 kB | 0.4/2.1 MB
Progress (5): 36 kB | 10 kB | 2.6/3.7 MB | 284 kB | 0.4/2.1 MB
Progress (5): 36 kB | 10 kB | 2.6/3.7 MB | 284 kB | 0.4/2.1 MB
Progress (5): 36 kB | 10 kB | 2.6/3.7 MB | 284 kB | 0.5/2.1 MB
Progress (5): 36 kB | 10 kB | 2.6/3.7 MB | 284 kB | 0.5/2.1 MB
Progress (5): 36 kB | 10 kB | 2.6/3.7 MB | 284 kB | 0.5/2.1 MB
Progress (5): 36 kB | 10 kB | 2.6/3.7 MB | 284 kB | 0.5/2.1 MB
Progress (5): 36 kB | 10 kB | 2.6/3.7 MB | 284 kB | 0.5/2.1 MB
Progress (5): 36 kB | 10 kB | 2.6/3.7 MB | 284 kB | 0.5/2.1 MB
Progress (5): 36 kB | 10 kB | 2.6/3.7 MB | 284 kB | 0.6/2.1 MB
Progress (5): 36 kB | 10 kB | 2.6/3.7 MB | 284 kB | 0.6/2.1 MB
Progress (5): 36 kB | 10 kB | 2.6/3.7 MB | 284 kB | 0.6/2.1 MB
Progress (5): 36 kB | 10 kB | 2.6/3.7 MB | 284 kB | 0.6/2.1 MB
Progress (5): 36 kB | 10 kB | 2.6/3.7 MB | 284 kB | 0.6/2.1 MB
Progress (5): 36 kB | 10 kB | 2.6/3.7 MB | 284 kB | 0.6/2.1 MB
Progress (5): 36 kB | 10 kB | 2.6/3.7 MB | 284 kB | 0.7/2.1 MB
Progress (5): 36 kB | 10 kB | 2.6/3.7 MB | 284 kB | 0.7/2.1 MB
Progress (5): 36 kB | 10 kB | 2.6/3.7 MB | 284 kB | 0.7/2.1 MB
Progress (5): 36 kB | 10 kB | 2.6/3.7 MB | 284 kB | 0.7/2.1 MB
Progress (5): 36 kB | 10 kB | 2.6/3.7 MB | 284 kB | 0.7/2.1 MB
Progress (5): 36 kB | 10 kB | 2.6/3.7 MB | 284 kB | 0.7/2.1 MB
Progress (5): 36 kB | 10 kB | 2.6/3.7 MB | 284 kB | 0.8/2.1 MB
Progress (5): 36 kB | 10 kB | 2.6/3.7 MB | 284 kB | 0.8/2.1 MB
                                                              
Downloaded from aliyunmaven: https://maven.aliyun.com/repository/public/com/fasterxml/jackson/module/jackson-module-parameter-names/2.21.4/jackson-module-parameter-names-2.21.4.jar (10 kB at 37 kB/s)
Downloading from aliyunmaven: https://maven.aliyun.com/repository/public/org/springframework/spring-webmvc/6.2.19/spring-webmvc-6.2.19.jar
Progress (4): 36 kB | 2.6/3.7 MB | 284 kB | 0.8/2.1 MB
Progress (4): 36 kB | 2.6/3.7 MB | 284 kB | 0.8/2.1 MB
Progress (4): 36 kB | 2.6/3.7 MB | 284 kB | 0.8/2.1 MB
Progress (4): 36 kB | 2.6/3.7 MB | 284 kB | 0.8/2.1 MB
Progress (4): 36 kB | 2.6/3.7 MB | 284 kB | 0.9/2.1 MB
Progress (4): 36 kB | 2.6/3.7 MB | 284 kB | 0.9/2.1 MB
Progress (4): 36 kB | 2.6/3.7 MB | 284 kB | 0.9/2.1 MB
Progress (4): 36 kB | 2.6/3.7 MB | 284 kB | 0.9/2.1 MB
Progress (4): 36 kB | 2.6/3.7 MB | 284 kB | 0.9/2.1 MB
Progress (4): 36 kB | 2.6/3.7 MB | 284 kB | 0.9/2.1 MB
Progress (4): 36 kB | 2.6/3.7 MB | 284 kB | 0.9/2.1 MB
Progress (4): 36 kB | 2.6/3.7 MB | 284 kB | 1.0/2.1 MB
Progress (4): 36 kB | 2.6/3.7 MB | 284 kB | 1.0/2.1 MB
Progress (4): 36 kB | 2.6/3.7 MB | 284 kB | 1.0/2.1 MB
Progress (4): 36 kB | 2.6/3.7 MB | 284 kB | 1.0/2.1 MB
Progress (4): 36 kB | 2.6/3.7 MB | 284 kB | 1.0/2.1 MB
Progress (4): 36 kB | 2.6/3.7 MB | 284 kB | 1.0/2.1 MB
Progress (4): 36 kB | 2.6/3.7 MB | 284 kB | 1.1/2.1 MB
Progress (4): 36 kB | 2.6/3.7 MB | 284 kB | 1.1/2.1 MB
Progress (4): 36 kB | 2.6/3.7 MB | 284 kB | 1.1/2.1 MB
Progress (4): 36 kB | 2.6/3.7 MB | 284 kB | 1.1/2.1 MB
Progress (4): 36 kB | 2.6/3.7 MB | 284 kB | 1.1/2.1 MB
Progress (4): 36 kB | 2.6/3.7 MB | 284 kB | 1.1/2.1 MB
Progress (4): 36 kB | 2.6/3.7 MB | 284 kB | 1.2/2.1 MB
Progress (4): 36 kB | 2.6/3.7 MB | 284 kB | 1.2/2.1 MB
Progress (4): 36 kB | 2.6/3.7 MB | 284 kB | 1.2/2.1 MB
Progress (4): 36 kB | 2.6/3.7 MB | 284 kB | 1.2/2.1 MB
                                                      
Downloaded from aliyunmaven: https://maven.aliyun.com/repository/public/org/apache/tomcat/embed/tomcat-embed-websocket/10.1.55/tomcat-embed-websocket-10.1.55.jar (284 kB at 987 kB/s)
Downloading from aliyunmaven: https://maven.aliyun.com/repository/public/org/springdoc/springdoc-openapi-starter-webmvc-ui/2.8.9/springdoc-openapi-starter-webmvc-ui-2.8.9.jar
Progress (3): 36 kB | 2.6/3.7 MB | 1.2/2.1 MB
Progress (3): 36 kB | 2.6/3.7 MB | 1.2/2.1 MB
Progress (3): 36 kB | 2.6/3.7 MB | 1.3/2.1 MB
Progress (3): 36 kB | 2.6/3.7 MB | 1.3/2.1 MB
Progress (3): 36 kB | 2.6/3.7 MB | 1.3/2.1 MB
Progress (3): 36 kB | 2.6/3.7 MB | 1.3/2.1 MB
Progress (3): 36 kB | 2.6/3.7 MB | 1.3/2.1 MB
Progress (3): 36 kB | 2.6/3.7 MB | 1.3/2.1 MB
Progress (3): 36 kB | 2.6/3.7 MB | 1.4/2.1 MB
Progress (3): 36 kB | 2.6/3.7 MB | 1.4/2.1 MB
Progress (3): 36 kB | 2.6/3.7 MB | 1.4/2.1 MB
Progress (3): 36 kB | 2.6/3.7 MB | 1.4/2.1 MB
Progress (3): 36 kB | 2.6/3.7 MB | 1.4/2.1 MB
Progress (3): 36 kB | 2.6/3.7 MB | 1.4/2.1 MB
Progress (4): 36 kB | 2.6/3.7 MB | 1.4/2.1 MB | 0/1.1 MB
Progress (4): 36 kB | 2.6/3.7 MB | 1.4/2.1 MB | 0/1.1 MB
Progress (4): 36 kB | 2.6/3.7 MB | 1.4/2.1 MB | 0/1.1 MB
Progress (4): 36 kB | 2.6/3.7 MB | 1.4/2.1 MB | 0/1.1 MB
Progress (4): 36 kB | 2.6/3.7 MB | 1.4/2.1 MB | 0.1/1.1 MB
Progress (4): 36 kB | 2.6/3.7 MB | 1.4/2.1 MB | 0.1/1.1 MB
Progress (4): 36 kB | 2.6/3.7 MB | 1.4/2.1 MB | 0.1/1.1 MB
Progress (4): 36 kB | 2.6/3.7 MB | 1.4/2.1 MB | 0.1/1.1 MB
Progress (4): 36 kB | 2.6/3.7 MB | 1.4/2.1 MB | 0.1/1.1 MB
Progress (4): 36 kB | 2.6/3.7 MB | 1.4/2.1 MB | 0.1/1.1 MB
Progress (4): 36 kB | 2.6/3.7 MB | 1.4/2.1 MB | 0.2/1.1 MB
Progress (4): 36 kB | 2.6/3.7 MB | 1.4/2.1 MB | 0.2/1.1 MB
Progress (4): 36 kB | 2.6/3.7 MB | 1.4/2.1 MB | 0.2/1.1 MB
Progress (4): 36 kB | 2.6/3.7 MB | 1.4/2.1 MB | 0.2/1.1 MB
Progress (4): 36 kB | 2.6/3.7 MB | 1.4/2.1 MB | 0.2/1.1 MB
Progress (4): 36 kB | 2.6/3.7 MB | 1.5/2.1 MB | 0.2/1.1 MB
Progress (4): 36 kB | 2.6/3.7 MB | 1.5/2.1 MB | 0.2/1.1 MB
Progress (4): 36 kB | 2.6/3.7 MB | 1.5/2.1 MB | 0.2/1.1 MB
Progress (4): 36 kB | 2.6/3.7 MB | 1.5/2.1 MB | 0.2/1.1 MB
Progress (4): 36 kB | 2.6/3.7 MB | 1.5/2.1 MB | 0.3/1.1 MB
Progress (4): 36 kB | 2.6/3.7 MB | 1.5/2.1 MB | 0.3/1.1 MB
Progress (4): 36 kB | 2.6/3.7 MB | 1.5/2.1 MB | 0.3/1.1 MB
Progress (4): 36 kB | 2.6/3.7 MB | 1.5/2.1 MB | 0.3/1.1 MB
Progress (4): 36 kB | 2.6/3.7 MB | 1.5/2.1 MB | 0.3/1.1 MB
Progress (4): 36 kB | 2.6/3.7 MB | 1.5/2.1 MB | 0.3/1.1 MB
Progress (4): 36 kB | 2.6/3.7 MB | 1.5/2.1 MB | 0.4/1.1 MB
Progress (4): 36 kB | 2.6/3.7 MB | 1.5/2.1 MB | 0.4/1.1 MB
Progress (4): 36 kB | 2.6/3.7 MB | 1.5/2.1 MB | 0.4/1.1 MB
Progress (4): 36 kB | 2.6/3.7 MB | 1.5/2.1 MB | 0.4/1.1 MB
Progress (4): 36 kB | 2.6/3.7 MB | 1.5/2.1 MB | 0.4/1.1 MB
Progress (4): 36 kB | 2.6/3.7 MB | 1.5/2.1 MB | 0.4/1.1 MB
Progress (4): 36 kB | 2.6/3.7 MB | 1.5/2.1 MB | 0.5/1.1 MB
Progress (4): 36 kB | 2.6/3.7 MB | 1.5/2.1 MB | 0.5/1.1 MB
Progress (4): 36 kB | 2.6/3.7 MB | 1.5/2.1 MB | 0.5/1.1 MB
Progress (4): 36 kB | 2.6/3.7 MB | 1.5/2.1 MB | 0.5/1.1 MB
Progress (4): 36 kB | 2.6/3.7 MB | 1.5/2.1 MB | 0.5/1.1 MB
Progress (4): 36 kB | 2.6/3.7 MB | 1.5/2.1 MB | 0.5/1.1 MB
Progress (4): 36 kB | 2.6/3.7 MB | 1.5/2.1 MB | 0.5/1.1 MB
Progress (4): 36 kB | 2.6/3.7 MB | 1.6/2.1 MB | 0.5/1.1 MB
Progress (4): 36 kB | 2.6/3.7 MB | 1.6/2.1 MB | 0.5/1.1 MB
Progress (4): 36 kB | 2.6/3.7 MB | 1.6/2.1 MB | 0.5/1.1 MB
Progress (4): 36 kB | 2.6/3.7 MB | 1.6/2.1 MB | 0.5/1.1 MB
Progress (4): 36 kB | 2.6/3.7 MB | 1.6/2.1 MB | 0.5/1.1 MB
Progress (4): 36 kB | 2.6/3.7 MB | 1.6/2.1 MB | 0.6/1.1 MB
Progress (4): 36 kB | 2.6/3.7 MB | 1.6/2.1 MB | 0.6/1.1 MB
Progress (4): 36 kB | 2.6/3.7 MB | 1.6/2.1 MB | 0.6/1.1 MB
Progress (4): 36 kB | 2.6/3.7 MB | 1.6/2.1 MB | 0.6/1.1 MB
Progress (4): 36 kB | 2.6/3.7 MB | 1.6/2.1 MB | 0.6/1.1 MB
Progress (4): 36 kB | 2.6/3.7 MB | 1.6/2.1 MB | 0.6/1.1 MB
Progress (4): 36 kB | 2.6/3.7 MB | 1.6/2.1 MB | 0.7/1.1 MB
Progress (4): 36 kB | 2.6/3.7 MB | 1.6/2.1 MB | 0.7/1.1 MB
Progress (4): 36 kB | 2.6/3.7 MB | 1.6/2.1 MB | 0.7/1.1 MB
Progress (4): 36 kB | 2.6/3.7 MB | 1.6/2.1 MB | 0.7/1.1 MB
Progress (4): 36 kB | 2.6/3.7 MB | 1.6/2.1 MB | 0.7/1.1 MB
Progress (4): 36 kB | 2.6/3.7 MB | 1.6/2.1 MB | 0.7/1.1 MB
Progress (4): 36 kB | 2.6/3.7 MB | 1.6/2.1 MB | 0.8/1.1 MB
Progress (4): 36 kB | 2.6/3.7 MB | 1.6/2.1 MB | 0.8/1.1 MB
Progress (4): 36 kB | 2.6/3.7 MB | 1.6/2.1 MB | 0.8/1.1 MB
Progress (4): 36 kB | 2.6/3.7 MB | 1.6/2.1 MB | 0.8/1.1 MB
Progress (4): 36 kB | 2.6/3.7 MB | 1.6/2.1 MB | 0.8/1.1 MB
Progress (4): 36 kB | 2.6/3.7 MB | 1.6/2.1 MB | 0.8/1.1 MB
Progress (4): 36 kB | 2.6/3.7 MB | 1.6/2.1 MB | 0.9/1.1 MB
Progress (4): 36 kB | 2.6/3.7 MB | 1.6/2.1 MB | 0.9/1.1 MB
Progress (4): 36 kB | 2.6/3.7 MB | 1.6/2.1 MB | 0.9/1.1 MB
Progress (4): 36 kB | 2.6/3.7 MB | 1.6/2.1 MB | 0.9/1.1 MB
Progress (4): 36 kB | 2.6/3.7 MB | 1.6/2.1 MB | 0.9/1.1 MB
Progress (4): 36 kB | 2.6/3.7 MB | 1.6/2.1 MB | 0.9/1.1 MB
Progress (4): 36 kB | 2.6/3.7 MB | 1.6/2.1 MB | 0.9/1.1 MB
Progress (4): 36 kB | 2.6/3.7 MB | 1.6/2.1 MB | 1.0/1.1 MB
Progress (4): 36 kB | 2.6/3.7 MB | 1.6/2.1 MB | 1.0/1.1 MB
Progress (4): 36 kB | 2.6/3.7 MB | 1.6/2.1 MB | 1.0/1.1 MB
Progress (4): 36 kB | 2.6/3.7 MB | 1.6/2.1 MB | 1.0/1.1 MB
Progress (4): 36 kB | 2.6/3.7 MB | 1.6/2.1 MB | 1.0/1.1 MB
Progress (4): 36 kB | 2.6/3.7 MB | 1.6/2.1 MB | 1.0/1.1 MB
Progress (4): 36 kB | 2.6/3.7 MB | 1.6/2.1 MB | 1.0/1.1 MB
Progress (4): 36 kB | 2.6/3.7 MB | 1.6/2.1 MB | 1.0/1.1 MB
Progress (4): 36 kB | 2.6/3.7 MB | 1.6/2.1 MB | 1.0/1.1 MB
Progress (4): 36 kB | 2.6/3.7 MB | 1.7/2.1 MB | 1.0/1.1 MB
Progress (4): 36 kB | 2.6/3.7 MB | 1.7/2.1 MB | 1.0/1.1 MB
Progress (4): 36 kB | 2.6/3.7 MB | 1.7/2.1 MB | 1.0/1.1 MB
Progress (4): 36 kB | 2.6/3.7 MB | 1.7/2.1 MB | 1.0/1.1 MB
Progress (4): 36 kB | 2.6/3.7 MB | 1.7/2.1 MB | 1.0/1.1 MB
Progress (4): 36 kB | 2.6/3.7 MB | 1.7/2.1 MB | 1.0/1.1 MB
Progress (4): 36 kB | 2.6/3.7 MB | 1.7/2.1 MB | 1.0/1.1 MB
Progress (4): 36 kB | 2.6/3.7 MB | 1.7/2.1 MB | 1.1/1.1 MB
Progress (4): 36 kB | 2.6/3.7 MB | 1.7/2.1 MB | 1.1/1.1 MB
Progress (4): 36 kB | 2.6/3.7 MB | 1.7/2.1 MB | 1.1 MB    
Progress (4): 36 kB | 2.6/3.7 MB | 1.8/2.1 MB | 1.1 MB
Progress (4): 36 kB | 2.6/3.7 MB | 1.8/2.1 MB | 1.1 MB
Progress (4): 36 kB | 2.6/3.7 MB | 1.8/2.1 MB | 1.1 MB
Progress (4): 36 kB | 2.6/3.7 MB | 1.8/2.1 MB | 1.1 MB
Progress (4): 36 kB | 2.6/3.7 MB | 1.8/2.1 MB | 1.1 MB
Progress (4): 36 kB | 2.6/3.7 MB | 1.8/2.1 MB | 1.1 MB
Progress (4): 36 kB | 2.6/3.7 MB | 1.9/2.1 MB | 1.1 MB
Progress (4): 36 kB | 2.6/3.7 MB | 1.9/2.1 MB | 1.1 MB
Progress (4): 36 kB | 2.6/3.7 MB | 1.9/2.1 MB | 1.1 MB
Progress (4): 36 kB | 2.6/3.7 MB | 1.9/2.1 MB | 1.1 MB
Progress (4): 36 kB | 2.6/3.7 MB | 1.9/2.1 MB | 1.1 MB
Progress (4): 36 kB | 2.6/3.7 MB | 1.9/2.1 MB | 1.1 MB
Progress (4): 36 kB | 2.6/3.7 MB | 1.9/2.1 MB | 1.1 MB
Progress (4): 36 kB | 2.6/3.7 MB | 2.0/2.1 MB | 1.1 MB
Progress (4): 36 kB | 2.6/3.7 MB | 2.0/2.1 MB | 1.1 MB
Progress (4): 36 kB | 2.6/3.7 MB | 2.0/2.1 MB | 1.1 MB
Progress (4): 36 kB | 2.6/3.7 MB | 2.0/2.1 MB | 1.1 MB
Progress (4): 36 kB | 2.6/3.7 MB | 2.0/2.1 MB | 1.1 MB
Progress (4): 36 kB | 2.6/3.7 MB | 2.0/2.1 MB | 1.1 MB
Progress (4): 36 kB | 2.6/3.7 MB | 2.1/2.1 MB | 1.1 MB
Progress (4): 36 kB | 2.6/3.7 MB | 2.1/2.1 MB | 1.1 MB
Progress (4): 36 kB | 2.6/3.7 MB | 2.1 MB | 1.1 MB    
Progress (5): 36 kB | 2.6/3.7 MB | 2.1 MB | 1.1 MB | 7.2/23 kB
Progress (5): 36 kB | 2.6/3.7 MB | 2.1 MB | 1.1 MB | 15/23 kB 
Progress (5): 36 kB | 2.6/3.7 MB | 2.1 MB | 1.1 MB | 23 kB   
Progress (5): 36 kB | 2.6/3.7 MB | 2.1 MB | 1.1 MB | 23 kB
Progress (5): 36 kB | 2.7/3.7 MB | 2.1 MB | 1.1 MB | 23 kB
Progress (5): 36 kB | 2.7/3.7 MB | 2.1 MB | 1.1 MB | 23 kB
Progress (5): 36 kB | 2.7/3.7 MB | 2.1 MB | 1.1 MB | 23 kB
Progress (5): 36 kB | 2.7/3.7 MB | 2.1 MB | 1.1 MB | 23 kB
Progress (5): 36 kB | 2.7/3.7 MB | 2.1 MB | 1.1 MB | 23 kB
Progress (5): 36 kB | 2.7/3.7 MB | 2.1 MB | 1.1 MB | 23 kB
Progress (5): 36 kB | 2.8/3.7 MB | 2.1 MB | 1.1 MB | 23 kB
Progress (5): 36 kB | 2.8/3.7 MB | 2.1 MB | 1.1 MB | 23 kB
Progress (5): 36 kB | 2.8/3.7 MB | 2.1 MB | 1.1 MB | 23 kB
Progress (5): 36 kB | 2.8/3.7 MB | 2.1 MB | 1.1 MB | 23 kB
Progress (5): 36 kB | 2.8/3.7 MB | 2.1 MB | 1.1 MB | 23 kB
Progress (5): 36 kB | 2.8/3.7 MB | 2.1 MB | 1.1 MB | 23 kB
Progress (5): 36 kB | 2.9/3.7 MB | 2.1 MB | 1.1 MB | 23 kB
Progress (5): 36 kB | 2.9/3.7 MB | 2.1 MB | 1.1 MB | 23 kB
Progress (5): 36 kB | 2.9/3.7 MB | 2.1 MB | 1.1 MB | 23 kB
Progress (5): 36 kB | 2.9/3.7 MB | 2.1 MB | 1.1 MB | 23 kB
Progress (5): 36 kB | 2.9/3.7 MB | 2.1 MB | 1.1 MB | 23 kB
                                                          
Downloaded from aliyunmaven: https://maven.aliyun.com/repository/public/org/springframework/spring-web/6.2.19/spring-web-6.2.19.jar (2.1 MB at 6.0 MB/s)
Downloading from aliyunmaven: https://maven.aliyun.com/repository/public/org/springdoc/springdoc-openapi-starter-webmvc-api/2.8.9/springdoc-openapi-starter-webmvc-api-2.8.9.jar
Progress (4): 36 kB | 2.9/3.7 MB | 1.1 MB | 23 kB
Progress (4): 36 kB | 2.9/3.7 MB | 1.1 MB | 23 kB
                                                 
Downloaded from aliyunmaven: https://maven.aliyun.com/repository/public/org/springframework/spring-webmvc/6.2.19/spring-webmvc-6.2.19.jar (1.1 MB at 3.1 MB/s)
Downloading from aliyunmaven: https://maven.aliyun.com/repository/public/org/springdoc/springdoc-openapi-starter-common/2.8.9/springdoc-openapi-starter-common-2.8.9.jar
Progress (3): 36 kB | 3.0/3.7 MB | 23 kB
Progress (3): 36 kB | 3.0/3.7 MB | 23 kB
Progress (3): 36 kB | 3.0/3.7 MB | 23 kB
Progress (3): 36 kB | 3.0/3.7 MB | 23 kB
Progress (3): 36 kB | 3.0/3.7 MB | 23 kB
Progress (3): 36 kB | 3.0/3.7 MB | 23 kB
Progress (3): 36 kB | 3.1/3.7 MB | 23 kB
Progress (3): 36 kB | 3.1/3.7 MB | 23 kB
Progress (3): 36 kB | 3.1/3.7 MB | 23 kB
Progress (3): 36 kB | 3.1/3.7 MB | 23 kB
Progress (3): 36 kB | 3.1/3.7 MB | 23 kB
Progress (3): 36 kB | 3.1/3.7 MB | 23 kB
Progress (3): 36 kB | 3.2/3.7 MB | 23 kB
Progress (3): 36 kB | 3.2/3.7 MB | 23 kB
Progress (3): 36 kB | 3.2/3.7 MB | 23 kB
Progress (3): 36 kB | 3.2/3.7 MB | 23 kB
Progress (3): 36 kB | 3.2/3.7 MB | 23 kB
Progress (3): 36 kB | 3.2/3.7 MB | 23 kB
Progress (3): 36 kB | 3.3/3.7 MB | 23 kB
Progress (3): 36 kB | 3.3/3.7 MB | 23 kB
Progress (3): 36 kB | 3.3/3.7 MB | 23 kB
Progress (3): 36 kB | 3.3/3.7 MB | 23 kB
Progress (3): 36 kB | 3.3/3.7 MB | 23 kB
Progress (3): 36 kB | 3.3/3.7 MB | 23 kB
Progress (3): 36 kB | 3.4/3.7 MB | 23 kB
Progress (3): 36 kB | 3.4/3.7 MB | 23 kB
Progress (3): 36 kB | 3.4/3.7 MB | 23 kB
Progress (3): 36 kB | 3.4/3.7 MB | 23 kB
Progress (3): 36 kB | 3.4/3.7 MB | 23 kB
Progress (3): 36 kB | 3.4/3.7 MB | 23 kB
Progress (3): 36 kB | 3.5/3.7 MB | 23 kB
Progress (3): 36 kB | 3.5/3.7 MB | 23 kB
Progress (3): 36 kB | 3.5/3.7 MB | 23 kB
Progress (3): 36 kB | 3.5/3.7 MB | 23 kB
Progress (3): 36 kB | 3.5/3.7 MB | 23 kB
Progress (3): 36 kB | 3.5/3.7 MB | 23 kB
Progress (3): 36 kB | 3.6/3.7 MB | 23 kB
Progress (3): 36 kB | 3.6/3.7 MB | 23 kB
Progress (3): 36 kB | 3.6/3.7 MB | 23 kB
Progress (3): 36 kB | 3.6/3.7 MB | 23 kB
Progress (3): 36 kB | 3.6/3.7 MB | 23 kB
Progress (3): 36 kB | 3.6/3.7 MB | 23 kB
Progress (3): 36 kB | 3.7/3.7 MB | 23 kB
Progress (4): 36 kB | 3.7/3.7 MB | 23 kB | 3.3/529 kB
Progress (4): 36 kB | 3.7/3.7 MB | 23 kB | 20/529 kB 
Progress (4): 36 kB | 3.7/3.7 MB | 23 kB | 36/529 kB
Progress (4): 36 kB | 3.7/3.7 MB | 23 kB | 52/529 kB
Progress (4): 36 kB | 3.7/3.7 MB | 23 kB | 69/529 kB
Progress (4): 36 kB | 3.7/3.7 MB | 23 kB | 85/529 kB
Progress (4): 36 kB | 3.7/3.7 MB | 23 kB | 102/529 kB
Progress (4): 36 kB | 3.7/3.7 MB | 23 kB | 118/529 kB
Progress (4): 36 kB | 3.7/3.7 MB | 23 kB | 134/529 kB
Progress (4): 36 kB | 3.7/3.7 MB | 23 kB | 151/529 kB
Progress (4): 36 kB | 3.7/3.7 MB | 23 kB | 167/529 kB
Progress (4): 36 kB | 3.7/3.7 MB | 23 kB | 184/529 kB
Progress (4): 36 kB | 3.7/3.7 MB | 23 kB | 200/529 kB
Progress (4): 36 kB | 3.7/3.7 MB | 23 kB | 216/529 kB
Progress (4): 36 kB | 3.7/3.7 MB | 23 kB | 233/529 kB
Progress (4): 36 kB | 3.7/3.7 MB | 23 kB | 249/529 kB
Progress (4): 36 kB | 3.7/3.7 MB | 23 kB | 265/529 kB
Progress (4): 36 kB | 3.7/3.7 MB | 23 kB | 282/529 kB
Progress (4): 36 kB | 3.7/3.7 MB | 23 kB | 298/529 kB
Progress (4): 36 kB | 3.7/3.7 MB | 23 kB | 315/529 kB
Progress (4): 36 kB | 3.7/3.7 MB | 23 kB | 331/529 kB
Progress (4): 36 kB | 3.7/3.7 MB | 23 kB | 347/529 kB
Progress (4): 36 kB | 3.7/3.7 MB | 23 kB | 364/529 kB
Progress (4): 36 kB | 3.7/3.7 MB | 23 kB | 380/529 kB
Progress (4): 36 kB | 3.7/3.7 MB | 23 kB | 397/529 kB
Progress (4): 36 kB | 3.7/3.7 MB | 23 kB | 413/529 kB
Progress (4): 36 kB | 3.7/3.7 MB | 23 kB | 429/529 kB
Progress (4): 36 kB | 3.7/3.7 MB | 23 kB | 446/529 kB
Progress (4): 36 kB | 3.7/3.7 MB | 23 kB | 462/529 kB
Progress (4): 36 kB | 3.7/3.7 MB | 23 kB | 478/529 kB
Progress (4): 36 kB | 3.7/3.7 MB | 23 kB | 495/529 kB
Progress (4): 36 kB | 3.7/3.7 MB | 23 kB | 511/529 kB
Progress (4): 36 kB | 3.7/3.7 MB | 23 kB | 511/529 kB
Progress (4): 36 kB | 3.7 MB | 23 kB | 511/529 kB    
Progress (4): 36 kB | 3.7 MB | 23 kB | 528/529 kB
Progress (4): 36 kB | 3.7 MB | 23 kB | 529 kB    
Progress (5): 36 kB | 3.7 MB | 23 kB | 529 kB | 7.3/43 kB
Progress (5): 36 kB | 3.7 MB | 23 kB | 529 kB | 15/43 kB 
Progress (5): 36 kB | 3.7 MB | 23 kB | 529 kB | 32/43 kB
Progress (5): 36 kB | 3.7 MB | 23 kB | 529 kB | 43 kB   
                                                     
Downloaded from aliyunmaven: https://maven.aliyun.com/repository/public/com/fasterxml/jackson/datatype/jackson-datatype-jdk8/2.21.4/jackson-datatype-jdk8-2.21.4.jar (36 kB at 74 kB/s)
Downloading from aliyunmaven: https://maven.aliyun.com/repository/public/org/springframework/boot/spring-boot-starter-validation/3.5.15/spring-boot-starter-validation-3.5.15.jar
Progress (5): 3.7 MB | 23 kB | 529 kB | 43 kB | 4.8 kB
                                                      
Downloaded from aliyunmaven: https://maven.aliyun.com/repository/public/org/apache/tomcat/embed/tomcat-embed-core/10.1.55/tomcat-embed-core-10.1.55.jar (3.7 MB at 6.4 MB/s)
Downloading from aliyunmaven: https://maven.aliyun.com/repository/public/org/hibernate/validator/hibernate-validator/8.0.3.Final/hibernate-validator-8.0.3.Final.jar
Downloaded from aliyunmaven: https://maven.aliyun.com/repository/public/org/springdoc/springdoc-openapi-starter-common/2.8.9/springdoc-openapi-starter-common-2.8.9.jar (529 kB at 920 kB/s)
Downloading from aliyunmaven: https://maven.aliyun.com/repository/public/org/jboss/logging/jboss-logging/3.6.3.Final/jboss-logging-3.6.3.Final.jar
Progress (4): 23 kB | 43 kB | 4.8 kB | 0/1.3 MB
Progress (4): 23 kB | 43 kB | 4.8 kB | 0/1.3 MB
Progress (4): 23 kB | 43 kB | 4.8 kB | 0/1.3 MB
Progress (4): 23 kB | 43 kB | 4.8 kB | 0.1/1.3 MB
Progress (4): 23 kB | 43 kB | 4.8 kB | 0.1/1.3 MB
Progress (4): 23 kB | 43 kB | 4.8 kB | 0.1/1.3 MB
Progress (4): 23 kB | 43 kB | 4.8 kB | 0.1/1.3 MB
Progress (4): 23 kB | 43 kB | 4.8 kB | 0.1/1.3 MB
Progress (4): 23 kB | 43 kB | 4.8 kB | 0.1/1.3 MB
Progress (4): 23 kB | 43 kB | 4.8 kB | 0.1/1.3 MB
Progress (4): 23 kB | 43 kB | 4.8 kB | 0.2/1.3 MB
Progress (4): 23 kB | 43 kB | 4.8 kB | 0.2/1.3 MB
Progress (4): 23 kB | 43 kB | 4.8 kB | 0.2/1.3 MB
Progress (4): 23 kB | 43 kB | 4.8 kB | 0.2/1.3 MB
Progress (4): 23 kB | 43 kB | 4.8 kB | 0.2/1.3 MB
Progress (4): 23 kB | 43 kB | 4.8 kB | 0.2/1.3 MB
Progress (5): 23 kB | 43 kB | 4.8 kB | 0.2/1.3 MB | 7.3/63 kB
Progress (5): 23 kB | 43 kB | 4.8 kB | 0.2/1.3 MB | 15/63 kB 
Progress (5): 23 kB | 43 kB | 4.8 kB | 0.2/1.3 MB | 32/63 kB
Progress (5): 23 kB | 43 kB | 4.8 kB | 0.2/1.3 MB | 32/63 kB
Progress (5): 23 kB | 43 kB | 4.8 kB | 0.2/1.3 MB | 48/63 kB
Progress (5): 23 kB | 43 kB | 4.8 kB | 0.2/1.3 MB | 63 kB   
Progress (5): 23 kB | 43 kB | 4.8 kB | 0.3/1.3 MB | 63 kB
Progress (5): 23 kB | 43 kB | 4.8 kB | 0.3/1.3 MB | 63 kB
Progress (5): 23 kB | 43 kB | 4.8 kB | 0.3/1.3 MB | 63 kB
Progress (5): 23 kB | 43 kB | 4.8 kB | 0.3/1.3 MB | 63 kB
Progress (5): 23 kB | 43 kB | 4.8 kB | 0.3/1.3 MB | 63 kB
Progress (5): 23 kB | 43 kB | 4.8 kB | 0.3/1.3 MB | 63 kB
Progress (5): 23 kB | 43 kB | 4.8 kB | 0.4/1.3 MB | 63 kB
Progress (5): 23 kB | 43 kB | 4.8 kB | 0.4/1.3 MB | 63 kB
Progress (5): 23 kB | 43 kB | 4.8 kB | 0.4/1.3 MB | 63 kB
Progress (5): 23 kB | 43 kB | 4.8 kB | 0.4/1.3 MB | 63 kB
Progress (5): 23 kB | 43 kB | 4.8 kB | 0.4/1.3 MB | 63 kB
Progress (5): 23 kB | 43 kB | 4.8 kB | 0.4/1.3 MB | 63 kB
Progress (5): 23 kB | 43 kB | 4.8 kB | 0.5/1.3 MB | 63 kB
Progress (5): 23 kB | 43 kB | 4.8 kB | 0.5/1.3 MB | 63 kB
Progress (5): 23 kB | 43 kB | 4.8 kB | 0.5/1.3 MB | 63 kB
Progress (5): 23 kB | 43 kB | 4.8 kB | 0.5/1.3 MB | 63 kB
Progress (5): 23 kB | 43 kB | 4.8 kB | 0.5/1.3 MB | 63 kB
Progress (5): 23 kB | 43 kB | 4.8 kB | 0.5/1.3 MB | 63 kB
Progress (5): 23 kB | 43 kB | 4.8 kB | 0.5/1.3 MB | 63 kB
Progress (5): 23 kB | 43 kB | 4.8 kB | 0.6/1.3 MB | 63 kB
Progress (5): 23 kB | 43 kB | 4.8 kB | 0.6/1.3 MB | 63 kB
Progress (5): 23 kB | 43 kB | 4.8 kB | 0.6/1.3 MB | 63 kB
Progress (5): 23 kB | 43 kB | 4.8 kB | 0.6/1.3 MB | 63 kB
Progress (5): 23 kB | 43 kB | 4.8 kB | 0.6/1.3 MB | 63 kB
                                                         
Downloaded from aliyunmaven: https://maven.aliyun.com/repository/public/org/springframework/boot/spring-boot-starter-validation/3.5.15/spring-boot-starter-validation-3.5.15.jar (4.8 kB at 7.9 kB/s)
Downloading from aliyunmaven: https://maven.aliyun.com/repository/public/com/fasterxml/classmate/1.7.3/classmate-1.7.3.jar
Progress (4): 23 kB | 43 kB | 0.6/1.3 MB | 63 kB
Progress (4): 23 kB | 43 kB | 0.7/1.3 MB | 63 kB
Progress (4): 23 kB | 43 kB | 0.7/1.3 MB | 63 kB
Progress (4): 23 kB | 43 kB | 0.7/1.3 MB | 63 kB
Progress (4): 23 kB | 43 kB | 0.7/1.3 MB | 63 kB
Progress (4): 23 kB | 43 kB | 0.7/1.3 MB | 63 kB
Progress (4): 23 kB | 43 kB | 0.7/1.3 MB | 63 kB
Progress (4): 23 kB | 43 kB | 0.8/1.3 MB | 63 kB
Progress (4): 23 kB | 43 kB | 0.8/1.3 MB | 63 kB
Progress (4): 23 kB | 43 kB | 0.8/1.3 MB | 63 kB
Progress (4): 23 kB | 43 kB | 0.8/1.3 MB | 63 kB
Progress (4): 23 kB | 43 kB | 0.8/1.3 MB | 63 kB
Progress (4): 23 kB | 43 kB | 0.8/1.3 MB | 63 kB
Progress (4): 23 kB | 43 kB | 0.8/1.3 MB | 63 kB
Progress (4): 23 kB | 43 kB | 0.8/1.3 MB | 63 kB
Progress (4): 23 kB | 43 kB | 0.8/1.3 MB | 63 kB
Progress (4): 23 kB | 43 kB | 0.8/1.3 MB | 63 kB
Progress (4): 23 kB | 43 kB | 0.8/1.3 MB | 63 kB
Progress (4): 23 kB | 43 kB | 0.9/1.3 MB | 63 kB
Progress (4): 23 kB | 43 kB | 0.9/1.3 MB | 63 kB
Progress (4): 23 kB | 43 kB | 0.9/1.3 MB | 63 kB
Progress (4): 23 kB | 43 kB | 0.9/1.3 MB | 63 kB
Progress (4): 23 kB | 43 kB | 0.9/1.3 MB | 63 kB
Progress (4): 23 kB | 43 kB | 0.9/1.3 MB | 63 kB
Progress (4): 23 kB | 43 kB | 0.9/1.3 MB | 63 kB
Progress (4): 23 kB | 43 kB | 0.9/1.3 MB | 63 kB
Progress (4): 23 kB | 43 kB | 0.9/1.3 MB | 63 kB
Progress (4): 23 kB | 43 kB | 1.0/1.3 MB | 63 kB
Progress (4): 23 kB | 43 kB | 1.0/1.3 MB | 63 kB
Progress (4): 23 kB | 43 kB | 1.0/1.3 MB | 63 kB
Progress (4): 23 kB | 43 kB | 1.0/1.3 MB | 63 kB
Progress (4): 23 kB | 43 kB | 1.0/1.3 MB | 63 kB
Progress (4): 23 kB | 43 kB | 1.0/1.3 MB | 63 kB
Progress (4): 23 kB | 43 kB | 1.0/1.3 MB | 63 kB
Progress (4): 23 kB | 43 kB | 1.0/1.3 MB | 63 kB
Progress (4): 23 kB | 43 kB | 1.0/1.3 MB | 63 kB
Progress (4): 23 kB | 43 kB | 1.0/1.3 MB | 63 kB
Progress (4): 23 kB | 43 kB | 1.0/1.3 MB | 63 kB
Progress (4): 23 kB | 43 kB | 1.0/1.3 MB | 63 kB
Progress (4): 23 kB | 43 kB | 1.1/1.3 MB | 63 kB
Progress (4): 23 kB | 43 kB | 1.1/1.3 MB | 63 kB
Progress (4): 23 kB | 43 kB | 1.1/1.3 MB | 63 kB
Progress (4): 23 kB | 43 kB | 1.1/1.3 MB | 63 kB
Progress (4): 23 kB | 43 kB | 1.1/1.3 MB | 63 kB
Progress (4): 23 kB | 43 kB | 1.1/1.3 MB | 63 kB
Progress (4): 23 kB | 43 kB | 1.1/1.3 MB | 63 kB
Progress (4): 23 kB | 43 kB | 1.2/1.3 MB | 63 kB
Progress (4): 23 kB | 43 kB | 1.2/1.3 MB | 63 kB
Progress (4): 23 kB | 43 kB | 1.2/1.3 MB | 63 kB
Progress (4): 23 kB | 43 kB | 1.2/1.3 MB | 63 kB
Progress (4): 23 kB | 43 kB | 1.2/1.3 MB | 63 kB
Progress (4): 23 kB | 43 kB | 1.2/1.3 MB | 63 kB
Progress (4): 23 kB | 43 kB | 1.2/1.3 MB | 63 kB
Progress (4): 23 kB | 43 kB | 1.2/1.3 MB | 63 kB
Progress (4): 23 kB | 43 kB | 1.2/1.3 MB | 63 kB
Progress (4): 23 kB | 43 kB | 1.3/1.3 MB | 63 kB
Progress (4): 23 kB | 43 kB | 1.3/1.3 MB | 63 kB
Progress (4): 23 kB | 43 kB | 1.3/1.3 MB | 63 kB
Progress (4): 23 kB | 43 kB | 1.3/1.3 MB | 63 kB
Progress (4): 23 kB | 43 kB | 1.3/1.3 MB | 63 kB
Progress (4): 23 kB | 43 kB | 1.3/1.3 MB | 63 kB
Progress (4): 23 kB | 43 kB | 1.3 MB | 63 kB    
Progress (5): 23 kB | 43 kB | 1.3 MB | 63 kB | 7.2/68 kB
Progress (5): 23 kB | 43 kB | 1.3 MB | 63 kB | 15/68 kB 
Progress (5): 23 kB | 43 kB | 1.3 MB | 63 kB | 27/68 kB
Progress (5): 23 kB | 43 kB | 1.3 MB | 63 kB | 43/68 kB
Progress (5): 23 kB | 43 kB | 1.3 MB | 63 kB | 54/68 kB
Progress (5): 23 kB | 43 kB | 1.3 MB | 63 kB | 68 kB   
                                                    
Downloaded from aliyunmaven: https://maven.aliyun.com/repository/public/org/jboss/logging/jboss-logging/3.6.3.Final/jboss-logging-3.6.3.Final.jar (63 kB at 97 kB/s)
Downloading from aliyunmaven: https://maven.aliyun.com/repository/public/io/swagger/core/v3/swagger-core-jakarta/2.2.30/swagger-core-jakarta-2.2.30.jar
Downloaded from aliyunmaven: https://maven.aliyun.com/repository/public/org/hibernate/validator/hibernate-validator/8.0.3.Final/hibernate-validator-8.0.3.Final.jar (1.3 MB at 2.0 MB/s)
Downloading from aliyunmaven: https://maven.aliyun.com/repository/public/org/apache/commons/commons-lang3/3.17.0/commons-lang3-3.17.0.jar
Downloaded from aliyunmaven: https://maven.aliyun.com/repository/public/com/fasterxml/classmate/1.7.3/classmate-1.7.3.jar (68 kB at 105 kB/s)
Downloading from aliyunmaven: https://maven.aliyun.com/repository/public/io/swagger/core/v3/swagger-annotations-jakarta/2.2.30/swagger-annotations-jakarta-2.2.30.jar
Progress (3): 23 kB | 43 kB | 7.2/674 kB
Progress (3): 23 kB | 43 kB | 15/674 kB 
Progress (3): 23 kB | 43 kB | 32/674 kB
Progress (3): 23 kB | 43 kB | 48/674 kB
Progress (3): 23 kB | 43 kB | 64/674 kB
Progress (3): 23 kB | 43 kB | 81/674 kB
Progress (3): 23 kB | 43 kB | 97/674 kB
Progress (3): 23 kB | 43 kB | 114/674 kB
Progress (3): 23 kB | 43 kB | 130/674 kB
Progress (3): 23 kB | 43 kB | 146/674 kB
Progress (3): 23 kB | 43 kB | 163/674 kB
Progress (3): 23 kB | 43 kB | 179/674 kB
Progress (3): 23 kB | 43 kB | 196/674 kB
Progress (3): 23 kB | 43 kB | 212/674 kB
Progress (3): 23 kB | 43 kB | 228/674 kB
Progress (3): 23 kB | 43 kB | 245/674 kB
Progress (3): 23 kB | 43 kB | 261/674 kB
Progress (3): 23 kB | 43 kB | 277/674 kB
Progress (3): 23 kB | 43 kB | 294/674 kB
Progress (3): 23 kB | 43 kB | 310/674 kB
Progress (3): 23 kB | 43 kB | 327/674 kB
Progress (3): 23 kB | 43 kB | 343/674 kB
Progress (3): 23 kB | 43 kB | 359/674 kB
Progress (3): 23 kB | 43 kB | 376/674 kB
Progress (3): 23 kB | 43 kB | 392/674 kB
Progress (3): 23 kB | 43 kB | 409/674 kB
Progress (3): 23 kB | 43 kB | 425/674 kB
Progress (3): 23 kB | 43 kB | 441/674 kB
Progress (3): 23 kB | 43 kB | 458/674 kB
Progress (3): 23 kB | 43 kB | 474/674 kB
Progress (3): 23 kB | 43 kB | 490/674 kB
Progress (3): 23 kB | 43 kB | 507/674 kB
Progress (3): 23 kB | 43 kB | 523/674 kB
Progress (3): 23 kB | 43 kB | 524/674 kB
Progress (3): 23 kB | 43 kB | 541/674 kB
Progress (3): 23 kB | 43 kB | 557/674 kB
Progress (3): 23 kB | 43 kB | 573/674 kB
Progress (3): 23 kB | 43 kB | 590/674 kB
Progress (3): 23 kB | 43 kB | 606/674 kB
Progress (3): 23 kB | 43 kB | 623/674 kB
Progress (3): 23 kB | 43 kB | 639/674 kB
Progress (3): 23 kB | 43 kB | 655/674 kB
Progress (3): 23 kB | 43 kB | 672/674 kB
Progress (3): 23 kB | 43 kB | 674 kB    
Progress (4): 23 kB | 43 kB | 674 kB | 7.2/50 kB
Progress (4): 23 kB | 43 kB | 674 kB | 15/50 kB 
Progress (4): 23 kB | 43 kB | 674 kB | 32/50 kB
Progress (4): 23 kB | 43 kB | 674 kB | 48/50 kB
Progress (4): 23 kB | 43 kB | 674 kB | 50 kB   
Progress (5): 23 kB | 43 kB | 674 kB | 50 kB | 7.3/250 kB
Progress (5): 23 kB | 43 kB | 674 kB | 50 kB | 15/250 kB 
Progress (5): 23 kB | 43 kB | 674 kB | 50 kB | 32/250 kB
Progress (5): 23 kB | 43 kB | 674 kB | 50 kB | 48/250 kB
Progress (5): 23 kB | 43 kB | 674 kB | 50 kB | 64/250 kB
Progress (5): 23 kB | 43 kB | 674 kB | 50 kB | 81/250 kB
Progress (5): 23 kB | 43 kB | 674 kB | 50 kB | 97/250 kB
Progress (5): 23 kB | 43 kB | 674 kB | 50 kB | 114/250 kB
Progress (5): 23 kB | 43 kB | 674 kB | 50 kB | 130/250 kB
Progress (5): 23 kB | 43 kB | 674 kB | 50 kB | 146/250 kB
Progress (5): 23 kB | 43 kB | 674 kB | 50 kB | 163/250 kB
Progress (5): 23 kB | 43 kB | 674 kB | 50 kB | 179/250 kB
Progress (5): 23 kB | 43 kB | 674 kB | 50 kB | 196/250 kB
Progress (5): 23 kB | 43 kB | 674 kB | 50 kB | 212/250 kB
Progress (5): 23 kB | 43 kB | 674 kB | 50 kB | 228/250 kB
Progress (5): 23 kB | 43 kB | 674 kB | 50 kB | 245/250 kB
Progress (5): 23 kB | 43 kB | 674 kB | 50 kB | 250 kB    
                                                     
Downloaded from aliyunmaven: https://maven.aliyun.com/repository/public/org/apache/commons/commons-lang3/3.17.0/commons-lang3-3.17.0.jar (674 kB at 932 kB/s)
Downloading from aliyunmaven: https://maven.aliyun.com/repository/public/io/swagger/core/v3/swagger-models-jakarta/2.2.30/swagger-models-jakarta-2.2.30.jar
Progress (5): 23 kB | 43 kB | 50 kB | 250 kB | 7.3/140 kB
Progress (5): 23 kB | 43 kB | 50 kB | 250 kB | 15/140 kB 
Progress (5): 23 kB | 43 kB | 50 kB | 250 kB | 32/140 kB
Progress (5): 23 kB | 43 kB | 50 kB | 250 kB | 48/140 kB
Progress (5): 23 kB | 43 kB | 50 kB | 250 kB | 64/140 kB
Progress (5): 23 kB | 43 kB | 50 kB | 250 kB | 81/140 kB
Progress (5): 23 kB | 43 kB | 50 kB | 250 kB | 97/140 kB
Progress (5): 23 kB | 43 kB | 50 kB | 250 kB | 114/140 kB
Progress (5): 23 kB | 43 kB | 50 kB | 250 kB | 130/140 kB
Progress (5): 23 kB | 43 kB | 50 kB | 250 kB | 140 kB    
                                                     
Downloaded from aliyunmaven: https://maven.aliyun.com/repository/public/org/springdoc/springdoc-openapi-starter-webmvc-ui/2.8.9/springdoc-openapi-starter-webmvc-ui-2.8.9.jar (23 kB at 28 kB/s)
Downloading from aliyunmaven: https://maven.aliyun.com/repository/public/jakarta/validation/jakarta.validation-api/3.0.2/jakarta.validation-api-3.0.2.jar
Progress (5): 43 kB | 50 kB | 250 kB | 140 kB | 7.3/93 kB
Progress (5): 43 kB | 50 kB | 250 kB | 140 kB | 15/93 kB 
Progress (5): 43 kB | 50 kB | 250 kB | 140 kB | 32/93 kB
Progress (5): 43 kB | 50 kB | 250 kB | 140 kB | 48/93 kB
Progress (5): 43 kB | 50 kB | 250 kB | 140 kB | 65/93 kB
Progress (5): 43 kB | 50 kB | 250 kB | 140 kB | 81/93 kB
Progress (5): 43 kB | 50 kB | 250 kB | 140 kB | 93 kB   
                                                     
Downloaded from aliyunmaven: https://maven.aliyun.com/repository/public/jakarta/validation/jakarta.validation-api/3.0.2/jakarta.validation-api-3.0.2.jar (93 kB at 107 kB/s)
Downloading from aliyunmaven: https://maven.aliyun.com/repository/public/com/fasterxml/jackson/dataformat/jackson-dataformat-yaml/2.21.4/jackson-dataformat-yaml-2.21.4.jar
Downloaded from aliyunmaven: https://maven.aliyun.com/repository/public/io/swagger/core/v3/swagger-core-jakarta/2.2.30/swagger-core-jakarta-2.2.30.jar (250 kB at 283 kB/s)
Downloading from aliyunmaven: https://maven.aliyun.com/repository/public/org/webjars/swagger-ui/5.21.0/swagger-ui-5.21.0.jar
Progress (4): 43 kB | 50 kB | 140 kB | 7.3/61 kB
Progress (4): 43 kB | 50 kB | 140 kB | 15/61 kB 
Progress (4): 43 kB | 50 kB | 140 kB | 32/61 kB
Progress (4): 43 kB | 50 kB | 140 kB | 48/61 kB
Progress (4): 43 kB | 50 kB | 140 kB | 61 kB   
Progress (5): 43 kB | 50 kB | 140 kB | 61 kB | 0/3.2 MB
Progress (5): 43 kB | 50 kB | 140 kB | 61 kB | 0/3.2 MB
Progress (5): 43 kB | 50 kB | 140 kB | 61 kB | 0/3.2 MB
Progress (5): 43 kB | 50 kB | 140 kB | 61 kB | 0/3.2 MB
Progress (5): 43 kB | 50 kB | 140 kB | 61 kB | 0.1/3.2 MB
Progress (5): 43 kB | 50 kB | 140 kB | 61 kB | 0.1/3.2 MB
Progress (5): 43 kB | 50 kB | 140 kB | 61 kB | 0.1/3.2 MB
Progress (5): 43 kB | 50 kB | 140 kB | 61 kB | 0.1/3.2 MB
Progress (5): 43 kB | 50 kB | 140 kB | 61 kB | 0.1/3.2 MB
Progress (5): 43 kB | 50 kB | 140 kB | 61 kB | 0.1/3.2 MB
Progress (5): 43 kB | 50 kB | 140 kB | 61 kB | 0.1/3.2 MB
Progress (5): 43 kB | 50 kB | 140 kB | 61 kB | 0.2/3.2 MB
Progress (5): 43 kB | 50 kB | 140 kB | 61 kB | 0.2/3.2 MB
Progress (5): 43 kB | 50 kB | 140 kB | 61 kB | 0.2/3.2 MB
Progress (5): 43 kB | 50 kB | 140 kB | 61 kB | 0.2/3.2 MB
Progress (5): 43 kB | 50 kB | 140 kB | 61 kB | 0.2/3.2 MB
Progress (5): 43 kB | 50 kB | 140 kB | 61 kB | 0.2/3.2 MB
Progress (5): 43 kB | 50 kB | 140 kB | 61 kB | 0.2/3.2 MB
Progress (5): 43 kB | 50 kB | 140 kB | 61 kB | 0.3/3.2 MB
Progress (5): 43 kB | 50 kB | 140 kB | 61 kB | 0.3/3.2 MB
Progress (5): 43 kB | 50 kB | 140 kB | 61 kB | 0.3/3.2 MB
Progress (5): 43 kB | 50 kB | 140 kB | 61 kB | 0.3/3.2 MB
Progress (5): 43 kB | 50 kB | 140 kB | 61 kB | 0.3/3.2 MB
Progress (5): 43 kB | 50 kB | 140 kB | 61 kB | 0.3/3.2 MB
Progress (5): 43 kB | 50 kB | 140 kB | 61 kB | 0.3/3.2 MB
Progress (5): 43 kB | 50 kB | 140 kB | 61 kB | 0.3/3.2 MB
Progress (5): 43 kB | 50 kB | 140 kB | 61 kB | 0.4/3.2 MB
Progress (5): 43 kB | 50 kB | 140 kB | 61 kB | 0.4/3.2 MB
Progress (5): 43 kB | 50 kB | 140 kB | 61 kB | 0.4/3.2 MB
Progress (5): 43 kB | 50 kB | 140 kB | 61 kB | 0.4/3.2 MB
Progress (5): 43 kB | 50 kB | 140 kB | 61 kB | 0.4/3.2 MB
Progress (5): 43 kB | 50 kB | 140 kB | 61 kB | 0.4/3.2 MB
Progress (5): 43 kB | 50 kB | 140 kB | 61 kB | 0.5/3.2 MB
Progress (5): 43 kB | 50 kB | 140 kB | 61 kB | 0.5/3.2 MB
Progress (5): 43 kB | 50 kB | 140 kB | 61 kB | 0.5/3.2 MB
Progress (5): 43 kB | 50 kB | 140 kB | 61 kB | 0.5/3.2 MB
Progress (5): 43 kB | 50 kB | 140 kB | 61 kB | 0.5/3.2 MB
Progress (5): 43 kB | 50 kB | 140 kB | 61 kB | 0.5/3.2 MB
Progress (5): 43 kB | 50 kB | 140 kB | 61 kB | 0.5/3.2 MB
Progress (5): 43 kB | 50 kB | 140 kB | 61 kB | 0.5/3.2 MB
Progress (5): 43 kB | 50 kB | 140 kB | 61 kB | 0.5/3.2 MB
Progress (5): 43 kB | 50 kB | 140 kB | 61 kB | 0.5/3.2 MB
Progress (5): 43 kB | 50 kB | 140 kB | 61 kB | 0.6/3.2 MB
Progress (5): 43 kB | 50 kB | 140 kB | 61 kB | 0.6/3.2 MB
Progress (5): 43 kB | 50 kB | 140 kB | 61 kB | 0.6/3.2 MB
Progress (5): 43 kB | 50 kB | 140 kB | 61 kB | 0.6/3.2 MB
Progress (5): 43 kB | 50 kB | 140 kB | 61 kB | 0.6/3.2 MB
Progress (5): 43 kB | 50 kB | 140 kB | 61 kB | 0.6/3.2 MB
Progress (5): 43 kB | 50 kB | 140 kB | 61 kB | 0.7/3.2 MB
Progress (5): 43 kB | 50 kB | 140 kB | 61 kB | 0.7/3.2 MB
Progress (5): 43 kB | 50 kB | 140 kB | 61 kB | 0.7/3.2 MB
Progress (5): 43 kB | 50 kB | 140 kB | 61 kB | 0.7/3.2 MB
Progress (5): 43 kB | 50 kB | 140 kB | 61 kB | 0.7/3.2 MB
Progress (5): 43 kB | 50 kB | 140 kB | 61 kB | 0.7/3.2 MB
Progress (5): 43 kB | 50 kB | 140 kB | 61 kB | 0.8/3.2 MB
Progress (5): 43 kB | 50 kB | 140 kB | 61 kB | 0.8/3.2 MB
Progress (5): 43 kB | 50 kB | 140 kB | 61 kB | 0.8/3.2 MB
Progress (5): 43 kB | 50 kB | 140 kB | 61 kB | 0.8/3.2 MB
Progress (5): 43 kB | 50 kB | 140 kB | 61 kB | 0.8/3.2 MB
Progress (5): 43 kB | 50 kB | 140 kB | 61 kB | 0.8/3.2 MB
Progress (5): 43 kB | 50 kB | 140 kB | 61 kB | 0.8/3.2 MB
Progress (5): 43 kB | 50 kB | 140 kB | 61 kB | 0.9/3.2 MB
Progress (5): 43 kB | 50 kB | 140 kB | 61 kB | 0.9/3.2 MB
Progress (5): 43 kB | 50 kB | 140 kB | 61 kB | 0.9/3.2 MB
Progress (5): 43 kB | 50 kB | 140 kB | 61 kB | 0.9/3.2 MB
Progress (5): 43 kB | 50 kB | 140 kB | 61 kB | 0.9/3.2 MB
Progress (5): 43 kB | 50 kB | 140 kB | 61 kB | 0.9/3.2 MB
Progress (5): 43 kB | 50 kB | 140 kB | 61 kB | 0.9/3.2 MB
Progress (5): 43 kB | 50 kB | 140 kB | 61 kB | 0.9/3.2 MB
Progress (5): 43 kB | 50 kB | 140 kB | 61 kB | 1.0/3.2 MB
Progress (5): 43 kB | 50 kB | 140 kB | 61 kB | 1.0/3.2 MB
Progress (5): 43 kB | 50 kB | 140 kB | 61 kB | 1.0/3.2 MB
Progress (5): 43 kB | 50 kB | 140 kB | 61 kB | 1.0/3.2 MB
Progress (5): 43 kB | 50 kB | 140 kB | 61 kB | 1.0/3.2 MB
Progress (5): 43 kB | 50 kB | 140 kB | 61 kB | 1.0/3.2 MB
Progress (5): 43 kB | 50 kB | 140 kB | 61 kB | 1.0/3.2 MB
Progress (5): 43 kB | 50 kB | 140 kB | 61 kB | 1.1/3.2 MB
Progress (5): 43 kB | 50 kB | 140 kB | 61 kB | 1.1/3.2 MB
Progress (5): 43 kB | 50 kB | 140 kB | 61 kB | 1.1/3.2 MB
Progress (5): 43 kB | 50 kB | 140 kB | 61 kB | 1.1/3.2 MB
Progress (5): 43 kB | 50 kB | 140 kB | 61 kB | 1.1/3.2 MB
Progress (5): 43 kB | 50 kB | 140 kB | 61 kB | 1.1/3.2 MB
Progress (5): 43 kB | 50 kB | 140 kB | 61 kB | 1.1/3.2 MB
Progress (5): 43 kB | 50 kB | 140 kB | 61 kB | 1.2/3.2 MB
Progress (5): 43 kB | 50 kB | 140 kB | 61 kB | 1.2/3.2 MB
Progress (5): 43 kB | 50 kB | 140 kB | 61 kB | 1.2/3.2 MB
Progress (5): 43 kB | 50 kB | 140 kB | 61 kB | 1.2/3.2 MB
Progress (5): 43 kB | 50 kB | 140 kB | 61 kB | 1.2/3.2 MB
Progress (5): 43 kB | 50 kB | 140 kB | 61 kB | 1.2/3.2 MB
Progress (5): 43 kB | 50 kB | 140 kB | 61 kB | 1.3/3.2 MB
Progress (5): 43 kB | 50 kB | 140 kB | 61 kB | 1.3/3.2 MB
Progress (5): 43 kB | 50 kB | 140 kB | 61 kB | 1.3/3.2 MB
Progress (5): 43 kB | 50 kB | 140 kB | 61 kB | 1.3/3.2 MB
Progress (5): 43 kB | 50 kB | 140 kB | 61 kB | 1.3/3.2 MB
Progress (5): 43 kB | 50 kB | 140 kB | 61 kB | 1.3/3.2 MB
Progress (5): 43 kB | 50 kB | 140 kB | 61 kB | 1.4/3.2 MB
Progress (5): 43 kB | 50 kB | 140 kB | 61 kB | 1.4/3.2 MB
Progress (5): 43 kB | 50 kB | 140 kB | 61 kB | 1.4/3.2 MB
Progress (5): 43 kB | 50 kB | 140 kB | 61 kB | 1.4/3.2 MB
Progress (5): 43 kB | 50 kB | 140 kB | 61 kB | 1.4/3.2 MB
Progress (5): 43 kB | 50 kB | 140 kB | 61 kB | 1.4/3.2 MB
Progress (5): 43 kB | 50 kB | 140 kB | 61 kB | 1.4/3.2 MB
Progress (5): 43 kB | 50 kB | 140 kB | 61 kB | 1.5/3.2 MB
Progress (5): 43 kB | 50 kB | 140 kB | 61 kB | 1.5/3.2 MB
Progress (5): 43 kB | 50 kB | 140 kB | 61 kB | 1.5/3.2 MB
Progress (5): 43 kB | 50 kB | 140 kB | 61 kB | 1.5/3.2 MB
Progress (5): 43 kB | 50 kB | 140 kB | 61 kB | 1.5/3.2 MB
Progress (5): 43 kB | 50 kB | 140 kB | 61 kB | 1.5/3.2 MB
Progress (5): 43 kB | 50 kB | 140 kB | 61 kB | 1.5/3.2 MB
Progress (5): 43 kB | 50 kB | 140 kB | 61 kB | 1.5/3.2 MB
Progress (5): 43 kB | 50 kB | 140 kB | 61 kB | 1.6/3.2 MB
Progress (5): 43 kB | 50 kB | 140 kB | 61 kB | 1.6/3.2 MB
                                                         
Downloaded from aliyunmaven: https://maven.aliyun.com/repository/public/com/fasterxml/jackson/dataformat/jackson-dataformat-yaml/2.21.4/jackson-dataformat-yaml-2.21.4.jar (61 kB at 66 kB/s)
Downloading from aliyunmaven: https://maven.aliyun.com/repository/public/org/webjars/webjars-locator-lite/1.1.3/webjars-locator-lite-1.1.3.jar
Progress (4): 43 kB | 50 kB | 140 kB | 1.6/3.2 MB
Progress (4): 43 kB | 50 kB | 140 kB | 1.6/3.2 MB
Progress (4): 43 kB | 50 kB | 140 kB | 1.6/3.2 MB
Progress (4): 43 kB | 50 kB | 140 kB | 1.6/3.2 MB
Progress (4): 43 kB | 50 kB | 140 kB | 1.6/3.2 MB
Progress (4): 43 kB | 50 kB | 140 kB | 1.7/3.2 MB
Progress (4): 43 kB | 50 kB | 140 kB | 1.7/3.2 MB
Progress (4): 43 kB | 50 kB | 140 kB | 1.7/3.2 MB
Progress (4): 43 kB | 50 kB | 140 kB | 1.7/3.2 MB
Progress (4): 43 kB | 50 kB | 140 kB | 1.7/3.2 MB
Progress (4): 43 kB | 50 kB | 140 kB | 1.7/3.2 MB
Progress (4): 43 kB | 50 kB | 140 kB | 1.8/3.2 MB
Progress (4): 43 kB | 50 kB | 140 kB | 1.8/3.2 MB
Progress (4): 43 kB | 50 kB | 140 kB | 1.8/3.2 MB
Progress (4): 43 kB | 50 kB | 140 kB | 1.8/3.2 MB
Progress (4): 43 kB | 50 kB | 140 kB | 1.8/3.2 MB
Progress (4): 43 kB | 50 kB | 140 kB | 1.8/3.2 MB
Progress (4): 43 kB | 50 kB | 140 kB | 1.8/3.2 MB
Progress (4): 43 kB | 50 kB | 140 kB | 1.8/3.2 MB
Progress (4): 43 kB | 50 kB | 140 kB | 1.9/3.2 MB
Progress (4): 43 kB | 50 kB | 140 kB | 1.9/3.2 MB
Progress (4): 43 kB | 50 kB | 140 kB | 1.9/3.2 MB
Progress (4): 43 kB | 50 kB | 140 kB | 1.9/3.2 MB
Progress (4): 43 kB | 50 kB | 140 kB | 1.9/3.2 MB
Progress (4): 43 kB | 50 kB | 140 kB | 1.9/3.2 MB
Progress (4): 43 kB | 50 kB | 140 kB | 1.9/3.2 MB
Progress (4): 43 kB | 50 kB | 140 kB | 2.0/3.2 MB
Progress (4): 43 kB | 50 kB | 140 kB | 2.0/3.2 MB
Progress (4): 43 kB | 50 kB | 140 kB | 2.0/3.2 MB
Progress (4): 43 kB | 50 kB | 140 kB | 2.0/3.2 MB
Progress (4): 43 kB | 50 kB | 140 kB | 2.0/3.2 MB
Progress (4): 43 kB | 50 kB | 140 kB | 2.0/3.2 MB
Progress (4): 43 kB | 50 kB | 140 kB | 2.0/3.2 MB
Progress (4): 43 kB | 50 kB | 140 kB | 2.1/3.2 MB
Progress (4): 43 kB | 50 kB | 140 kB | 2.1/3.2 MB
Progress (4): 43 kB | 50 kB | 140 kB | 2.1/3.2 MB
Progress (4): 43 kB | 50 kB | 140 kB | 2.1/3.2 MB
Progress (4): 43 kB | 50 kB | 140 kB | 2.1/3.2 MB
Progress (4): 43 kB | 50 kB | 140 kB | 2.1/3.2 MB
Progress (4): 43 kB | 50 kB | 140 kB | 2.1/3.2 MB
                                                 
Downloaded from aliyunmaven: https://maven.aliyun.com/repository/public/io/swagger/core/v3/swagger-models-jakarta/2.2.30/swagger-models-jakarta-2.2.30.jar (140 kB at 149 kB/s)
Downloading from aliyunmaven: https://maven.aliyun.com/repository/public/org/jspecify/jspecify/1.0.0/jspecify-1.0.0.jar
Downloaded from aliyunmaven: https://maven.aliyun.com/repository/public/org/springdoc/springdoc-openapi-starter-webmvc-api/2.8.9/springdoc-openapi-starter-webmvc-api-2.8.9.jar (43 kB at 45 kB/s)
Progress (2): 50 kB | 2.1/3.2 MB
Progress (2): 50 kB | 2.2/3.2 MB
Progress (2): 50 kB | 2.2/3.2 MB
Progress (2): 50 kB | 2.2/3.2 MB
Progress (2): 50 kB | 2.2/3.2 MB
Progress (2): 50 kB | 2.2/3.2 MB
Progress (2): 50 kB | 2.2/3.2 MB
Progress (2): 50 kB | 2.3/3.2 MB
Progress (2): 50 kB | 2.3/3.2 MB
Progress (2): 50 kB | 2.3/3.2 MB
Progress (2): 50 kB | 2.3/3.2 MB
Progress (2): 50 kB | 2.3/3.2 MB
Progress (2): 50 kB | 2.3/3.2 MB
Progress (2): 50 kB | 2.4/3.2 MB
Progress (2): 50 kB | 2.4/3.2 MB
Progress (2): 50 kB | 2.4/3.2 MB
Progress (2): 50 kB | 2.4/3.2 MB
Progress (2): 50 kB | 2.4/3.2 MB
Progress (2): 50 kB | 2.4/3.2 MB
Progress (2): 50 kB | 2.4/3.2 MB
Progress (2): 50 kB | 2.4/3.2 MB
Progress (2): 50 kB | 2.4/3.2 MB
Progress (2): 50 kB | 2.5/3.2 MB
Progress (2): 50 kB | 2.5/3.2 MB
Progress (2): 50 kB | 2.5/3.2 MB
Progress (2): 50 kB | 2.5/3.2 MB
Progress (2): 50 kB | 2.5/3.2 MB
Progress (3): 50 kB | 2.5/3.2 MB | 7.3/8.7 kB
Progress (3): 50 kB | 2.5/3.2 MB | 8.7 kB    
Progress (3): 50 kB | 2.5/3.2 MB | 8.7 kB
Progress (3): 50 kB | 2.6/3.2 MB | 8.7 kB
Progress (3): 50 kB | 2.6/3.2 MB | 8.7 kB
Progress (3): 50 kB | 2.6/3.2 MB | 8.7 kB
Progress (3): 50 kB | 2.6/3.2 MB | 8.7 kB
Progress (3): 50 kB | 2.6/3.2 MB | 8.7 kB
Progress (3): 50 kB | 2.6/3.2 MB | 8.7 kB
Progress (3): 50 kB | 2.7/3.2 MB | 8.7 kB
Progress (3): 50 kB | 2.7/3.2 MB | 8.7 kB
Progress (3): 50 kB | 2.7/3.2 MB | 8.7 kB
Progress (4): 50 kB | 2.7/3.2 MB | 8.7 kB | 3.8 kB
Progress (4): 50 kB | 2.7/3.2 MB | 8.7 kB | 3.8 kB
Progress (4): 50 kB | 2.7/3.2 MB | 8.7 kB | 3.8 kB
Progress (4): 50 kB | 2.7/3.2 MB | 8.7 kB | 3.8 kB
Progress (4): 50 kB | 2.7/3.2 MB | 8.7 kB | 3.8 kB
Progress (4): 50 kB | 2.8/3.2 MB | 8.7 kB | 3.8 kB
Progress (4): 50 kB | 2.8/3.2 MB | 8.7 kB | 3.8 kB
Progress (4): 50 kB | 2.8/3.2 MB | 8.7 kB | 3.8 kB
Progress (4): 50 kB | 2.8/3.2 MB | 8.7 kB | 3.8 kB
Progress (4): 50 kB | 2.8/3.2 MB | 8.7 kB | 3.8 kB
Progress (4): 50 kB | 2.8/3.2 MB | 8.7 kB | 3.8 kB
Progress (4): 50 kB | 2.8/3.2 MB | 8.7 kB | 3.8 kB
Progress (4): 50 kB | 2.9/3.2 MB | 8.7 kB | 3.8 kB
Progress (4): 50 kB | 2.9/3.2 MB | 8.7 kB | 3.8 kB
Progress (4): 50 kB | 2.9/3.2 MB | 8.7 kB | 3.8 kB
Progress (4): 50 kB | 2.9/3.2 MB | 8.7 kB | 3.8 kB
Progress (4): 50 kB | 2.9/3.2 MB | 8.7 kB | 3.8 kB
Progress (4): 50 kB | 2.9/3.2 MB | 8.7 kB | 3.8 kB
Progress (4): 50 kB | 3.0/3.2 MB | 8.7 kB | 3.8 kB
Progress (4): 50 kB | 3.0/3.2 MB | 8.7 kB | 3.8 kB
Progress (4): 50 kB | 3.0/3.2 MB | 8.7 kB | 3.8 kB
Progress (4): 50 kB | 3.0/3.2 MB | 8.7 kB | 3.8 kB
Progress (4): 50 kB | 3.0/3.2 MB | 8.7 kB | 3.8 kB
Progress (4): 50 kB | 3.0/3.2 MB | 8.7 kB | 3.8 kB
Progress (4): 50 kB | 3.1/3.2 MB | 8.7 kB | 3.8 kB
Progress (4): 50 kB | 3.1/3.2 MB | 8.7 kB | 3.8 kB
Progress (4): 50 kB | 3.1/3.2 MB | 8.7 kB | 3.8 kB
Progress (4): 50 kB | 3.1/3.2 MB | 8.7 kB | 3.8 kB
Progress (4): 50 kB | 3.1/3.2 MB | 8.7 kB | 3.8 kB
Progress (4): 50 kB | 3.1/3.2 MB | 8.7 kB | 3.8 kB
Progress (4): 50 kB | 3.2/3.2 MB | 8.7 kB | 3.8 kB
Progress (4): 50 kB | 3.2/3.2 MB | 8.7 kB | 3.8 kB
Progress (4): 50 kB | 3.2 MB | 8.7 kB | 3.8 kB    
                                              
Downloaded from aliyunmaven: https://maven.aliyun.com/repository/public/org/jspecify/jspecify/1.0.0/jspecify-1.0.0.jar (3.8 kB at 3.8 kB/s)
Downloaded from aliyunmaven: https://maven.aliyun.com/repository/public/org/webjars/webjars-locator-lite/1.1.3/webjars-locator-lite-1.1.3.jar (8.7 kB at 8.3 kB/s)
Downloaded from aliyunmaven: https://maven.aliyun.com/repository/public/org/webjars/swagger-ui/5.21.0/swagger-ui-5.21.0.jar (3.2 MB at 2.7 MB/s)
Downloaded from aliyunmaven: https://maven.aliyun.com/repository/public/io/swagger/core/v3/swagger-annotations-jakarta/2.2.30/swagger-annotations-jakarta-2.2.30.jar (50 kB at 35 kB/s)
[INFO] 
[INFO] --- clean:3.2.0:clean (default-clean) @ mall-common-web ---
[INFO] Deleting D:\Desktop\ai-platform\implementation\ai-platform-backend\mall-common\mall-common-web\target
[INFO] 
[INFO] --- enforcer:3.5.0:enforce (enforce-environment) @ mall-common-web ---
[INFO] 
[INFO] --- resources:3.3.1:resources (default-resources) @ mall-common-web ---
[INFO] Copying 1 resource from src\main\resources to target\classes
[INFO] 
[INFO] --- compiler:3.14.0:compile (default-compile) @ mall-common-web ---
[INFO] Recompiling the module because of changed dependency.
[INFO] Compiling 5 source files with javac [debug release 21] to target\classes
[INFO] 
[INFO] --- resources:3.3.1:testResources (default-testResources) @ mall-common-web ---
[INFO] skip non existing resourceDirectory D:\Desktop\ai-platform\implementation\ai-platform-backend\mall-common\mall-common-web\src\test\resources
[INFO] 
[INFO] --- compiler:3.14.0:testCompile (default-testCompile) @ mall-common-web ---
[INFO] Recompiling the module because of changed dependency.
[INFO] Compiling 5 source files with javac [debug release 21] to target\test-classes
[INFO] 
[INFO] --- surefire:3.5.2:test (default-test) @ mall-common-web ---
[INFO] Tests are skipped.
[INFO] 
[INFO] --- jar:3.5.0:jar (default-jar) @ mall-common-web ---
[INFO] Building jar: D:\Desktop\ai-platform\implementation\ai-platform-backend\mall-common\mall-common-web\target\mall-common-web-1.0.0-SNAPSHOT.jar
[INFO] 
[INFO] ------------------< com.ai-mall:mall-common-security >------------------
[INFO] Building mall-common-security 1.0.0-SNAPSHOT                      [6/24]
[INFO]   from mall-common\mall-common-security\pom.xml
[INFO] --------------------------------[ jar ]---------------------------------
Downloading from aliyunmaven: https://maven.aliyun.com/repository/public/org/springframework/boot/spring-boot-starter-security/3.5.15/spring-boot-starter-security-3.5.15.jar
Progress (1): 1.9/4.7 kB
Progress (1): 4.7 kB    
                    
Downloaded from aliyunmaven: https://maven.aliyun.com/repository/public/org/springframework/boot/spring-boot-starter-security/3.5.15/spring-boot-starter-security-3.5.15.jar (4.7 kB at 66 kB/s)
Downloading from aliyunmaven: https://maven.aliyun.com/repository/public/org/springframework/security/spring-security-core/6.5.11/spring-security-core-6.5.11.jar
Downloading from aliyunmaven: https://maven.aliyun.com/repository/public/org/springframework/security/spring-security-config/6.5.11/spring-security-config-6.5.11.jar
Downloading from aliyunmaven: https://maven.aliyun.com/repository/public/org/springframework/security/spring-security-web/6.5.11/spring-security-web-6.5.11.jar
Downloading from aliyunmaven: https://maven.aliyun.com/repository/public/org/springframework/security/spring-security-crypto/6.5.11/spring-security-crypto-6.5.11.jar
Progress (1): 3.3/623 kB
Progress (1): 20/623 kB 
Progress (1): 36/623 kB
Progress (1): 52/623 kB
Progress (1): 69/623 kB
Progress (1): 85/623 kB
Progress (1): 102/623 kB
Progress (1): 118/623 kB
Progress (1): 134/623 kB
Progress (1): 151/623 kB
Progress (1): 167/623 kB
Progress (1): 184/623 kB
Progress (1): 200/623 kB
Progress (1): 216/623 kB
Progress (1): 233/623 kB
Progress (1): 249/623 kB
Progress (1): 265/623 kB
Progress (1): 282/623 kB
Progress (1): 298/623 kB
Progress (1): 315/623 kB
Progress (1): 331/623 kB
Progress (1): 347/623 kB
Progress (1): 364/623 kB
Progress (1): 380/623 kB
Progress (1): 397/623 kB
Progress (1): 413/623 kB
Progress (1): 429/623 kB
Progress (1): 446/623 kB
Progress (1): 462/623 kB
Progress (1): 478/623 kB
Progress (1): 495/623 kB
Progress (1): 511/623 kB
Progress (1): 528/623 kB
Progress (1): 544/623 kB
Progress (2): 544/623 kB | 0/2.1 MB
Progress (2): 544/623 kB | 0/2.1 MB
Progress (2): 544/623 kB | 0/2.1 MB
Progress (2): 544/623 kB | 0/2.1 MB
Progress (2): 544/623 kB | 0.1/2.1 MB
Progress (2): 544/623 kB | 0.1/2.1 MB
Progress (3): 544/623 kB | 0.1/2.1 MB | 0/1.1 MB
Progress (3): 544/623 kB | 0.1/2.1 MB | 0/1.1 MB
Progress (3): 544/623 kB | 0.1/2.1 MB | 0/1.1 MB
Progress (3): 560/623 kB | 0.1/2.1 MB | 0/1.1 MB
Progress (3): 560/623 kB | 0.1/2.1 MB | 0.1/1.1 MB
Progress (3): 560/623 kB | 0.1/2.1 MB | 0.1/1.1 MB
Progress (3): 577/623 kB | 0.1/2.1 MB | 0.1/1.1 MB
Progress (3): 593/623 kB | 0.1/2.1 MB | 0.1/1.1 MB
Progress (3): 610/623 kB | 0.1/2.1 MB | 0.1/1.1 MB
Progress (3): 623 kB | 0.1/2.1 MB | 0.1/1.1 MB    
Progress (3): 623 kB | 0.1/2.1 MB | 0.1/1.1 MB
Progress (3): 623 kB | 0.1/2.1 MB | 0.1/1.1 MB
Progress (3): 623 kB | 0.1/2.1 MB | 0.1/1.1 MB
Progress (3): 623 kB | 0.1/2.1 MB | 0.1/1.1 MB
Progress (3): 623 kB | 0.1/2.1 MB | 0.1/1.1 MB
Progress (3): 623 kB | 0.1/2.1 MB | 0.1/1.1 MB
Progress (3): 623 kB | 0.1/2.1 MB | 0.1/1.1 MB
Progress (3): 623 kB | 0.1/2.1 MB | 0.1/1.1 MB
Progress (3): 623 kB | 0.2/2.1 MB | 0.1/1.1 MB
Progress (3): 623 kB | 0.2/2.1 MB | 0.1/1.1 MB
Progress (3): 623 kB | 0.2/2.1 MB | 0.1/1.1 MB
Progress (3): 623 kB | 0.2/2.1 MB | 0.1/1.1 MB
Progress (3): 623 kB | 0.2/2.1 MB | 0.1/1.1 MB
Progress (3): 623 kB | 0.2/2.1 MB | 0.1/1.1 MB
Progress (3): 623 kB | 0.2/2.1 MB | 0.1/1.1 MB
Progress (3): 623 kB | 0.2/2.1 MB | 0.1/1.1 MB
Progress (3): 623 kB | 0.2/2.1 MB | 0.1/1.1 MB
Progress (3): 623 kB | 0.3/2.1 MB | 0.1/1.1 MB
Progress (3): 623 kB | 0.3/2.1 MB | 0.1/1.1 MB
Progress (3): 623 kB | 0.3/2.1 MB | 0.1/1.1 MB
Progress (3): 623 kB | 0.3/2.1 MB | 0.2/1.1 MB
Progress (3): 623 kB | 0.3/2.1 MB | 0.2/1.1 MB
Progress (3): 623 kB | 0.3/2.1 MB | 0.2/1.1 MB
Progress (3): 623 kB | 0.3/2.1 MB | 0.2/1.1 MB
Progress (3): 623 kB | 0.3/2.1 MB | 0.2/1.1 MB
Progress (3): 623 kB | 0.3/2.1 MB | 0.2/1.1 MB
Progress (3): 623 kB | 0.3/2.1 MB | 0.2/1.1 MB
Progress (3): 623 kB | 0.3/2.1 MB | 0.2/1.1 MB
Progress (3): 623 kB | 0.3/2.1 MB | 0.2/1.1 MB
Progress (3): 623 kB | 0.3/2.1 MB | 0.2/1.1 MB
Progress (3): 623 kB | 0.3/2.1 MB | 0.2/1.1 MB
Progress (3): 623 kB | 0.3/2.1 MB | 0.2/1.1 MB
Progress (3): 623 kB | 0.3/2.1 MB | 0.3/1.1 MB
Progress (3): 623 kB | 0.3/2.1 MB | 0.3/1.1 MB
Progress (3): 623 kB | 0.3/2.1 MB | 0.3/1.1 MB
Progress (3): 623 kB | 0.4/2.1 MB | 0.3/1.1 MB
Progress (3): 623 kB | 0.4/2.1 MB | 0.3/1.1 MB
Progress (3): 623 kB | 0.4/2.1 MB | 0.3/1.1 MB
Progress (3): 623 kB | 0.4/2.1 MB | 0.3/1.1 MB
Progress (3): 623 kB | 0.4/2.1 MB | 0.3/1.1 MB
Progress (3): 623 kB | 0.4/2.1 MB | 0.3/1.1 MB
Progress (3): 623 kB | 0.4/2.1 MB | 0.3/1.1 MB
Progress (3): 623 kB | 0.4/2.1 MB | 0.3/1.1 MB
Progress (3): 623 kB | 0.4/2.1 MB | 0.3/1.1 MB
Progress (3): 623 kB | 0.4/2.1 MB | 0.3/1.1 MB
Progress (3): 623 kB | 0.4/2.1 MB | 0.3/1.1 MB
Progress (3): 623 kB | 0.4/2.1 MB | 0.3/1.1 MB
Progress (3): 623 kB | 0.4/2.1 MB | 0.3/1.1 MB
Progress (3): 623 kB | 0.4/2.1 MB | 0.3/1.1 MB
Progress (3): 623 kB | 0.4/2.1 MB | 0.3/1.1 MB
Progress (3): 623 kB | 0.4/2.1 MB | 0.3/1.1 MB
Progress (3): 623 kB | 0.5/2.1 MB | 0.3/1.1 MB
Progress (3): 623 kB | 0.5/2.1 MB | 0.3/1.1 MB
Progress (3): 623 kB | 0.5/2.1 MB | 0.3/1.1 MB
Progress (3): 623 kB | 0.5/2.1 MB | 0.4/1.1 MB
Progress (3): 623 kB | 0.5/2.1 MB | 0.4/1.1 MB
Progress (3): 623 kB | 0.5/2.1 MB | 0.4/1.1 MB
Progress (4): 623 kB | 0.5/2.1 MB | 0.4/1.1 MB | 7.3/105 kB
Progress (4): 623 kB | 0.5/2.1 MB | 0.4/1.1 MB | 15/105 kB 
Progress (4): 623 kB | 0.5/2.1 MB | 0.4/1.1 MB | 15/105 kB
Progress (4): 623 kB | 0.5/2.1 MB | 0.4/1.1 MB | 32/105 kB
Progress (4): 623 kB | 0.5/2.1 MB | 0.4/1.1 MB | 32/105 kB
Progress (4): 623 kB | 0.5/2.1 MB | 0.4/1.1 MB | 48/105 kB
Progress (4): 623 kB | 0.5/2.1 MB | 0.4/1.1 MB | 64/105 kB
Progress (4): 623 kB | 0.5/2.1 MB | 0.4/1.1 MB | 64/105 kB
Progress (4): 623 kB | 0.5/2.1 MB | 0.4/1.1 MB | 64/105 kB
Progress (4): 623 kB | 0.5/2.1 MB | 0.4/1.1 MB | 64/105 kB
Progress (4): 623 kB | 0.5/2.1 MB | 0.4/1.1 MB | 64/105 kB
Progress (4): 623 kB | 0.5/2.1 MB | 0.4/1.1 MB | 64/105 kB
Progress (4): 623 kB | 0.5/2.1 MB | 0.4/1.1 MB | 81/105 kB
Progress (4): 623 kB | 0.5/2.1 MB | 0.4/1.1 MB | 97/105 kB
Progress (4): 623 kB | 0.5/2.1 MB | 0.4/1.1 MB | 105 kB   
Progress (4): 623 kB | 0.5/2.1 MB | 0.4/1.1 MB | 105 kB
Progress (4): 623 kB | 0.5/2.1 MB | 0.4/1.1 MB | 105 kB
Progress (4): 623 kB | 0.5/2.1 MB | 0.4/1.1 MB | 105 kB
Progress (4): 623 kB | 0.5/2.1 MB | 0.4/1.1 MB | 105 kB
Progress (4): 623 kB | 0.5/2.1 MB | 0.5/1.1 MB | 105 kB
Progress (4): 623 kB | 0.5/2.1 MB | 0.5/1.1 MB | 105 kB
Progress (4): 623 kB | 0.5/2.1 MB | 0.5/1.1 MB | 105 kB
Progress (4): 623 kB | 0.5/2.1 MB | 0.5/1.1 MB | 105 kB
Progress (4): 623 kB | 0.5/2.1 MB | 0.5/1.1 MB | 105 kB
Progress (4): 623 kB | 0.5/2.1 MB | 0.5/1.1 MB | 105 kB
Progress (4): 623 kB | 0.5/2.1 MB | 0.5/1.1 MB | 105 kB
Progress (4): 623 kB | 0.5/2.1 MB | 0.5/1.1 MB | 105 kB
Progress (4): 623 kB | 0.6/2.1 MB | 0.5/1.1 MB | 105 kB
Progress (4): 623 kB | 0.6/2.1 MB | 0.5/1.1 MB | 105 kB
Progress (4): 623 kB | 0.6/2.1 MB | 0.5/1.1 MB | 105 kB
Progress (4): 623 kB | 0.6/2.1 MB | 0.5/1.1 MB | 105 kB
Progress (4): 623 kB | 0.6/2.1 MB | 0.5/1.1 MB | 105 kB
Progress (4): 623 kB | 0.6/2.1 MB | 0.5/1.1 MB | 105 kB
Progress (4): 623 kB | 0.7/2.1 MB | 0.5/1.1 MB | 105 kB
Progress (4): 623 kB | 0.7/2.1 MB | 0.5/1.1 MB | 105 kB
Progress (4): 623 kB | 0.7/2.1 MB | 0.5/1.1 MB | 105 kB
Progress (4): 623 kB | 0.7/2.1 MB | 0.5/1.1 MB | 105 kB
Progress (4): 623 kB | 0.7/2.1 MB | 0.6/1.1 MB | 105 kB
Progress (4): 623 kB | 0.7/2.1 MB | 0.6/1.1 MB | 105 kB
Progress (4): 623 kB | 0.7/2.1 MB | 0.6/1.1 MB | 105 kB
Progress (4): 623 kB | 0.7/2.1 MB | 0.6/1.1 MB | 105 kB
Progress (4): 623 kB | 0.8/2.1 MB | 0.6/1.1 MB | 105 kB
Progress (4): 623 kB | 0.8/2.1 MB | 0.6/1.1 MB | 105 kB
Progress (4): 623 kB | 0.8/2.1 MB | 0.6/1.1 MB | 105 kB
Progress (4): 623 kB | 0.8/2.1 MB | 0.6/1.1 MB | 105 kB
Progress (4): 623 kB | 0.8/2.1 MB | 0.6/1.1 MB | 105 kB
Progress (4): 623 kB | 0.8/2.1 MB | 0.6/1.1 MB | 105 kB
Progress (4): 623 kB | 0.8/2.1 MB | 0.6/1.1 MB | 105 kB
Progress (4): 623 kB | 0.8/2.1 MB | 0.6/1.1 MB | 105 kB
Progress (4): 623 kB | 0.8/2.1 MB | 0.6/1.1 MB | 105 kB
Progress (4): 623 kB | 0.8/2.1 MB | 0.6/1.1 MB | 105 kB
Progress (4): 623 kB | 0.8/2.1 MB | 0.7/1.1 MB | 105 kB
Progress (4): 623 kB | 0.8/2.1 MB | 0.7/1.1 MB | 105 kB
Progress (4): 623 kB | 0.8/2.1 MB | 0.7/1.1 MB | 105 kB
Progress (4): 623 kB | 0.8/2.1 MB | 0.7/1.1 MB | 105 kB
Progress (4): 623 kB | 0.8/2.1 MB | 0.7/1.1 MB | 105 kB
Progress (4): 623 kB | 0.8/2.1 MB | 0.7/1.1 MB | 105 kB
Progress (4): 623 kB | 0.9/2.1 MB | 0.7/1.1 MB | 105 kB
Progress (4): 623 kB | 0.9/2.1 MB | 0.7/1.1 MB | 105 kB
Progress (4): 623 kB | 0.9/2.1 MB | 0.7/1.1 MB | 105 kB
Progress (4): 623 kB | 0.9/2.1 MB | 0.7/1.1 MB | 105 kB
Progress (4): 623 kB | 0.9/2.1 MB | 0.7/1.1 MB | 105 kB
Progress (4): 623 kB | 0.9/2.1 MB | 0.7/1.1 MB | 105 kB
Progress (4): 623 kB | 1.0/2.1 MB | 0.7/1.1 MB | 105 kB
Progress (4): 623 kB | 1.0/2.1 MB | 0.7/1.1 MB | 105 kB
Progress (4): 623 kB | 1.0/2.1 MB | 0.7/1.1 MB | 105 kB
Progress (4): 623 kB | 1.0/2.1 MB | 0.8/1.1 MB | 105 kB
Progress (4): 623 kB | 1.0/2.1 MB | 0.8/1.1 MB | 105 kB
Progress (4): 623 kB | 1.0/2.1 MB | 0.8/1.1 MB | 105 kB
Progress (4): 623 kB | 1.0/2.1 MB | 0.8/1.1 MB | 105 kB
Progress (4): 623 kB | 1.0/2.1 MB | 0.8/1.1 MB | 105 kB
Progress (4): 623 kB | 1.0/2.1 MB | 0.8/1.1 MB | 105 kB
Progress (4): 623 kB | 1.0/2.1 MB | 0.8/1.1 MB | 105 kB
Progress (4): 623 kB | 1.0/2.1 MB | 0.8/1.1 MB | 105 kB
Progress (4): 623 kB | 1.0/2.1 MB | 0.8/1.1 MB | 105 kB
Progress (4): 623 kB | 1.0/2.1 MB | 0.8/1.1 MB | 105 kB
Progress (4): 623 kB | 1.0/2.1 MB | 0.9/1.1 MB | 105 kB
Progress (4): 623 kB | 1.0/2.1 MB | 0.9/1.1 MB | 105 kB
Progress (4): 623 kB | 1.0/2.1 MB | 0.9/1.1 MB | 105 kB
Progress (4): 623 kB | 1.0/2.1 MB | 0.9/1.1 MB | 105 kB
Progress (4): 623 kB | 1.0/2.1 MB | 0.9/1.1 MB | 105 kB
Progress (4): 623 kB | 1.0/2.1 MB | 0.9/1.1 MB | 105 kB
Progress (4): 623 kB | 1.0/2.1 MB | 1.0/1.1 MB | 105 kB
Progress (4): 623 kB | 1.0/2.1 MB | 1.0/1.1 MB | 105 kB
Progress (4): 623 kB | 1.0/2.1 MB | 1.0/1.1 MB | 105 kB
Progress (4): 623 kB | 1.0/2.1 MB | 1.0/1.1 MB | 105 kB
Progress (4): 623 kB | 1.0/2.1 MB | 1.0/1.1 MB | 105 kB
Progress (4): 623 kB | 1.1/2.1 MB | 1.0/1.1 MB | 105 kB
Progress (4): 623 kB | 1.1/2.1 MB | 1.0/1.1 MB | 105 kB
Progress (4): 623 kB | 1.1/2.1 MB | 1.0/1.1 MB | 105 kB
Progress (4): 623 kB | 1.1/2.1 MB | 1.0/1.1 MB | 105 kB
Progress (4): 623 kB | 1.1/2.1 MB | 1.0/1.1 MB | 105 kB
Progress (4): 623 kB | 1.1/2.1 MB | 1.0/1.1 MB | 105 kB
Progress (4): 623 kB | 1.2/2.1 MB | 1.0/1.1 MB | 105 kB
Progress (4): 623 kB | 1.2/2.1 MB | 1.0/1.1 MB | 105 kB
Progress (4): 623 kB | 1.2/2.1 MB | 1.0/1.1 MB | 105 kB
Progress (4): 623 kB | 1.2/2.1 MB | 1.0/1.1 MB | 105 kB
Progress (4): 623 kB | 1.2/2.1 MB | 1.0/1.1 MB | 105 kB
Progress (4): 623 kB | 1.2/2.1 MB | 1.0/1.1 MB | 105 kB
Progress (4): 623 kB | 1.2/2.1 MB | 1.0/1.1 MB | 105 kB
Progress (4): 623 kB | 1.2/2.1 MB | 1.0/1.1 MB | 105 kB
Progress (4): 623 kB | 1.2/2.1 MB | 1.0/1.1 MB | 105 kB
Progress (4): 623 kB | 1.2/2.1 MB | 1.1 MB | 105 kB    
Progress (4): 623 kB | 1.3/2.1 MB | 1.1 MB | 105 kB
Progress (4): 623 kB | 1.3/2.1 MB | 1.1 MB | 105 kB
Progress (4): 623 kB | 1.3/2.1 MB | 1.1 MB | 105 kB
Progress (4): 623 kB | 1.3/2.1 MB | 1.1 MB | 105 kB
Progress (4): 623 kB | 1.3/2.1 MB | 1.1 MB | 105 kB
Progress (4): 623 kB | 1.3/2.1 MB | 1.1 MB | 105 kB
Progress (4): 623 kB | 1.4/2.1 MB | 1.1 MB | 105 kB
Progress (4): 623 kB | 1.4/2.1 MB | 1.1 MB | 105 kB
Progress (4): 623 kB | 1.4/2.1 MB | 1.1 MB | 105 kB
Progress (4): 623 kB | 1.4/2.1 MB | 1.1 MB | 105 kB
Progress (4): 623 kB | 1.4/2.1 MB | 1.1 MB | 105 kB
Progress (4): 623 kB | 1.4/2.1 MB | 1.1 MB | 105 kB
Progress (4): 623 kB | 1.5/2.1 MB | 1.1 MB | 105 kB
Progress (4): 623 kB | 1.5/2.1 MB | 1.1 MB | 105 kB
Progress (4): 623 kB | 1.5/2.1 MB | 1.1 MB | 105 kB
Progress (4): 623 kB | 1.5/2.1 MB | 1.1 MB | 105 kB
Progress (4): 623 kB | 1.5/2.1 MB | 1.1 MB | 105 kB
Progress (4): 623 kB | 1.5/2.1 MB | 1.1 MB | 105 kB
Progress (4): 623 kB | 1.6/2.1 MB | 1.1 MB | 105 kB
Progress (4): 623 kB | 1.6/2.1 MB | 1.1 MB | 105 kB
Progress (4): 623 kB | 1.6/2.1 MB | 1.1 MB | 105 kB
Progress (4): 623 kB | 1.6/2.1 MB | 1.1 MB | 105 kB
Progress (4): 623 kB | 1.6/2.1 MB | 1.1 MB | 105 kB
Progress (4): 623 kB | 1.6/2.1 MB | 1.1 MB | 105 kB
Progress (4): 623 kB | 1.7/2.1 MB | 1.1 MB | 105 kB
Progress (4): 623 kB | 1.7/2.1 MB | 1.1 MB | 105 kB
Progress (4): 623 kB | 1.7/2.1 MB | 1.1 MB | 105 kB
Progress (4): 623 kB | 1.7/2.1 MB | 1.1 MB | 105 kB
Progress (4): 623 kB | 1.7/2.1 MB | 1.1 MB | 105 kB
Progress (4): 623 kB | 1.7/2.1 MB | 1.1 MB | 105 kB
Progress (4): 623 kB | 1.8/2.1 MB | 1.1 MB | 105 kB
Progress (4): 623 kB | 1.8/2.1 MB | 1.1 MB | 105 kB
Progress (4): 623 kB | 1.8/2.1 MB | 1.1 MB | 105 kB
Progress (4): 623 kB | 1.8/2.1 MB | 1.1 MB | 105 kB
Progress (4): 623 kB | 1.8/2.1 MB | 1.1 MB | 105 kB
Progress (4): 623 kB | 1.8/2.1 MB | 1.1 MB | 105 kB
Progress (4): 623 kB | 1.9/2.1 MB | 1.1 MB | 105 kB
Progress (4): 623 kB | 1.9/2.1 MB | 1.1 MB | 105 kB
Progress (4): 623 kB | 1.9/2.1 MB | 1.1 MB | 105 kB
Progress (4): 623 kB | 1.9/2.1 MB | 1.1 MB | 105 kB
Progress (4): 623 kB | 1.9/2.1 MB | 1.1 MB | 105 kB
Progress (4): 623 kB | 1.9/2.1 MB | 1.1 MB | 105 kB
Progress (4): 623 kB | 2.0/2.1 MB | 1.1 MB | 105 kB
Progress (4): 623 kB | 2.0/2.1 MB | 1.1 MB | 105 kB
Progress (4): 623 kB | 2.0/2.1 MB | 1.1 MB | 105 kB
Progress (4): 623 kB | 2.0/2.1 MB | 1.1 MB | 105 kB
Progress (4): 623 kB | 2.0/2.1 MB | 1.1 MB | 105 kB
Progress (4): 623 kB | 2.0/2.1 MB | 1.1 MB | 105 kB
Progress (4): 623 kB | 2.0/2.1 MB | 1.1 MB | 105 kB
Progress (4): 623 kB | 2.1/2.1 MB | 1.1 MB | 105 kB
Progress (4): 623 kB | 2.1/2.1 MB | 1.1 MB | 105 kB
Progress (4): 623 kB | 2.1/2.1 MB | 1.1 MB | 105 kB
Progress (4): 623 kB | 2.1 MB | 1.1 MB | 105 kB    
                                               
Downloaded from aliyunmaven: https://maven.aliyun.com/repository/public/org/springframework/security/spring-security-core/6.5.11/spring-security-core-6.5.11.jar (623 kB at 8.8 MB/s)
Downloaded from aliyunmaven: https://maven.aliyun.com/repository/public/org/springframework/security/spring-security-crypto/6.5.11/spring-security-crypto-6.5.11.jar (105 kB at 1.4 MB/s)
Downloaded from aliyunmaven: https://maven.aliyun.com/repository/public/org/springframework/security/spring-security-web/6.5.11/spring-security-web-6.5.11.jar (1.1 MB at 4.3 MB/s)
Downloaded from aliyunmaven: https://maven.aliyun.com/repository/public/org/springframework/security/spring-security-config/6.5.11/spring-security-config-6.5.11.jar (2.1 MB at 6.3 MB/s)
[INFO] 
[INFO] --- clean:3.2.0:clean (default-clean) @ mall-common-security ---
[INFO] Deleting D:\Desktop\ai-platform\implementation\ai-platform-backend\mall-common\mall-common-security\target
[INFO] 
[INFO] --- enforcer:3.5.0:enforce (enforce-environment) @ mall-common-security ---
[INFO] 
[INFO] --- resources:3.3.1:resources (default-resources) @ mall-common-security ---
[INFO] skip non existing resourceDirectory D:\Desktop\ai-platform\implementation\ai-platform-backend\mall-common\mall-common-security\src\main\resources
[INFO] 
[INFO] --- compiler:3.14.0:compile (default-compile) @ mall-common-security ---
[INFO] Recompiling the module because of changed dependency.
[INFO] Compiling 1 source file with javac [debug release 21] to target\classes
[INFO] 
[INFO] --- resources:3.3.1:testResources (default-testResources) @ mall-common-security ---
[INFO] skip non existing resourceDirectory D:\Desktop\ai-platform\implementation\ai-platform-backend\mall-common\mall-common-security\src\test\resources
[INFO] 
[INFO] --- compiler:3.14.0:testCompile (default-testCompile) @ mall-common-security ---
[INFO] No sources to compile
[INFO] 
[INFO] --- surefire:3.5.2:test (default-test) @ mall-common-security ---
[INFO] Tests are skipped.
[INFO] 
[INFO] --- jar:3.5.0:jar (default-jar) @ mall-common-security ---
[INFO] Building jar: D:\Desktop\ai-platform\implementation\ai-platform-backend\mall-common\mall-common-security\target\mall-common-security-1.0.0-SNAPSHOT.jar
[INFO] 
[INFO] -------------------< com.ai-mall:mall-common-redis >--------------------
[INFO] Building mall-common-redis 1.0.0-SNAPSHOT                         [7/24]
[INFO]   from mall-common\mall-common-redis\pom.xml
[INFO] --------------------------------[ jar ]---------------------------------
Downloading from aliyunmaven: https://maven.aliyun.com/repository/public/org/springframework/boot/spring-boot-starter-data-redis/3.5.15/spring-boot-starter-data-redis-3.5.15.jar
Progress (1): 4.8 kB
                    
Downloaded from aliyunmaven: https://maven.aliyun.com/repository/public/org/springframework/boot/spring-boot-starter-data-redis/3.5.15/spring-boot-starter-data-redis-3.5.15.jar (4.8 kB at 89 kB/s)
Downloading from aliyunmaven: https://maven.aliyun.com/repository/public/io/lettuce/lettuce-core/6.6.0.RELEASE/lettuce-core-6.6.0.RELEASE.jar
Downloading from aliyunmaven: https://maven.aliyun.com/repository/public/io/netty/netty-common/4.1.135.Final/netty-common-4.1.135.Final.jar
Downloading from aliyunmaven: https://maven.aliyun.com/repository/public/redis/clients/authentication/redis-authx-core/0.1.1-beta2/redis-authx-core-0.1.1-beta2.jar
Downloading from aliyunmaven: https://maven.aliyun.com/repository/public/io/netty/netty-handler/4.1.135.Final/netty-handler-4.1.135.Final.jar
Downloading from aliyunmaven: https://maven.aliyun.com/repository/public/io/netty/netty-resolver/4.1.135.Final/netty-resolver-4.1.135.Final.jar
Progress (1): 0/2.1 MB
Progress (1): 0/2.1 MB
Progress (1): 0/2.1 MB
Progress (1): 0/2.1 MB
Progress (1): 0.1/2.1 MB
Progress (1): 0.1/2.1 MB
Progress (1): 0.1/2.1 MB
Progress (1): 0.1/2.1 MB
Progress (2): 0.1/2.1 MB | 1.9/587 kB
Progress (3): 0.1/2.1 MB | 1.9/587 kB | 7.2/739 kB
Progress (3): 0.1/2.1 MB | 14/587 kB | 7.2/739 kB 
Progress (3): 0.1/2.1 MB | 14/587 kB | 15/739 kB 
Progress (3): 0.1/2.1 MB | 21/587 kB | 15/739 kB
Progress (3): 0.1/2.1 MB | 25/587 kB | 15/739 kB
Progress (4): 0.1/2.1 MB | 25/587 kB | 15/739 kB | 7.2/18 kB
Progress (4): 0.1/2.1 MB | 34/587 kB | 15/739 kB | 7.2/18 kB
Progress (4): 0.1/2.1 MB | 34/587 kB | 32/739 kB | 7.2/18 kB
Progress (4): 0.1/2.1 MB | 34/587 kB | 32/739 kB | 15/18 kB 
Progress (4): 0.1/2.1 MB | 37/587 kB | 32/739 kB | 15/18 kB
Progress (4): 0.1/2.1 MB | 37/587 kB | 32/739 kB | 18 kB   
Progress (4): 0.1/2.1 MB | 37/587 kB | 48/739 kB | 18 kB
Progress (4): 0.1/2.1 MB | 37/587 kB | 48/739 kB | 18 kB
Progress (4): 0.1/2.1 MB | 47/587 kB | 48/739 kB | 18 kB
Progress (4): 0.1/2.1 MB | 47/587 kB | 64/739 kB | 18 kB
Progress (4): 0.1/2.1 MB | 50/587 kB | 64/739 kB | 18 kB
Progress (4): 0.1/2.1 MB | 50/587 kB | 81/739 kB | 18 kB
Progress (4): 0.1/2.1 MB | 60/587 kB | 81/739 kB | 18 kB
Progress (4): 0.1/2.1 MB | 63/587 kB | 81/739 kB | 18 kB
Progress (4): 0.1/2.1 MB | 63/587 kB | 97/739 kB | 18 kB
Progress (4): 0.1/2.1 MB | 72/587 kB | 97/739 kB | 18 kB
Progress (4): 0.1/2.1 MB | 79/587 kB | 97/739 kB | 18 kB
Progress (4): 0.1/2.1 MB | 84/587 kB | 97/739 kB | 18 kB
Progress (4): 0.1/2.1 MB | 95/587 kB | 97/739 kB | 18 kB
Progress (4): 0.1/2.1 MB | 101/587 kB | 97/739 kB | 18 kB
Progress (4): 0.1/2.1 MB | 107/587 kB | 97/739 kB | 18 kB
Progress (4): 0.1/2.1 MB | 107/587 kB | 97/739 kB | 18 kB
Progress (4): 0.2/2.1 MB | 107/587 kB | 97/739 kB | 18 kB
Progress (4): 0.2/2.1 MB | 107/587 kB | 97/739 kB | 18 kB
Progress (4): 0.2/2.1 MB | 107/587 kB | 114/739 kB | 18 kB
Progress (4): 0.2/2.1 MB | 107/587 kB | 130/739 kB | 18 kB
Progress (4): 0.2/2.1 MB | 107/587 kB | 146/739 kB | 18 kB
Progress (4): 0.2/2.1 MB | 107/587 kB | 163/739 kB | 18 kB
Progress (4): 0.2/2.1 MB | 119/587 kB | 163/739 kB | 18 kB
Progress (4): 0.2/2.1 MB | 120/587 kB | 163/739 kB | 18 kB
Progress (4): 0.2/2.1 MB | 130/587 kB | 163/739 kB | 18 kB
Progress (4): 0.2/2.1 MB | 135/587 kB | 163/739 kB | 18 kB
Progress (4): 0.2/2.1 MB | 142/587 kB | 163/739 kB | 18 kB
Progress (4): 0.2/2.1 MB | 148/587 kB | 163/739 kB | 18 kB
Progress (4): 0.2/2.1 MB | 154/587 kB | 163/739 kB | 18 kB
Progress (4): 0.2/2.1 MB | 160/587 kB | 163/739 kB | 18 kB
Progress (4): 0.2/2.1 MB | 165/587 kB | 163/739 kB | 18 kB
Progress (4): 0.2/2.1 MB | 168/587 kB | 163/739 kB | 18 kB
Progress (4): 0.2/2.1 MB | 168/587 kB | 179/739 kB | 18 kB
Progress (4): 0.2/2.1 MB | 168/587 kB | 179/739 kB | 18 kB
Progress (4): 0.2/2.1 MB | 168/587 kB | 196/739 kB | 18 kB
Progress (4): 0.2/2.1 MB | 168/587 kB | 212/739 kB | 18 kB
Progress (4): 0.2/2.1 MB | 168/587 kB | 212/739 kB | 18 kB
Progress (4): 0.2/2.1 MB | 168/587 kB | 228/739 kB | 18 kB
Progress (4): 0.2/2.1 MB | 168/587 kB | 228/739 kB | 18 kB
Progress (4): 0.2/2.1 MB | 168/587 kB | 228/739 kB | 18 kB
Progress (4): 0.2/2.1 MB | 177/587 kB | 228/739 kB | 18 kB
Progress (4): 0.2/2.1 MB | 189/587 kB | 228/739 kB | 18 kB
Progress (4): 0.2/2.1 MB | 193/587 kB | 228/739 kB | 18 kB
Progress (4): 0.2/2.1 MB | 200/587 kB | 228/739 kB | 18 kB
Progress (4): 0.2/2.1 MB | 208/587 kB | 228/739 kB | 18 kB
Progress (4): 0.2/2.1 MB | 214/587 kB | 228/739 kB | 18 kB
Progress (4): 0.2/2.1 MB | 224/587 kB | 228/739 kB | 18 kB
Progress (4): 0.2/2.1 MB | 228/587 kB | 228/739 kB | 18 kB
Progress (4): 0.2/2.1 MB | 228/587 kB | 245/739 kB | 18 kB
Progress (4): 0.2/2.1 MB | 228/587 kB | 261/739 kB | 18 kB
Progress (4): 0.2/2.1 MB | 228/587 kB | 277/739 kB | 18 kB
Progress (4): 0.2/2.1 MB | 228/587 kB | 294/739 kB | 18 kB
Progress (4): 0.2/2.1 MB | 244/587 kB | 294/739 kB | 18 kB
Progress (4): 0.2/2.1 MB | 249/587 kB | 294/739 kB | 18 kB
Progress (4): 0.2/2.1 MB | 259/587 kB | 294/739 kB | 18 kB
Progress (4): 0.2/2.1 MB | 275/587 kB | 294/739 kB | 18 kB
Progress (4): 0.2/2.1 MB | 292/587 kB | 294/739 kB | 18 kB
Progress (4): 0.2/2.1 MB | 298/587 kB | 294/739 kB | 18 kB
Progress (4): 0.3/2.1 MB | 298/587 kB | 294/739 kB | 18 kB
Progress (4): 0.3/2.1 MB | 298/587 kB | 294/739 kB | 18 kB
Progress (4): 0.3/2.1 MB | 298/587 kB | 294/739 kB | 18 kB
Progress (4): 0.3/2.1 MB | 298/587 kB | 294/739 kB | 18 kB
Progress (4): 0.3/2.1 MB | 298/587 kB | 310/739 kB | 18 kB
Progress (4): 0.3/2.1 MB | 298/587 kB | 327/739 kB | 18 kB
Progress (4): 0.3/2.1 MB | 298/587 kB | 343/739 kB | 18 kB
Progress (4): 0.3/2.1 MB | 298/587 kB | 359/739 kB | 18 kB
Progress (4): 0.3/2.1 MB | 315/587 kB | 359/739 kB | 18 kB
Progress (4): 0.3/2.1 MB | 330/587 kB | 359/739 kB | 18 kB
Progress (4): 0.3/2.1 MB | 347/587 kB | 359/739 kB | 18 kB
Progress (4): 0.3/2.1 MB | 360/587 kB | 359/739 kB | 18 kB
Progress (4): 0.3/2.1 MB | 360/587 kB | 359/739 kB | 18 kB
Progress (4): 0.3/2.1 MB | 360/587 kB | 359/739 kB | 18 kB
Progress (4): 0.4/2.1 MB | 360/587 kB | 359/739 kB | 18 kB
Progress (4): 0.4/2.1 MB | 360/587 kB | 376/739 kB | 18 kB
Progress (4): 0.4/2.1 MB | 360/587 kB | 376/739 kB | 18 kB
Progress (4): 0.4/2.1 MB | 360/587 kB | 392/739 kB | 18 kB
Progress (4): 0.4/2.1 MB | 360/587 kB | 409/739 kB | 18 kB
Progress (4): 0.4/2.1 MB | 360/587 kB | 425/739 kB | 18 kB
Progress (4): 0.4/2.1 MB | 368/587 kB | 425/739 kB | 18 kB
Progress (4): 0.4/2.1 MB | 385/587 kB | 425/739 kB | 18 kB
Progress (4): 0.4/2.1 MB | 401/587 kB | 425/739 kB | 18 kB
Progress (4): 0.4/2.1 MB | 417/587 kB | 425/739 kB | 18 kB
Progress (4): 0.4/2.1 MB | 417/587 kB | 441/739 kB | 18 kB
Progress (4): 0.4/2.1 MB | 417/587 kB | 458/739 kB | 18 kB
Progress (4): 0.4/2.1 MB | 417/587 kB | 458/739 kB | 18 kB
Progress (4): 0.4/2.1 MB | 417/587 kB | 474/739 kB | 18 kB
Progress (4): 0.4/2.1 MB | 417/587 kB | 474/739 kB | 18 kB
Progress (4): 0.4/2.1 MB | 417/587 kB | 474/739 kB | 18 kB
Progress (4): 0.4/2.1 MB | 417/587 kB | 490/739 kB | 18 kB
Progress (4): 0.4/2.1 MB | 417/587 kB | 490/739 kB | 18 kB
Progress (4): 0.4/2.1 MB | 434/587 kB | 490/739 kB | 18 kB
Progress (4): 0.4/2.1 MB | 449/587 kB | 490/739 kB | 18 kB
Progress (4): 0.4/2.1 MB | 457/587 kB | 490/739 kB | 18 kB
Progress (4): 0.4/2.1 MB | 474/587 kB | 490/739 kB | 18 kB
Progress (4): 0.4/2.1 MB | 490/587 kB | 490/739 kB | 18 kB
Progress (4): 0.4/2.1 MB | 490/587 kB | 507/739 kB | 18 kB
Progress (4): 0.4/2.1 MB | 490/587 kB | 523/739 kB | 18 kB
Progress (4): 0.4/2.1 MB | 490/587 kB | 540/739 kB | 18 kB
Progress (4): 0.4/2.1 MB | 490/587 kB | 556/739 kB | 18 kB
Progress (4): 0.5/2.1 MB | 490/587 kB | 556/739 kB | 18 kB
Progress (4): 0.5/2.1 MB | 490/587 kB | 556/739 kB | 18 kB
Progress (4): 0.5/2.1 MB | 490/587 kB | 556/739 kB | 18 kB
Progress (4): 0.5/2.1 MB | 490/587 kB | 556/739 kB | 18 kB
Progress (4): 0.5/2.1 MB | 507/587 kB | 556/739 kB | 18 kB
Progress (4): 0.5/2.1 MB | 517/587 kB | 556/739 kB | 18 kB
Progress (4): 0.5/2.1 MB | 524/587 kB | 556/739 kB | 18 kB
Progress (4): 0.5/2.1 MB | 524/587 kB | 556/739 kB | 18 kB
Progress (4): 0.5/2.1 MB | 524/587 kB | 556/739 kB | 18 kB
Progress (4): 0.6/2.1 MB | 524/587 kB | 556/739 kB | 18 kB
Progress (5): 0.6/2.1 MB | 524/587 kB | 556/739 kB | 18 kB | 1.9/38 kB
Progress (5): 0.6/2.1 MB | 524/587 kB | 556/739 kB | 18 kB | 1.9/38 kB
Progress (5): 0.6/2.1 MB | 524/587 kB | 556/739 kB | 18 kB | 18/38 kB 
Progress (5): 0.6/2.1 MB | 524/587 kB | 556/739 kB | 18 kB | 35/38 kB
Progress (5): 0.6/2.1 MB | 524/587 kB | 556/739 kB | 18 kB | 38 kB   
Progress (5): 0.6/2.1 MB | 524/587 kB | 556/739 kB | 18 kB | 38 kB
Progress (5): 0.6/2.1 MB | 524/587 kB | 556/739 kB | 18 kB | 38 kB
Progress (5): 0.6/2.1 MB | 524/587 kB | 556/739 kB | 18 kB | 38 kB
Progress (5): 0.6/2.1 MB | 524/587 kB | 556/739 kB | 18 kB | 38 kB
Progress (5): 0.7/2.1 MB | 524/587 kB | 556/739 kB | 18 kB | 38 kB
Progress (5): 0.7/2.1 MB | 524/587 kB | 572/739 kB | 18 kB | 38 kB
Progress (5): 0.7/2.1 MB | 524/587 kB | 589/739 kB | 18 kB | 38 kB
Progress (5): 0.7/2.1 MB | 524/587 kB | 589/739 kB | 18 kB | 38 kB
Progress (5): 0.7/2.1 MB | 524/587 kB | 589/739 kB | 18 kB | 38 kB
Progress (5): 0.7/2.1 MB | 524/587 kB | 589/739 kB | 18 kB | 38 kB
Progress (5): 0.7/2.1 MB | 524/587 kB | 589/739 kB | 18 kB | 38 kB
Progress (5): 0.7/2.1 MB | 524/587 kB | 605/739 kB | 18 kB | 38 kB
Progress (5): 0.7/2.1 MB | 524/587 kB | 622/739 kB | 18 kB | 38 kB
Progress (5): 0.7/2.1 MB | 524/587 kB | 638/739 kB | 18 kB | 38 kB
Progress (5): 0.7/2.1 MB | 524/587 kB | 654/739 kB | 18 kB | 38 kB
Progress (5): 0.7/2.1 MB | 524/587 kB | 671/739 kB | 18 kB | 38 kB
Progress (5): 0.7/2.1 MB | 524/587 kB | 687/739 kB | 18 kB | 38 kB
Progress (5): 0.7/2.1 MB | 524/587 kB | 703/739 kB | 18 kB | 38 kB
Progress (5): 0.7/2.1 MB | 524/587 kB | 720/739 kB | 18 kB | 38 kB
Progress (5): 0.7/2.1 MB | 524/587 kB | 736/739 kB | 18 kB | 38 kB
Progress (5): 0.7/2.1 MB | 524/587 kB | 739 kB | 18 kB | 38 kB    
Progress (5): 0.7/2.1 MB | 541/587 kB | 739 kB | 18 kB | 38 kB
Progress (5): 0.7/2.1 MB | 557/587 kB | 739 kB | 18 kB | 38 kB
Progress (5): 0.7/2.1 MB | 573/587 kB | 739 kB | 18 kB | 38 kB
Progress (5): 0.7/2.1 MB | 587 kB | 739 kB | 18 kB | 38 kB    
Progress (5): 0.7/2.1 MB | 587 kB | 739 kB | 18 kB | 38 kB
Progress (5): 0.8/2.1 MB | 587 kB | 739 kB | 18 kB | 38 kB
Progress (5): 0.8/2.1 MB | 587 kB | 739 kB | 18 kB | 38 kB
Progress (5): 0.8/2.1 MB | 587 kB | 739 kB | 18 kB | 38 kB
Progress (5): 0.8/2.1 MB | 587 kB | 739 kB | 18 kB | 38 kB
Progress (5): 0.8/2.1 MB | 587 kB | 739 kB | 18 kB | 38 kB
Progress (5): 0.8/2.1 MB | 587 kB | 739 kB | 18 kB | 38 kB
Progress (5): 0.9/2.1 MB | 587 kB | 739 kB | 18 kB | 38 kB
Progress (5): 0.9/2.1 MB | 587 kB | 739 kB | 18 kB | 38 kB
Progress (5): 0.9/2.1 MB | 587 kB | 739 kB | 18 kB | 38 kB
Progress (5): 0.9/2.1 MB | 587 kB | 739 kB | 18 kB | 38 kB
Progress (5): 0.9/2.1 MB | 587 kB | 739 kB | 18 kB | 38 kB
Progress (5): 0.9/2.1 MB | 587 kB | 739 kB | 18 kB | 38 kB
Progress (5): 0.9/2.1 MB | 587 kB | 739 kB | 18 kB | 38 kB
Progress (5): 1.0/2.1 MB | 587 kB | 739 kB | 18 kB | 38 kB
Progress (5): 1.0/2.1 MB | 587 kB | 739 kB | 18 kB | 38 kB
Progress (5): 1.0/2.1 MB | 587 kB | 739 kB | 18 kB | 38 kB
Progress (5): 1.0/2.1 MB | 587 kB | 739 kB | 18 kB | 38 kB
Progress (5): 1.0/2.1 MB | 587 kB | 739 kB | 18 kB | 38 kB
Progress (5): 1.0/2.1 MB | 587 kB | 739 kB | 18 kB | 38 kB
Progress (5): 1.1/2.1 MB | 587 kB | 739 kB | 18 kB | 38 kB
Progress (5): 1.1/2.1 MB | 587 kB | 739 kB | 18 kB | 38 kB
Progress (5): 1.1/2.1 MB | 587 kB | 739 kB | 18 kB | 38 kB
Progress (5): 1.1/2.1 MB | 587 kB | 739 kB | 18 kB | 38 kB
Progress (5): 1.1/2.1 MB | 587 kB | 739 kB | 18 kB | 38 kB
Progress (5): 1.1/2.1 MB | 587 kB | 739 kB | 18 kB | 38 kB
Progress (5): 1.2/2.1 MB | 587 kB | 739 kB | 18 kB | 38 kB
Progress (5): 1.2/2.1 MB | 587 kB | 739 kB | 18 kB | 38 kB
Progress (5): 1.2/2.1 MB | 587 kB | 739 kB | 18 kB | 38 kB
Progress (5): 1.2/2.1 MB | 587 kB | 739 kB | 18 kB | 38 kB
Progress (5): 1.2/2.1 MB | 587 kB | 739 kB | 18 kB | 38 kB
Progress (5): 1.2/2.1 MB | 587 kB | 739 kB | 18 kB | 38 kB
Progress (5): 1.3/2.1 MB | 587 kB | 739 kB | 18 kB | 38 kB
Progress (5): 1.3/2.1 MB | 587 kB | 739 kB | 18 kB | 38 kB
Progress (5): 1.3/2.1 MB | 587 kB | 739 kB | 18 kB | 38 kB
Progress (5): 1.3/2.1 MB | 587 kB | 739 kB | 18 kB | 38 kB
Progress (5): 1.3/2.1 MB | 587 kB | 739 kB | 18 kB | 38 kB
Progress (5): 1.3/2.1 MB | 587 kB | 739 kB | 18 kB | 38 kB
Progress (5): 1.4/2.1 MB | 587 kB | 739 kB | 18 kB | 38 kB
Progress (5): 1.4/2.1 MB | 587 kB | 739 kB | 18 kB | 38 kB
Progress (5): 1.4/2.1 MB | 587 kB | 739 kB | 18 kB | 38 kB
Progress (5): 1.4/2.1 MB | 587 kB | 739 kB | 18 kB | 38 kB
Progress (5): 1.4/2.1 MB | 587 kB | 739 kB | 18 kB | 38 kB
Progress (5): 1.4/2.1 MB | 587 kB | 739 kB | 18 kB | 38 kB
Progress (5): 1.5/2.1 MB | 587 kB | 739 kB | 18 kB | 38 kB
Progress (5): 1.5/2.1 MB | 587 kB | 739 kB | 18 kB | 38 kB
Progress (5): 1.5/2.1 MB | 587 kB | 739 kB | 18 kB | 38 kB
Progress (5): 1.5/2.1 MB | 587 kB | 739 kB | 18 kB | 38 kB
Progress (5): 1.5/2.1 MB | 587 kB | 739 kB | 18 kB | 38 kB
Progress (5): 1.5/2.1 MB | 587 kB | 739 kB | 18 kB | 38 kB
Progress (5): 1.6/2.1 MB | 587 kB | 739 kB | 18 kB | 38 kB
Progress (5): 1.6/2.1 MB | 587 kB | 739 kB | 18 kB | 38 kB
Progress (5): 1.6/2.1 MB | 587 kB | 739 kB | 18 kB | 38 kB
Progress (5): 1.6/2.1 MB | 587 kB | 739 kB | 18 kB | 38 kB
Progress (5): 1.6/2.1 MB | 587 kB | 739 kB | 18 kB | 38 kB
Progress (5): 1.6/2.1 MB | 587 kB | 739 kB | 18 kB | 38 kB
Progress (5): 1.7/2.1 MB | 587 kB | 739 kB | 18 kB | 38 kB
Progress (5): 1.7/2.1 MB | 587 kB | 739 kB | 18 kB | 38 kB
Progress (5): 1.7/2.1 MB | 587 kB | 739 kB | 18 kB | 38 kB
Progress (5): 1.7/2.1 MB | 587 kB | 739 kB | 18 kB | 38 kB
Progress (5): 1.7/2.1 MB | 587 kB | 739 kB | 18 kB | 38 kB
Progress (5): 1.7/2.1 MB | 587 kB | 739 kB | 18 kB | 38 kB
Progress (5): 1.8/2.1 MB | 587 kB | 739 kB | 18 kB | 38 kB
Progress (5): 1.8/2.1 MB | 587 kB | 739 kB | 18 kB | 38 kB
Progress (5): 1.8/2.1 MB | 587 kB | 739 kB | 18 kB | 38 kB
Progress (5): 1.8/2.1 MB | 587 kB | 739 kB | 18 kB | 38 kB
Progress (5): 1.8/2.1 MB | 587 kB | 739 kB | 18 kB | 38 kB
Progress (5): 1.8/2.1 MB | 587 kB | 739 kB | 18 kB | 38 kB
Progress (5): 1.9/2.1 MB | 587 kB | 739 kB | 18 kB | 38 kB
Progress (5): 1.9/2.1 MB | 587 kB | 739 kB | 18 kB | 38 kB
Progress (5): 1.9/2.1 MB | 587 kB | 739 kB | 18 kB | 38 kB
Progress (5): 1.9/2.1 MB | 587 kB | 739 kB | 18 kB | 38 kB
Progress (5): 1.9/2.1 MB | 587 kB | 739 kB | 18 kB | 38 kB
Progress (5): 1.9/2.1 MB | 587 kB | 739 kB | 18 kB | 38 kB
Progress (5): 1.9/2.1 MB | 587 kB | 739 kB | 18 kB | 38 kB
Progress (5): 2.0/2.1 MB | 587 kB | 739 kB | 18 kB | 38 kB
Progress (5): 2.0/2.1 MB | 587 kB | 739 kB | 18 kB | 38 kB
Progress (5): 2.0/2.1 MB | 587 kB | 739 kB | 18 kB | 38 kB
Progress (5): 2.0/2.1 MB | 587 kB | 739 kB | 18 kB | 38 kB
Progress (5): 2.0/2.1 MB | 587 kB | 739 kB | 18 kB | 38 kB
Progress (5): 2.0/2.1 MB | 587 kB | 739 kB | 18 kB | 38 kB
Progress (5): 2.1/2.1 MB | 587 kB | 739 kB | 18 kB | 38 kB
Progress (5): 2.1/2.1 MB | 587 kB | 739 kB | 18 kB | 38 kB
Progress (5): 2.1 MB | 587 kB | 739 kB | 18 kB | 38 kB    
                                                      
Downloaded from aliyunmaven: https://maven.aliyun.com/repository/public/io/netty/netty-common/4.1.135.Final/netty-common-4.1.135.Final.jar (739 kB at 10 MB/s)
Downloading from aliyunmaven: https://maven.aliyun.com/repository/public/io/netty/netty-buffer/4.1.135.Final/netty-buffer-4.1.135.Final.jar
Downloaded from aliyunmaven: https://maven.aliyun.com/repository/public/io/netty/netty-handler/4.1.135.Final/netty-handler-4.1.135.Final.jar (587 kB at 7.6 MB/s)
Downloading from aliyunmaven: https://maven.aliyun.com/repository/public/io/netty/netty-transport-native-unix-common/4.1.135.Final/netty-transport-native-unix-common-4.1.135.Final.jar
Progress (4): 2.1 MB | 18 kB | 38 kB | 1.9/359 kB
Progress (4): 2.1 MB | 18 kB | 38 kB | 18/359 kB 
Progress (4): 2.1 MB | 18 kB | 38 kB | 28/359 kB
Progress (4): 2.1 MB | 18 kB | 38 kB | 45/359 kB
Progress (4): 2.1 MB | 18 kB | 38 kB | 46/359 kB
Progress (4): 2.1 MB | 18 kB | 38 kB | 62/359 kB
Progress (4): 2.1 MB | 18 kB | 38 kB | 66/359 kB
Progress (4): 2.1 MB | 18 kB | 38 kB | 82/359 kB
Progress (4): 2.1 MB | 18 kB | 38 kB | 89/359 kB
Progress (4): 2.1 MB | 18 kB | 38 kB | 98/359 kB
Progress (4): 2.1 MB | 18 kB | 38 kB | 115/359 kB
Progress (4): 2.1 MB | 18 kB | 38 kB | 131/359 kB
Progress (4): 2.1 MB | 18 kB | 38 kB | 147/359 kB
Progress (4): 2.1 MB | 18 kB | 38 kB | 164/359 kB
Progress (4): 2.1 MB | 18 kB | 38 kB | 180/359 kB
Progress (4): 2.1 MB | 18 kB | 38 kB | 197/359 kB
Progress (4): 2.1 MB | 18 kB | 38 kB | 213/359 kB
Progress (4): 2.1 MB | 18 kB | 38 kB | 219/359 kB
Progress (4): 2.1 MB | 18 kB | 38 kB | 233/359 kB
Progress (4): 2.1 MB | 18 kB | 38 kB | 243/359 kB
Progress (4): 2.1 MB | 18 kB | 38 kB | 259/359 kB
Progress (4): 2.1 MB | 18 kB | 38 kB | 276/359 kB
Progress (5): 2.1 MB | 18 kB | 38 kB | 276/359 kB | 1.9/44 kB
Progress (5): 2.1 MB | 18 kB | 38 kB | 276/359 kB | 18/44 kB 
Progress (5): 2.1 MB | 18 kB | 38 kB | 276/359 kB | 35/44 kB
Progress (5): 2.1 MB | 18 kB | 38 kB | 292/359 kB | 35/44 kB
Progress (5): 2.1 MB | 18 kB | 38 kB | 292/359 kB | 44 kB   
Progress (5): 2.1 MB | 18 kB | 38 kB | 308/359 kB | 44 kB
Progress (5): 2.1 MB | 18 kB | 38 kB | 325/359 kB | 44 kB
Progress (5): 2.1 MB | 18 kB | 38 kB | 341/359 kB | 44 kB
Progress (5): 2.1 MB | 18 kB | 38 kB | 357/359 kB | 44 kB
Progress (5): 2.1 MB | 18 kB | 38 kB | 359 kB | 44 kB    
                                                     
Downloaded from aliyunmaven: https://maven.aliyun.com/repository/public/io/lettuce/lettuce-core/6.6.0.RELEASE/lettuce-core-6.6.0.RELEASE.jar (2.1 MB at 21 MB/s)
Downloading from aliyunmaven: https://maven.aliyun.com/repository/public/io/netty/netty-codec/4.1.135.Final/netty-codec-4.1.135.Final.jar
Progress (5): 18 kB | 38 kB | 359 kB | 44 kB | 7.3/359 kB
Progress (5): 18 kB | 38 kB | 359 kB | 44 kB | 15/359 kB 
Progress (5): 18 kB | 38 kB | 359 kB | 44 kB | 32/359 kB
Progress (5): 18 kB | 38 kB | 359 kB | 44 kB | 48/359 kB
Progress (5): 18 kB | 38 kB | 359 kB | 44 kB | 64/359 kB
Progress (5): 18 kB | 38 kB | 359 kB | 44 kB | 81/359 kB
Progress (5): 18 kB | 38 kB | 359 kB | 44 kB | 97/359 kB
Progress (5): 18 kB | 38 kB | 359 kB | 44 kB | 114/359 kB
Progress (5): 18 kB | 38 kB | 359 kB | 44 kB | 119/359 kB
Progress (5): 18 kB | 38 kB | 359 kB | 44 kB | 125/359 kB
Progress (5): 18 kB | 38 kB | 359 kB | 44 kB | 138/359 kB
Progress (5): 18 kB | 38 kB | 359 kB | 44 kB | 149/359 kB
Progress (5): 18 kB | 38 kB | 359 kB | 44 kB | 155/359 kB
Progress (5): 18 kB | 38 kB | 359 kB | 44 kB | 161/359 kB
Progress (5): 18 kB | 38 kB | 359 kB | 44 kB | 162/359 kB
Progress (5): 18 kB | 38 kB | 359 kB | 44 kB | 167/359 kB
Progress (5): 18 kB | 38 kB | 359 kB | 44 kB | 177/359 kB
Progress (5): 18 kB | 38 kB | 359 kB | 44 kB | 186/359 kB
Progress (5): 18 kB | 38 kB | 359 kB | 44 kB | 189/359 kB
Progress (5): 18 kB | 38 kB | 359 kB | 44 kB | 190/359 kB
Progress (5): 18 kB | 38 kB | 359 kB | 44 kB | 193/359 kB
Progress (5): 18 kB | 38 kB | 359 kB | 44 kB | 198/359 kB
Progress (5): 18 kB | 38 kB | 359 kB | 44 kB | 200/359 kB
Progress (5): 18 kB | 38 kB | 359 kB | 44 kB | 202/359 kB
Progress (5): 18 kB | 38 kB | 359 kB | 44 kB | 206/359 kB
Progress (5): 18 kB | 38 kB | 359 kB | 44 kB | 211/359 kB
Progress (5): 18 kB | 38 kB | 359 kB | 44 kB | 212/359 kB
Progress (5): 18 kB | 38 kB | 359 kB | 44 kB | 216/359 kB
Progress (5): 18 kB | 38 kB | 359 kB | 44 kB | 218/359 kB
Progress (5): 18 kB | 38 kB | 359 kB | 44 kB | 225/359 kB
Progress (5): 18 kB | 38 kB | 359 kB | 44 kB | 228/359 kB
Progress (5): 18 kB | 38 kB | 359 kB | 44 kB | 233/359 kB
Progress (5): 18 kB | 38 kB | 359 kB | 44 kB | 234/359 kB
Progress (5): 18 kB | 38 kB | 359 kB | 44 kB | 235/359 kB
Progress (5): 18 kB | 38 kB | 359 kB | 44 kB | 238/359 kB
Progress (5): 18 kB | 38 kB | 359 kB | 44 kB | 240/359 kB
Progress (5): 18 kB | 38 kB | 359 kB | 44 kB | 241/359 kB
Progress (5): 18 kB | 38 kB | 359 kB | 44 kB | 244/359 kB
Progress (5): 18 kB | 38 kB | 359 kB | 44 kB | 246/359 kB
Progress (5): 18 kB | 38 kB | 359 kB | 44 kB | 247/359 kB
Progress (5): 18 kB | 38 kB | 359 kB | 44 kB | 250/359 kB
Progress (5): 18 kB | 38 kB | 359 kB | 44 kB | 266/359 kB
Progress (5): 18 kB | 38 kB | 359 kB | 44 kB | 278/359 kB
Progress (5): 18 kB | 38 kB | 359 kB | 44 kB | 294/359 kB
Progress (5): 18 kB | 38 kB | 359 kB | 44 kB | 301/359 kB
Progress (5): 18 kB | 38 kB | 359 kB | 44 kB | 306/359 kB
Progress (5): 18 kB | 38 kB | 359 kB | 44 kB | 314/359 kB
Progress (5): 18 kB | 38 kB | 359 kB | 44 kB | 331/359 kB
Progress (5): 18 kB | 38 kB | 359 kB | 44 kB | 332/359 kB
Progress (5): 18 kB | 38 kB | 359 kB | 44 kB | 348/359 kB
Progress (5): 18 kB | 38 kB | 359 kB | 44 kB | 359 kB    
                                                     
Downloaded from aliyunmaven: https://maven.aliyun.com/repository/public/io/netty/netty-buffer/4.1.135.Final/netty-buffer-4.1.135.Final.jar (359 kB at 2.8 MB/s)
Downloading from aliyunmaven: https://maven.aliyun.com/repository/public/io/netty/netty-transport/4.1.135.Final/netty-transport-4.1.135.Final.jar
Progress (5): 18 kB | 38 kB | 44 kB | 359 kB | 0.4/522 kB
Progress (5): 18 kB | 38 kB | 44 kB | 359 kB | 17/522 kB 
Progress (5): 18 kB | 38 kB | 44 kB | 359 kB | 33/522 kB
Progress (5): 18 kB | 38 kB | 44 kB | 359 kB | 50/522 kB
Progress (5): 18 kB | 38 kB | 44 kB | 359 kB | 66/522 kB
Progress (5): 18 kB | 38 kB | 44 kB | 359 kB | 82/522 kB
Progress (5): 18 kB | 38 kB | 44 kB | 359 kB | 99/522 kB
Progress (5): 18 kB | 38 kB | 44 kB | 359 kB | 115/522 kB
Progress (5): 18 kB | 38 kB | 44 kB | 359 kB | 131/522 kB
Progress (5): 18 kB | 38 kB | 44 kB | 359 kB | 148/522 kB
Progress (5): 18 kB | 38 kB | 44 kB | 359 kB | 164/522 kB
Progress (5): 18 kB | 38 kB | 44 kB | 359 kB | 181/522 kB
Progress (5): 18 kB | 38 kB | 44 kB | 359 kB | 197/522 kB
Progress (5): 18 kB | 38 kB | 44 kB | 359 kB | 213/522 kB
Progress (5): 18 kB | 38 kB | 44 kB | 359 kB | 230/522 kB
Progress (5): 18 kB | 38 kB | 44 kB | 359 kB | 246/522 kB
Progress (5): 18 kB | 38 kB | 44 kB | 359 kB | 263/522 kB
Progress (5): 18 kB | 38 kB | 44 kB | 359 kB | 279/522 kB
Progress (5): 18 kB | 38 kB | 44 kB | 359 kB | 295/522 kB
Progress (5): 18 kB | 38 kB | 44 kB | 359 kB | 312/522 kB
Progress (5): 18 kB | 38 kB | 44 kB | 359 kB | 328/522 kB
Progress (5): 18 kB | 38 kB | 44 kB | 359 kB | 344/522 kB
Progress (5): 18 kB | 38 kB | 44 kB | 359 kB | 361/522 kB
Progress (5): 18 kB | 38 kB | 44 kB | 359 kB | 377/522 kB
Progress (5): 18 kB | 38 kB | 44 kB | 359 kB | 394/522 kB
Progress (5): 18 kB | 38 kB | 44 kB | 359 kB | 410/522 kB
Progress (5): 18 kB | 38 kB | 44 kB | 359 kB | 426/522 kB
Progress (5): 18 kB | 38 kB | 44 kB | 359 kB | 443/522 kB
Progress (5): 18 kB | 38 kB | 44 kB | 359 kB | 459/522 kB
Progress (5): 18 kB | 38 kB | 44 kB | 359 kB | 476/522 kB
Progress (5): 18 kB | 38 kB | 44 kB | 359 kB | 492/522 kB
Progress (5): 18 kB | 38 kB | 44 kB | 359 kB | 508/522 kB
Progress (5): 18 kB | 38 kB | 44 kB | 359 kB | 522 kB    
                                                     
Downloaded from aliyunmaven: https://maven.aliyun.com/repository/public/io/netty/netty-codec/4.1.135.Final/netty-codec-4.1.135.Final.jar (359 kB at 2.2 MB/s)
Downloading from aliyunmaven: https://maven.aliyun.com/repository/public/io/projectreactor/reactor-core/3.7.19/reactor-core-3.7.19.jar
Progress (5): 18 kB | 38 kB | 44 kB | 522 kB | 0/1.9 MB
Progress (5): 18 kB | 38 kB | 44 kB | 522 kB | 0/1.9 MB
Progress (5): 18 kB | 38 kB | 44 kB | 522 kB | 0/1.9 MB
Progress (5): 18 kB | 38 kB | 44 kB | 522 kB | 0/1.9 MB
Progress (5): 18 kB | 38 kB | 44 kB | 522 kB | 0/1.9 MB
Progress (5): 18 kB | 38 kB | 44 kB | 522 kB | 0.1/1.9 MB
Progress (5): 18 kB | 38 kB | 44 kB | 522 kB | 0.1/1.9 MB
Progress (5): 18 kB | 38 kB | 44 kB | 522 kB | 0.1/1.9 MB
Progress (5): 18 kB | 38 kB | 44 kB | 522 kB | 0.1/1.9 MB
Progress (5): 18 kB | 38 kB | 44 kB | 522 kB | 0.1/1.9 MB
Progress (5): 18 kB | 38 kB | 44 kB | 522 kB | 0.1/1.9 MB
Progress (5): 18 kB | 38 kB | 44 kB | 522 kB | 0.1/1.9 MB
Progress (5): 18 kB | 38 kB | 44 kB | 522 kB | 0.1/1.9 MB
Progress (5): 18 kB | 38 kB | 44 kB | 522 kB | 0.2/1.9 MB
Progress (5): 18 kB | 38 kB | 44 kB | 522 kB | 0.2/1.9 MB
Progress (5): 18 kB | 38 kB | 44 kB | 522 kB | 0.2/1.9 MB
Progress (5): 18 kB | 38 kB | 44 kB | 522 kB | 0.2/1.9 MB
Progress (5): 18 kB | 38 kB | 44 kB | 522 kB | 0.2/1.9 MB
Progress (5): 18 kB | 38 kB | 44 kB | 522 kB | 0.2/1.9 MB
Progress (5): 18 kB | 38 kB | 44 kB | 522 kB | 0.3/1.9 MB
Progress (5): 18 kB | 38 kB | 44 kB | 522 kB | 0.3/1.9 MB
Progress (5): 18 kB | 38 kB | 44 kB | 522 kB | 0.3/1.9 MB
Progress (5): 18 kB | 38 kB | 44 kB | 522 kB | 0.3/1.9 MB
Progress (5): 18 kB | 38 kB | 44 kB | 522 kB | 0.3/1.9 MB
Progress (5): 18 kB | 38 kB | 44 kB | 522 kB | 0.3/1.9 MB
Progress (5): 18 kB | 38 kB | 44 kB | 522 kB | 0.3/1.9 MB
Progress (5): 18 kB | 38 kB | 44 kB | 522 kB | 0.4/1.9 MB
Progress (5): 18 kB | 38 kB | 44 kB | 522 kB | 0.4/1.9 MB
Progress (5): 18 kB | 38 kB | 44 kB | 522 kB | 0.4/1.9 MB
Progress (5): 18 kB | 38 kB | 44 kB | 522 kB | 0.4/1.9 MB
Progress (5): 18 kB | 38 kB | 44 kB | 522 kB | 0.4/1.9 MB
Progress (5): 18 kB | 38 kB | 44 kB | 522 kB | 0.4/1.9 MB
Progress (5): 18 kB | 38 kB | 44 kB | 522 kB | 0.5/1.9 MB
Progress (5): 18 kB | 38 kB | 44 kB | 522 kB | 0.5/1.9 MB
Progress (5): 18 kB | 38 kB | 44 kB | 522 kB | 0.5/1.9 MB
Progress (5): 18 kB | 38 kB | 44 kB | 522 kB | 0.5/1.9 MB
Progress (5): 18 kB | 38 kB | 44 kB | 522 kB | 0.5/1.9 MB
Progress (5): 18 kB | 38 kB | 44 kB | 522 kB | 0.5/1.9 MB
Progress (5): 18 kB | 38 kB | 44 kB | 522 kB | 0.5/1.9 MB
Progress (5): 18 kB | 38 kB | 44 kB | 522 kB | 0.6/1.9 MB
Progress (5): 18 kB | 38 kB | 44 kB | 522 kB | 0.6/1.9 MB
Progress (5): 18 kB | 38 kB | 44 kB | 522 kB | 0.6/1.9 MB
Progress (5): 18 kB | 38 kB | 44 kB | 522 kB | 0.6/1.9 MB
Progress (5): 18 kB | 38 kB | 44 kB | 522 kB | 0.6/1.9 MB
Progress (5): 18 kB | 38 kB | 44 kB | 522 kB | 0.6/1.9 MB
Progress (5): 18 kB | 38 kB | 44 kB | 522 kB | 0.7/1.9 MB
Progress (5): 18 kB | 38 kB | 44 kB | 522 kB | 0.7/1.9 MB
Progress (5): 18 kB | 38 kB | 44 kB | 522 kB | 0.7/1.9 MB
Progress (5): 18 kB | 38 kB | 44 kB | 522 kB | 0.7/1.9 MB
Progress (5): 18 kB | 38 kB | 44 kB | 522 kB | 0.7/1.9 MB
Progress (5): 18 kB | 38 kB | 44 kB | 522 kB | 0.7/1.9 MB
Progress (5): 18 kB | 38 kB | 44 kB | 522 kB | 0.8/1.9 MB
Progress (5): 18 kB | 38 kB | 44 kB | 522 kB | 0.8/1.9 MB
Progress (5): 18 kB | 38 kB | 44 kB | 522 kB | 0.8/1.9 MB
Progress (5): 18 kB | 38 kB | 44 kB | 522 kB | 0.8/1.9 MB
Progress (5): 18 kB | 38 kB | 44 kB | 522 kB | 0.8/1.9 MB
Progress (5): 18 kB | 38 kB | 44 kB | 522 kB | 0.8/1.9 MB
Progress (5): 18 kB | 38 kB | 44 kB | 522 kB | 0.9/1.9 MB
Progress (5): 18 kB | 38 kB | 44 kB | 522 kB | 0.9/1.9 MB
Progress (5): 18 kB | 38 kB | 44 kB | 522 kB | 0.9/1.9 MB
Progress (5): 18 kB | 38 kB | 44 kB | 522 kB | 0.9/1.9 MB
Progress (5): 18 kB | 38 kB | 44 kB | 522 kB | 0.9/1.9 MB
Progress (5): 18 kB | 38 kB | 44 kB | 522 kB | 0.9/1.9 MB
Progress (5): 18 kB | 38 kB | 44 kB | 522 kB | 1.0/1.9 MB
Progress (5): 18 kB | 38 kB | 44 kB | 522 kB | 1.0/1.9 MB
Progress (5): 18 kB | 38 kB | 44 kB | 522 kB | 1.0/1.9 MB
Progress (5): 18 kB | 38 kB | 44 kB | 522 kB | 1.0/1.9 MB
Progress (5): 18 kB | 38 kB | 44 kB | 522 kB | 1.0/1.9 MB
Progress (5): 18 kB | 38 kB | 44 kB | 522 kB | 1.0/1.9 MB
Progress (5): 18 kB | 38 kB | 44 kB | 522 kB | 1.1/1.9 MB
Progress (5): 18 kB | 38 kB | 44 kB | 522 kB | 1.1/1.9 MB
Progress (5): 18 kB | 38 kB | 44 kB | 522 kB | 1.1/1.9 MB
Progress (5): 18 kB | 38 kB | 44 kB | 522 kB | 1.1/1.9 MB
Progress (5): 18 kB | 38 kB | 44 kB | 522 kB | 1.1/1.9 MB
Progress (5): 18 kB | 38 kB | 44 kB | 522 kB | 1.1/1.9 MB
Progress (5): 18 kB | 38 kB | 44 kB | 522 kB | 1.2/1.9 MB
Progress (5): 18 kB | 38 kB | 44 kB | 522 kB | 1.2/1.9 MB
Progress (5): 18 kB | 38 kB | 44 kB | 522 kB | 1.2/1.9 MB
Progress (5): 18 kB | 38 kB | 44 kB | 522 kB | 1.2/1.9 MB
                                                         
Downloaded from aliyunmaven: https://maven.aliyun.com/repository/public/io/netty/netty-transport/4.1.135.Final/netty-transport-4.1.135.Final.jar (522 kB at 2.6 MB/s)
Downloading from aliyunmaven: https://maven.aliyun.com/repository/public/org/reactivestreams/reactive-streams/1.0.4/reactive-streams-1.0.4.jar
Progress (4): 18 kB | 38 kB | 44 kB | 1.2/1.9 MB
Progress (4): 18 kB | 38 kB | 44 kB | 1.2/1.9 MB
Progress (4): 18 kB | 38 kB | 44 kB | 1.3/1.9 MB
Progress (4): 18 kB | 38 kB | 44 kB | 1.3/1.9 MB
Progress (4): 18 kB | 38 kB | 44 kB | 1.3/1.9 MB
Progress (4): 18 kB | 38 kB | 44 kB | 1.3/1.9 MB
Progress (4): 18 kB | 38 kB | 44 kB | 1.3/1.9 MB
Progress (4): 18 kB | 38 kB | 44 kB | 1.3/1.9 MB
Progress (4): 18 kB | 38 kB | 44 kB | 1.4/1.9 MB
Progress (4): 18 kB | 38 kB | 44 kB | 1.4/1.9 MB
Progress (4): 18 kB | 38 kB | 44 kB | 1.4/1.9 MB
Progress (4): 18 kB | 38 kB | 44 kB | 1.4/1.9 MB
Progress (4): 18 kB | 38 kB | 44 kB | 1.4/1.9 MB
Progress (4): 18 kB | 38 kB | 44 kB | 1.4/1.9 MB
Progress (4): 18 kB | 38 kB | 44 kB | 1.5/1.9 MB
Progress (4): 18 kB | 38 kB | 44 kB | 1.5/1.9 MB
Progress (4): 18 kB | 38 kB | 44 kB | 1.5/1.9 MB
Progress (4): 18 kB | 38 kB | 44 kB | 1.5/1.9 MB
Progress (4): 18 kB | 38 kB | 44 kB | 1.5/1.9 MB
Progress (4): 18 kB | 38 kB | 44 kB | 1.5/1.9 MB
Progress (4): 18 kB | 38 kB | 44 kB | 1.5/1.9 MB
Progress (4): 18 kB | 38 kB | 44 kB | 1.6/1.9 MB
Progress (4): 18 kB | 38 kB | 44 kB | 1.6/1.9 MB
Progress (4): 18 kB | 38 kB | 44 kB | 1.6/1.9 MB
Progress (4): 18 kB | 38 kB | 44 kB | 1.6/1.9 MB
Progress (4): 18 kB | 38 kB | 44 kB | 1.6/1.9 MB
Progress (5): 18 kB | 38 kB | 44 kB | 1.6/1.9 MB | 3.4/12 kB
Progress (5): 18 kB | 38 kB | 44 kB | 1.6/1.9 MB | 12 kB    
Progress (5): 18 kB | 38 kB | 44 kB | 1.6/1.9 MB | 12 kB
Progress (5): 18 kB | 38 kB | 44 kB | 1.7/1.9 MB | 12 kB
Progress (5): 18 kB | 38 kB | 44 kB | 1.7/1.9 MB | 12 kB
Progress (5): 18 kB | 38 kB | 44 kB | 1.7/1.9 MB | 12 kB
Progress (5): 18 kB | 38 kB | 44 kB | 1.7/1.9 MB | 12 kB
Progress (5): 18 kB | 38 kB | 44 kB | 1.7/1.9 MB | 12 kB
Progress (5): 18 kB | 38 kB | 44 kB | 1.7/1.9 MB | 12 kB
Progress (5): 18 kB | 38 kB | 44 kB | 1.8/1.9 MB | 12 kB
Progress (5): 18 kB | 38 kB | 44 kB | 1.8/1.9 MB | 12 kB
Progress (5): 18 kB | 38 kB | 44 kB | 1.8/1.9 MB | 12 kB
Progress (5): 18 kB | 38 kB | 44 kB | 1.8/1.9 MB | 12 kB
Progress (5): 18 kB | 38 kB | 44 kB | 1.8/1.9 MB | 12 kB
Progress (5): 18 kB | 38 kB | 44 kB | 1.8/1.9 MB | 12 kB
Progress (5): 18 kB | 38 kB | 44 kB | 1.9/1.9 MB | 12 kB
Progress (5): 18 kB | 38 kB | 44 kB | 1.9/1.9 MB | 12 kB
Progress (5): 18 kB | 38 kB | 44 kB | 1.9/1.9 MB | 12 kB
Progress (5): 18 kB | 38 kB | 44 kB | 1.9 MB | 12 kB    
                                                    
Downloaded from aliyunmaven: https://maven.aliyun.com/repository/public/redis/clients/authentication/redis-authx-core/0.1.1-beta2/redis-authx-core-0.1.1-beta2.jar (18 kB at 72 kB/s)
Downloading from aliyunmaven: https://maven.aliyun.com/repository/public/org/springframework/data/spring-data-redis/3.5.12/spring-data-redis-3.5.12.jar
Progress (5): 38 kB | 44 kB | 1.9 MB | 12 kB | 0/2.3 MB
Progress (5): 38 kB | 44 kB | 1.9 MB | 12 kB | 0/2.3 MB
Progress (5): 38 kB | 44 kB | 1.9 MB | 12 kB | 0/2.3 MB
Progress (5): 38 kB | 44 kB | 1.9 MB | 12 kB | 0.1/2.3 MB
Progress (5): 38 kB | 44 kB | 1.9 MB | 12 kB | 0.1/2.3 MB
Progress (5): 38 kB | 44 kB | 1.9 MB | 12 kB | 0.1/2.3 MB
Progress (5): 38 kB | 44 kB | 1.9 MB | 12 kB | 0.1/2.3 MB
Progress (5): 38 kB | 44 kB | 1.9 MB | 12 kB | 0.1/2.3 MB
Progress (5): 38 kB | 44 kB | 1.9 MB | 12 kB | 0.1/2.3 MB
Progress (5): 38 kB | 44 kB | 1.9 MB | 12 kB | 0.1/2.3 MB
Progress (5): 38 kB | 44 kB | 1.9 MB | 12 kB | 0.2/2.3 MB
Progress (5): 38 kB | 44 kB | 1.9 MB | 12 kB | 0.2/2.3 MB
Progress (5): 38 kB | 44 kB | 1.9 MB | 12 kB | 0.2/2.3 MB
Progress (5): 38 kB | 44 kB | 1.9 MB | 12 kB | 0.2/2.3 MB
Progress (5): 38 kB | 44 kB | 1.9 MB | 12 kB | 0.2/2.3 MB
Progress (5): 38 kB | 44 kB | 1.9 MB | 12 kB | 0.2/2.3 MB
Progress (5): 38 kB | 44 kB | 1.9 MB | 12 kB | 0.3/2.3 MB
Progress (5): 38 kB | 44 kB | 1.9 MB | 12 kB | 0.3/2.3 MB
Progress (5): 38 kB | 44 kB | 1.9 MB | 12 kB | 0.3/2.3 MB
Progress (5): 38 kB | 44 kB | 1.9 MB | 12 kB | 0.3/2.3 MB
Progress (5): 38 kB | 44 kB | 1.9 MB | 12 kB | 0.3/2.3 MB
Progress (5): 38 kB | 44 kB | 1.9 MB | 12 kB | 0.3/2.3 MB
Progress (5): 38 kB | 44 kB | 1.9 MB | 12 kB | 0.4/2.3 MB
Progress (5): 38 kB | 44 kB | 1.9 MB | 12 kB | 0.4/2.3 MB
Progress (5): 38 kB | 44 kB | 1.9 MB | 12 kB | 0.4/2.3 MB
Progress (5): 38 kB | 44 kB | 1.9 MB | 12 kB | 0.4/2.3 MB
Progress (5): 38 kB | 44 kB | 1.9 MB | 12 kB | 0.4/2.3 MB
Progress (5): 38 kB | 44 kB | 1.9 MB | 12 kB | 0.4/2.3 MB
Progress (5): 38 kB | 44 kB | 1.9 MB | 12 kB | 0.4/2.3 MB
Progress (5): 38 kB | 44 kB | 1.9 MB | 12 kB | 0.5/2.3 MB
Progress (5): 38 kB | 44 kB | 1.9 MB | 12 kB | 0.5/2.3 MB
Progress (5): 38 kB | 44 kB | 1.9 MB | 12 kB | 0.5/2.3 MB
Progress (5): 38 kB | 44 kB | 1.9 MB | 12 kB | 0.5/2.3 MB
Progress (5): 38 kB | 44 kB | 1.9 MB | 12 kB | 0.5/2.3 MB
Progress (5): 38 kB | 44 kB | 1.9 MB | 12 kB | 0.5/2.3 MB
Progress (5): 38 kB | 44 kB | 1.9 MB | 12 kB | 0.6/2.3 MB
Progress (5): 38 kB | 44 kB | 1.9 MB | 12 kB | 0.6/2.3 MB
Progress (5): 38 kB | 44 kB | 1.9 MB | 12 kB | 0.6/2.3 MB
Progress (5): 38 kB | 44 kB | 1.9 MB | 12 kB | 0.6/2.3 MB
Progress (5): 38 kB | 44 kB | 1.9 MB | 12 kB | 0.6/2.3 MB
Progress (5): 38 kB | 44 kB | 1.9 MB | 12 kB | 0.6/2.3 MB
Progress (5): 38 kB | 44 kB | 1.9 MB | 12 kB | 0.7/2.3 MB
Progress (5): 38 kB | 44 kB | 1.9 MB | 12 kB | 0.7/2.3 MB
Progress (5): 38 kB | 44 kB | 1.9 MB | 12 kB | 0.7/2.3 MB
Progress (5): 38 kB | 44 kB | 1.9 MB | 12 kB | 0.7/2.3 MB
Progress (5): 38 kB | 44 kB | 1.9 MB | 12 kB | 0.7/2.3 MB
Progress (5): 38 kB | 44 kB | 1.9 MB | 12 kB | 0.7/2.3 MB
Progress (5): 38 kB | 44 kB | 1.9 MB | 12 kB | 0.8/2.3 MB
Progress (5): 38 kB | 44 kB | 1.9 MB | 12 kB | 0.8/2.3 MB
Progress (5): 38 kB | 44 kB | 1.9 MB | 12 kB | 0.8/2.3 MB
Progress (5): 38 kB | 44 kB | 1.9 MB | 12 kB | 0.8/2.3 MB
Progress (5): 38 kB | 44 kB | 1.9 MB | 12 kB | 0.8/2.3 MB
Progress (5): 38 kB | 44 kB | 1.9 MB | 12 kB | 0.8/2.3 MB
Progress (5): 38 kB | 44 kB | 1.9 MB | 12 kB | 0.9/2.3 MB
Progress (5): 38 kB | 44 kB | 1.9 MB | 12 kB | 0.9/2.3 MB
Progress (5): 38 kB | 44 kB | 1.9 MB | 12 kB | 0.9/2.3 MB
Progress (5): 38 kB | 44 kB | 1.9 MB | 12 kB | 0.9/2.3 MB
Progress (5): 38 kB | 44 kB | 1.9 MB | 12 kB | 0.9/2.3 MB
Progress (5): 38 kB | 44 kB | 1.9 MB | 12 kB | 0.9/2.3 MB
Progress (5): 38 kB | 44 kB | 1.9 MB | 12 kB | 1.0/2.3 MB
Progress (5): 38 kB | 44 kB | 1.9 MB | 12 kB | 1.0/2.3 MB
Progress (5): 38 kB | 44 kB | 1.9 MB | 12 kB | 1.0/2.3 MB
Progress (5): 38 kB | 44 kB | 1.9 MB | 12 kB | 1.0/2.3 MB
Progress (5): 38 kB | 44 kB | 1.9 MB | 12 kB | 1.0/2.3 MB
Progress (5): 38 kB | 44 kB | 1.9 MB | 12 kB | 1.0/2.3 MB
Progress (5): 38 kB | 44 kB | 1.9 MB | 12 kB | 1.0/2.3 MB
Progress (5): 38 kB | 44 kB | 1.9 MB | 12 kB | 1.1/2.3 MB
Progress (5): 38 kB | 44 kB | 1.9 MB | 12 kB | 1.1/2.3 MB
Progress (5): 38 kB | 44 kB | 1.9 MB | 12 kB | 1.1/2.3 MB
Progress (5): 38 kB | 44 kB | 1.9 MB | 12 kB | 1.1/2.3 MB
Progress (5): 38 kB | 44 kB | 1.9 MB | 12 kB | 1.1/2.3 MB
Progress (5): 38 kB | 44 kB | 1.9 MB | 12 kB | 1.1/2.3 MB
Progress (5): 38 kB | 44 kB | 1.9 MB | 12 kB | 1.2/2.3 MB
Progress (5): 38 kB | 44 kB | 1.9 MB | 12 kB | 1.2/2.3 MB
Progress (5): 38 kB | 44 kB | 1.9 MB | 12 kB | 1.2/2.3 MB
Progress (5): 38 kB | 44 kB | 1.9 MB | 12 kB | 1.2/2.3 MB
Progress (5): 38 kB | 44 kB | 1.9 MB | 12 kB | 1.2/2.3 MB
Progress (5): 38 kB | 44 kB | 1.9 MB | 12 kB | 1.2/2.3 MB
Progress (5): 38 kB | 44 kB | 1.9 MB | 12 kB | 1.3/2.3 MB
Progress (5): 38 kB | 44 kB | 1.9 MB | 12 kB | 1.3/2.3 MB
Progress (5): 38 kB | 44 kB | 1.9 MB | 12 kB | 1.3/2.3 MB
Progress (5): 38 kB | 44 kB | 1.9 MB | 12 kB | 1.3/2.3 MB
Progress (5): 38 kB | 44 kB | 1.9 MB | 12 kB | 1.3/2.3 MB
Progress (5): 38 kB | 44 kB | 1.9 MB | 12 kB | 1.3/2.3 MB
Progress (5): 38 kB | 44 kB | 1.9 MB | 12 kB | 1.4/2.3 MB
Progress (5): 38 kB | 44 kB | 1.9 MB | 12 kB | 1.4/2.3 MB
Progress (5): 38 kB | 44 kB | 1.9 MB | 12 kB | 1.4/2.3 MB
Progress (5): 38 kB | 44 kB | 1.9 MB | 12 kB | 1.4/2.3 MB
Progress (5): 38 kB | 44 kB | 1.9 MB | 12 kB | 1.4/2.3 MB
Progress (5): 38 kB | 44 kB | 1.9 MB | 12 kB | 1.4/2.3 MB
Progress (5): 38 kB | 44 kB | 1.9 MB | 12 kB | 1.5/2.3 MB
Progress (5): 38 kB | 44 kB | 1.9 MB | 12 kB | 1.5/2.3 MB
Progress (5): 38 kB | 44 kB | 1.9 MB | 12 kB | 1.5/2.3 MB
Progress (5): 38 kB | 44 kB | 1.9 MB | 12 kB | 1.5/2.3 MB
Progress (5): 38 kB | 44 kB | 1.9 MB | 12 kB | 1.5/2.3 MB
Progress (5): 38 kB | 44 kB | 1.9 MB | 12 kB | 1.5/2.3 MB
Progress (5): 38 kB | 44 kB | 1.9 MB | 12 kB | 1.6/2.3 MB
Progress (5): 38 kB | 44 kB | 1.9 MB | 12 kB | 1.6/2.3 MB
Progress (5): 38 kB | 44 kB | 1.9 MB | 12 kB | 1.6/2.3 MB
Progress (5): 38 kB | 44 kB | 1.9 MB | 12 kB | 1.6/2.3 MB
Progress (5): 38 kB | 44 kB | 1.9 MB | 12 kB | 1.6/2.3 MB
Progress (5): 38 kB | 44 kB | 1.9 MB | 12 kB | 1.6/2.3 MB
Progress (5): 38 kB | 44 kB | 1.9 MB | 12 kB | 1.7/2.3 MB
Progress (5): 38 kB | 44 kB | 1.9 MB | 12 kB | 1.7/2.3 MB
Progress (5): 38 kB | 44 kB | 1.9 MB | 12 kB | 1.7/2.3 MB
Progress (5): 38 kB | 44 kB | 1.9 MB | 12 kB | 1.7/2.3 MB
Progress (5): 38 kB | 44 kB | 1.9 MB | 12 kB | 1.7/2.3 MB
Progress (5): 38 kB | 44 kB | 1.9 MB | 12 kB | 1.7/2.3 MB
Progress (5): 38 kB | 44 kB | 1.9 MB | 12 kB | 1.8/2.3 MB
Progress (5): 38 kB | 44 kB | 1.9 MB | 12 kB | 1.8/2.3 MB
Progress (5): 38 kB | 44 kB | 1.9 MB | 12 kB | 1.8/2.3 MB
Progress (5): 38 kB | 44 kB | 1.9 MB | 12 kB | 1.8/2.3 MB
Progress (5): 38 kB | 44 kB | 1.9 MB | 12 kB | 1.8/2.3 MB
Progress (5): 38 kB | 44 kB | 1.9 MB | 12 kB | 1.8/2.3 MB
Progress (5): 38 kB | 44 kB | 1.9 MB | 12 kB | 1.9/2.3 MB
Progress (5): 38 kB | 44 kB | 1.9 MB | 12 kB | 1.9/2.3 MB
Progress (5): 38 kB | 44 kB | 1.9 MB | 12 kB | 1.9/2.3 MB
Progress (5): 38 kB | 44 kB | 1.9 MB | 12 kB | 1.9/2.3 MB
Progress (5): 38 kB | 44 kB | 1.9 MB | 12 kB | 1.9/2.3 MB
Progress (5): 38 kB | 44 kB | 1.9 MB | 12 kB | 1.9/2.3 MB
Progress (5): 38 kB | 44 kB | 1.9 MB | 12 kB | 1.9/2.3 MB
Progress (5): 38 kB | 44 kB | 1.9 MB | 12 kB | 2.0/2.3 MB
Progress (5): 38 kB | 44 kB | 1.9 MB | 12 kB | 2.0/2.3 MB
Progress (5): 38 kB | 44 kB | 1.9 MB | 12 kB | 2.0/2.3 MB
Progress (5): 38 kB | 44 kB | 1.9 MB | 12 kB | 2.0/2.3 MB
Progress (5): 38 kB | 44 kB | 1.9 MB | 12 kB | 2.0/2.3 MB
Progress (5): 38 kB | 44 kB | 1.9 MB | 12 kB | 2.0/2.3 MB
Progress (5): 38 kB | 44 kB | 1.9 MB | 12 kB | 2.1/2.3 MB
Progress (5): 38 kB | 44 kB | 1.9 MB | 12 kB | 2.1/2.3 MB
Progress (5): 38 kB | 44 kB | 1.9 MB | 12 kB | 2.1/2.3 MB
Progress (5): 38 kB | 44 kB | 1.9 MB | 12 kB | 2.1/2.3 MB
Progress (5): 38 kB | 44 kB | 1.9 MB | 12 kB | 2.1/2.3 MB
Progress (5): 38 kB | 44 kB | 1.9 MB | 12 kB | 2.1/2.3 MB
Progress (5): 38 kB | 44 kB | 1.9 MB | 12 kB | 2.2/2.3 MB
Progress (5): 38 kB | 44 kB | 1.9 MB | 12 kB | 2.2/2.3 MB
Progress (5): 38 kB | 44 kB | 1.9 MB | 12 kB | 2.2/2.3 MB
Progress (5): 38 kB | 44 kB | 1.9 MB | 12 kB | 2.2/2.3 MB
Progress (5): 38 kB | 44 kB | 1.9 MB | 12 kB | 2.2/2.3 MB
Progress (5): 38 kB | 44 kB | 1.9 MB | 12 kB | 2.2/2.3 MB
Progress (5): 38 kB | 44 kB | 1.9 MB | 12 kB | 2.3/2.3 MB
Progress (5): 38 kB | 44 kB | 1.9 MB | 12 kB | 2.3 MB    
                                                     
Downloaded from aliyunmaven: https://maven.aliyun.com/repository/public/io/netty/netty-resolver/4.1.135.Final/netty-resolver-4.1.135.Final.jar (38 kB at 111 kB/s)
Downloading from aliyunmaven: https://maven.aliyun.com/repository/public/org/springframework/data/spring-data-keyvalue/3.5.12/spring-data-keyvalue-3.5.12.jar
Progress (5): 44 kB | 1.9 MB | 12 kB | 2.3 MB | 1.9/138 kB
Progress (5): 44 kB | 1.9 MB | 12 kB | 2.3 MB | 18/138 kB 
Progress (5): 44 kB | 1.9 MB | 12 kB | 2.3 MB | 35/138 kB
Progress (5): 44 kB | 1.9 MB | 12 kB | 2.3 MB | 51/138 kB
Progress (5): 44 kB | 1.9 MB | 12 kB | 2.3 MB | 67/138 kB
Progress (5): 44 kB | 1.9 MB | 12 kB | 2.3 MB | 84/138 kB
Progress (5): 44 kB | 1.9 MB | 12 kB | 2.3 MB | 100/138 kB
Progress (5): 44 kB | 1.9 MB | 12 kB | 2.3 MB | 117/138 kB
Progress (5): 44 kB | 1.9 MB | 12 kB | 2.3 MB | 133/138 kB
Progress (5): 44 kB | 1.9 MB | 12 kB | 2.3 MB | 138 kB    
                                                      
Downloaded from aliyunmaven: https://maven.aliyun.com/repository/public/org/reactivestreams/reactive-streams/1.0.4/reactive-streams-1.0.4.jar (12 kB at 32 kB/s)
Downloading from aliyunmaven: https://maven.aliyun.com/repository/public/org/springframework/data/spring-data-commons/3.5.12/spring-data-commons-3.5.12.jar
Progress (5): 44 kB | 1.9 MB | 2.3 MB | 138 kB | 0/1.5 MB
Progress (5): 44 kB | 1.9 MB | 2.3 MB | 138 kB | 0/1.5 MB
Progress (5): 44 kB | 1.9 MB | 2.3 MB | 138 kB | 0/1.5 MB
Progress (5): 44 kB | 1.9 MB | 2.3 MB | 138 kB | 0.1/1.5 MB
Progress (5): 44 kB | 1.9 MB | 2.3 MB | 138 kB | 0.1/1.5 MB
Progress (5): 44 kB | 1.9 MB | 2.3 MB | 138 kB | 0.1/1.5 MB
Progress (5): 44 kB | 1.9 MB | 2.3 MB | 138 kB | 0.1/1.5 MB
Progress (5): 44 kB | 1.9 MB | 2.3 MB | 138 kB | 0.1/1.5 MB
Progress (5): 44 kB | 1.9 MB | 2.3 MB | 138 kB | 0.1/1.5 MB
Progress (5): 44 kB | 1.9 MB | 2.3 MB | 138 kB | 0.2/1.5 MB
Progress (5): 44 kB | 1.9 MB | 2.3 MB | 138 kB | 0.2/1.5 MB
Progress (5): 44 kB | 1.9 MB | 2.3 MB | 138 kB | 0.2/1.5 MB
                                                           
Downloaded from aliyunmaven: https://maven.aliyun.com/repository/public/org/springframework/data/spring-data-redis/3.5.12/spring-data-redis-3.5.12.jar (2.3 MB at 5.8 MB/s)
Downloading from aliyunmaven: https://maven.aliyun.com/repository/public/org/springframework/spring-tx/6.2.19/spring-tx-6.2.19.jar
Progress (4): 44 kB | 1.9 MB | 138 kB | 0.2/1.5 MB
Progress (4): 44 kB | 1.9 MB | 138 kB | 0.2/1.5 MB
Progress (4): 44 kB | 1.9 MB | 138 kB | 0.2/1.5 MB
Progress (4): 44 kB | 1.9 MB | 138 kB | 0.3/1.5 MB
Progress (4): 44 kB | 1.9 MB | 138 kB | 0.3/1.5 MB
Progress (4): 44 kB | 1.9 MB | 138 kB | 0.3/1.5 MB
Progress (4): 44 kB | 1.9 MB | 138 kB | 0.3/1.5 MB
Progress (4): 44 kB | 1.9 MB | 138 kB | 0.3/1.5 MB
Progress (4): 44 kB | 1.9 MB | 138 kB | 0.3/1.5 MB
Progress (4): 44 kB | 1.9 MB | 138 kB | 0.4/1.5 MB
Progress (4): 44 kB | 1.9 MB | 138 kB | 0.4/1.5 MB
Progress (4): 44 kB | 1.9 MB | 138 kB | 0.4/1.5 MB
Progress (4): 44 kB | 1.9 MB | 138 kB | 0.4/1.5 MB
Progress (4): 44 kB | 1.9 MB | 138 kB | 0.4/1.5 MB
Progress (4): 44 kB | 1.9 MB | 138 kB | 0.4/1.5 MB
Progress (4): 44 kB | 1.9 MB | 138 kB | 0.4/1.5 MB
Progress (4): 44 kB | 1.9 MB | 138 kB | 0.5/1.5 MB
Progress (4): 44 kB | 1.9 MB | 138 kB | 0.5/1.5 MB
Progress (4): 44 kB | 1.9 MB | 138 kB | 0.5/1.5 MB
Progress (4): 44 kB | 1.9 MB | 138 kB | 0.5/1.5 MB
Progress (4): 44 kB | 1.9 MB | 138 kB | 0.5/1.5 MB
Progress (4): 44 kB | 1.9 MB | 138 kB | 0.5/1.5 MB
Progress (4): 44 kB | 1.9 MB | 138 kB | 0.5/1.5 MB
Progress (4): 44 kB | 1.9 MB | 138 kB | 0.6/1.5 MB
Progress (4): 44 kB | 1.9 MB | 138 kB | 0.6/1.5 MB
Progress (4): 44 kB | 1.9 MB | 138 kB | 0.6/1.5 MB
Progress (4): 44 kB | 1.9 MB | 138 kB | 0.6/1.5 MB
Progress (4): 44 kB | 1.9 MB | 138 kB | 0.6/1.5 MB
Progress (4): 44 kB | 1.9 MB | 138 kB | 0.6/1.5 MB
Progress (4): 44 kB | 1.9 MB | 138 kB | 0.7/1.5 MB
Progress (4): 44 kB | 1.9 MB | 138 kB | 0.7/1.5 MB
Progress (4): 44 kB | 1.9 MB | 138 kB | 0.7/1.5 MB
Progress (4): 44 kB | 1.9 MB | 138 kB | 0.7/1.5 MB
Progress (4): 44 kB | 1.9 MB | 138 kB | 0.7/1.5 MB
Progress (4): 44 kB | 1.9 MB | 138 kB | 0.7/1.5 MB
Progress (4): 44 kB | 1.9 MB | 138 kB | 0.8/1.5 MB
Progress (4): 44 kB | 1.9 MB | 138 kB | 0.8/1.5 MB
Progress (4): 44 kB | 1.9 MB | 138 kB | 0.8/1.5 MB
Progress (4): 44 kB | 1.9 MB | 138 kB | 0.8/1.5 MB
Progress (4): 44 kB | 1.9 MB | 138 kB | 0.8/1.5 MB
Progress (4): 44 kB | 1.9 MB | 138 kB | 0.8/1.5 MB
Progress (4): 44 kB | 1.9 MB | 138 kB | 0.9/1.5 MB
Progress (4): 44 kB | 1.9 MB | 138 kB | 0.9/1.5 MB
Progress (5): 44 kB | 1.9 MB | 138 kB | 0.9/1.5 MB | 4.8/290 kB
Progress (5): 44 kB | 1.9 MB | 138 kB | 0.9/1.5 MB | 4.8/290 kB
Progress (5): 44 kB | 1.9 MB | 138 kB | 0.9/1.5 MB | 21/290 kB 
Progress (5): 44 kB | 1.9 MB | 138 kB | 0.9/1.5 MB | 38/290 kB
Progress (5): 44 kB | 1.9 MB | 138 kB | 0.9/1.5 MB | 54/290 kB
Progress (5): 44 kB | 1.9 MB | 138 kB | 0.9/1.5 MB | 70/290 kB
Progress (5): 44 kB | 1.9 MB | 138 kB | 0.9/1.5 MB | 87/290 kB
Progress (5): 44 kB | 1.9 MB | 138 kB | 0.9/1.5 MB | 87/290 kB
Progress (5): 44 kB | 1.9 MB | 138 kB | 0.9/1.5 MB | 87/290 kB
                                                              
Downloaded from aliyunmaven: https://maven.aliyun.com/repository/public/org/springframework/data/spring-data-keyvalue/3.5.12/spring-data-keyvalue-3.5.12.jar (138 kB at 342 kB/s)
Downloading from aliyunmaven: https://maven.aliyun.com/repository/public/org/springframework/spring-oxm/6.2.19/spring-oxm-6.2.19.jar
Progress (4): 44 kB | 1.9 MB | 0.9/1.5 MB | 87/290 kB
Progress (4): 44 kB | 1.9 MB | 1.0/1.5 MB | 87/290 kB
Progress (4): 44 kB | 1.9 MB | 1.0/1.5 MB | 103/290 kB
Progress (4): 44 kB | 1.9 MB | 1.0/1.5 MB | 119/290 kB
Progress (4): 44 kB | 1.9 MB | 1.0/1.5 MB | 136/290 kB
Progress (4): 44 kB | 1.9 MB | 1.0/1.5 MB | 152/290 kB
Progress (4): 44 kB | 1.9 MB | 1.0/1.5 MB | 152/290 kB
Progress (4): 44 kB | 1.9 MB | 1.0/1.5 MB | 152/290 kB
Progress (4): 44 kB | 1.9 MB | 1.0/1.5 MB | 152/290 kB
Progress (4): 44 kB | 1.9 MB | 1.0/1.5 MB | 152/290 kB
Progress (4): 44 kB | 1.9 MB | 1.0/1.5 MB | 169/290 kB
Progress (4): 44 kB | 1.9 MB | 1.0/1.5 MB | 185/290 kB
Progress (4): 44 kB | 1.9 MB | 1.0/1.5 MB | 201/290 kB
Progress (4): 44 kB | 1.9 MB | 1.0/1.5 MB | 218/290 kB
Progress (4): 44 kB | 1.9 MB | 1.0/1.5 MB | 218/290 kB
Progress (4): 44 kB | 1.9 MB | 1.0/1.5 MB | 218/290 kB
Progress (4): 44 kB | 1.9 MB | 1.1/1.5 MB | 218/290 kB
Progress (4): 44 kB | 1.9 MB | 1.1/1.5 MB | 218/290 kB
Progress (4): 44 kB | 1.9 MB | 1.1/1.5 MB | 234/290 kB
Progress (4): 44 kB | 1.9 MB | 1.1/1.5 MB | 251/290 kB
Progress (4): 44 kB | 1.9 MB | 1.1/1.5 MB | 267/290 kB
Progress (4): 44 kB | 1.9 MB | 1.1/1.5 MB | 283/290 kB
Progress (4): 44 kB | 1.9 MB | 1.1/1.5 MB | 290 kB    
Progress (4): 44 kB | 1.9 MB | 1.1/1.5 MB | 290 kB
Progress (4): 44 kB | 1.9 MB | 1.1/1.5 MB | 290 kB
Progress (4): 44 kB | 1.9 MB | 1.1/1.5 MB | 290 kB
Progress (4): 44 kB | 1.9 MB | 1.1/1.5 MB | 290 kB
Progress (4): 44 kB | 1.9 MB | 1.2/1.5 MB | 290 kB
Progress (4): 44 kB | 1.9 MB | 1.2/1.5 MB | 290 kB
Progress (4): 44 kB | 1.9 MB | 1.2/1.5 MB | 290 kB
Progress (4): 44 kB | 1.9 MB | 1.2/1.5 MB | 290 kB
Progress (4): 44 kB | 1.9 MB | 1.2/1.5 MB | 290 kB
Progress (4): 44 kB | 1.9 MB | 1.2/1.5 MB | 290 kB
Progress (4): 44 kB | 1.9 MB | 1.3/1.5 MB | 290 kB
Progress (4): 44 kB | 1.9 MB | 1.3/1.5 MB | 290 kB
Progress (4): 44 kB | 1.9 MB | 1.3/1.5 MB | 290 kB
Progress (4): 44 kB | 1.9 MB | 1.3/1.5 MB | 290 kB
Progress (4): 44 kB | 1.9 MB | 1.3/1.5 MB | 290 kB
Progress (4): 44 kB | 1.9 MB | 1.3/1.5 MB | 290 kB
Progress (4): 44 kB | 1.9 MB | 1.4/1.5 MB | 290 kB
Progress (4): 44 kB | 1.9 MB | 1.4/1.5 MB | 290 kB
Progress (4): 44 kB | 1.9 MB | 1.4/1.5 MB | 290 kB
Progress (4): 44 kB | 1.9 MB | 1.4/1.5 MB | 290 kB
Progress (4): 44 kB | 1.9 MB | 1.4/1.5 MB | 290 kB
Progress (4): 44 kB | 1.9 MB | 1.4/1.5 MB | 290 kB
Progress (4): 44 kB | 1.9 MB | 1.5/1.5 MB | 290 kB
Progress (4): 44 kB | 1.9 MB | 1.5/1.5 MB | 290 kB
Progress (4): 44 kB | 1.9 MB | 1.5/1.5 MB | 290 kB
Progress (4): 44 kB | 1.9 MB | 1.5/1.5 MB | 290 kB
Progress (4): 44 kB | 1.9 MB | 1.5/1.5 MB | 290 kB
Progress (4): 44 kB | 1.9 MB | 1.5 MB | 290 kB    
                                              
Downloaded from aliyunmaven: https://maven.aliyun.com/repository/public/io/netty/netty-transport-native-unix-common/4.1.135.Final/netty-transport-native-unix-common-4.1.135.Final.jar (44 kB at 105 kB/s)
Downloading from aliyunmaven: https://maven.aliyun.com/repository/public/org/springframework/spring-context-support/6.2.19/spring-context-support-6.2.19.jar
Progress (4): 1.9 MB | 1.5 MB | 290 kB | 4.8/60 kB
Progress (4): 1.9 MB | 1.5 MB | 290 kB | 21/60 kB 
Progress (4): 1.9 MB | 1.5 MB | 290 kB | 38/60 kB
Progress (4): 1.9 MB | 1.5 MB | 290 kB | 54/60 kB
Progress (4): 1.9 MB | 1.5 MB | 290 kB | 60 kB   
Progress (5): 1.9 MB | 1.5 MB | 290 kB | 60 kB | 0.4/175 kB
Progress (5): 1.9 MB | 1.5 MB | 290 kB | 60 kB | 17/175 kB 
Progress (5): 1.9 MB | 1.5 MB | 290 kB | 60 kB | 33/175 kB
Progress (5): 1.9 MB | 1.5 MB | 290 kB | 60 kB | 50/175 kB
Progress (5): 1.9 MB | 1.5 MB | 290 kB | 60 kB | 66/175 kB
Progress (5): 1.9 MB | 1.5 MB | 290 kB | 60 kB | 82/175 kB
Progress (5): 1.9 MB | 1.5 MB | 290 kB | 60 kB | 99/175 kB
Progress (5): 1.9 MB | 1.5 MB | 290 kB | 60 kB | 115/175 kB
Progress (5): 1.9 MB | 1.5 MB | 290 kB | 60 kB | 131/175 kB
Progress (5): 1.9 MB | 1.5 MB | 290 kB | 60 kB | 148/175 kB
Progress (5): 1.9 MB | 1.5 MB | 290 kB | 60 kB | 164/175 kB
Progress (5): 1.9 MB | 1.5 MB | 290 kB | 60 kB | 175 kB    
                                                       
Downloaded from aliyunmaven: https://maven.aliyun.com/repository/public/io/projectreactor/reactor-core/3.7.19/reactor-core-3.7.19.jar (1.9 MB at 4.3 MB/s)
Downloaded from aliyunmaven: https://maven.aliyun.com/repository/public/org/springframework/spring-tx/6.2.19/spring-tx-6.2.19.jar (290 kB at 658 kB/s)
Downloaded from aliyunmaven: https://maven.aliyun.com/repository/public/org/springframework/data/spring-data-commons/3.5.12/spring-data-commons-3.5.12.jar (1.5 MB at 3.4 MB/s)
Downloaded from aliyunmaven: https://maven.aliyun.com/repository/public/org/springframework/spring-context-support/6.2.19/spring-context-support-6.2.19.jar (175 kB at 376 kB/s)
Downloaded from aliyunmaven: https://maven.aliyun.com/repository/public/org/springframework/spring-oxm/6.2.19/spring-oxm-6.2.19.jar (60 kB at 129 kB/s)
[INFO] 
[INFO] --- clean:3.2.0:clean (default-clean) @ mall-common-redis ---
[INFO] Deleting D:\Desktop\ai-platform\implementation\ai-platform-backend\mall-common\mall-common-redis\target
[INFO] 
[INFO] --- enforcer:3.5.0:enforce (enforce-environment) @ mall-common-redis ---
[INFO] 
[INFO] --- resources:3.3.1:resources (default-resources) @ mall-common-redis ---
[INFO] skip non existing resourceDirectory D:\Desktop\ai-platform\implementation\ai-platform-backend\mall-common\mall-common-redis\src\main\resources
[INFO] 
[INFO] --- compiler:3.14.0:compile (default-compile) @ mall-common-redis ---
[INFO] Recompiling the module because of changed dependency.
[INFO] Compiling 1 source file with javac [debug release 21] to target\classes
[INFO] 
[INFO] --- resources:3.3.1:testResources (default-testResources) @ mall-common-redis ---
[INFO] skip non existing resourceDirectory D:\Desktop\ai-platform\implementation\ai-platform-backend\mall-common\mall-common-redis\src\test\resources
[INFO] 
[INFO] --- compiler:3.14.0:testCompile (default-testCompile) @ mall-common-redis ---
[INFO] No sources to compile
[INFO] 
[INFO] --- surefire:3.5.2:test (default-test) @ mall-common-redis ---
[INFO] Tests are skipped.
[INFO] 
[INFO] --- jar:3.5.0:jar (default-jar) @ mall-common-redis ---
[INFO] Building jar: D:\Desktop\ai-platform\implementation\ai-platform-backend\mall-common\mall-common-redis\target\mall-common-redis-1.0.0-SNAPSHOT.jar
[INFO] 
[INFO] ---------------------< com.ai-mall:mall-common-mq >---------------------
[INFO] Building mall-common-mq 1.0.0-SNAPSHOT                            [8/24]
[INFO]   from mall-common\mall-common-mq\pom.xml
[INFO] --------------------------------[ jar ]---------------------------------
[WARNING] 1 problem was encountered while building the effective model for org.javassist:javassist:jar:3.21.0-GA during dependency collection step for project (use -X to see details)
Downloading from aliyunmaven: https://maven.aliyun.com/repository/public/com/alibaba/cloud/spring-cloud-starter-stream-rocketmq/2025.0.0.0/spring-cloud-starter-stream-rocketmq-2025.0.0.0.jar
Progress (1): 4.8/90 kB
Progress (1): 21/90 kB 
Progress (1): 38/90 kB
Progress (1): 54/90 kB
Progress (1): 70/90 kB
Progress (1): 87/90 kB
Progress (1): 90 kB   
                   
Downloaded from aliyunmaven: https://maven.aliyun.com/repository/public/com/alibaba/cloud/spring-cloud-starter-stream-rocketmq/2025.0.0.0/spring-cloud-starter-stream-rocketmq-2025.0.0.0.jar (90 kB at 1.5 MB/s)
Downloading from aliyunmaven: https://maven.aliyun.com/repository/public/org/springframework/cloud/spring-cloud-stream/4.3.3/spring-cloud-stream-4.3.3.jar
Downloading from aliyunmaven: https://maven.aliyun.com/repository/public/org/springframework/spring-messaging/6.2.19/spring-messaging-6.2.19.jar
Downloading from aliyunmaven: https://maven.aliyun.com/repository/public/org/springframework/integration/spring-integration-core/6.5.9/spring-integration-core-6.5.9.jar
Downloading from aliyunmaven: https://maven.aliyun.com/repository/public/org/springframework/retry/spring-retry/2.0.13/spring-retry-2.0.13.jar
Downloading from aliyunmaven: https://maven.aliyun.com/repository/public/org/springframework/integration/spring-integration-jmx/6.5.9/spring-integration-jmx-6.5.9.jar
Progress (1): 7.3/161 kB
Progress (1): 15/161 kB 
Progress (1): 32/161 kB
Progress (1): 48/161 kB
Progress (1): 64/161 kB
Progress (1): 81/161 kB
Progress (1): 97/161 kB
Progress (1): 114/161 kB
Progress (1): 130/161 kB
Progress (2): 130/161 kB | 7.2/619 kB
Progress (2): 130/161 kB | 15/619 kB 
Progress (2): 130/161 kB | 32/619 kB
Progress (2): 130/161 kB | 48/619 kB
Progress (2): 130/161 kB | 64/619 kB
Progress (2): 130/161 kB | 81/619 kB
Progress (2): 130/161 kB | 97/619 kB
Progress (2): 146/161 kB | 97/619 kB
Progress (2): 161 kB | 97/619 kB    
Progress (2): 161 kB | 114/619 kB
Progress (2): 161 kB | 130/619 kB
Progress (2): 161 kB | 146/619 kB
Progress (2): 161 kB | 163/619 kB
Progress (2): 161 kB | 179/619 kB
Progress (2): 161 kB | 196/619 kB
Progress (2): 161 kB | 212/619 kB
Progress (3): 161 kB | 212/619 kB | 0/1.7 MB
Progress (3): 161 kB | 212/619 kB | 0/1.7 MB
Progress (3): 161 kB | 212/619 kB | 0/1.7 MB
Progress (3): 161 kB | 228/619 kB | 0/1.7 MB
Progress (3): 161 kB | 228/619 kB | 0/1.7 MB
Progress (3): 161 kB | 228/619 kB | 0.1/1.7 MB
Progress (3): 161 kB | 228/619 kB | 0.1/1.7 MB
Progress (3): 161 kB | 228/619 kB | 0.1/1.7 MB
Progress (3): 161 kB | 228/619 kB | 0.1/1.7 MB
Progress (3): 161 kB | 228/619 kB | 0.1/1.7 MB
Progress (3): 161 kB | 228/619 kB | 0.1/1.7 MB
Progress (3): 161 kB | 245/619 kB | 0.1/1.7 MB
Progress (3): 161 kB | 261/619 kB | 0.1/1.7 MB
Progress (3): 161 kB | 277/619 kB | 0.1/1.7 MB
Progress (3): 161 kB | 294/619 kB | 0.1/1.7 MB
Progress (3): 161 kB | 294/619 kB | 0.2/1.7 MB
Progress (3): 161 kB | 294/619 kB | 0.2/1.7 MB
Progress (3): 161 kB | 294/619 kB | 0.2/1.7 MB
Progress (3): 161 kB | 294/619 kB | 0.2/1.7 MB
Progress (3): 161 kB | 294/619 kB | 0.2/1.7 MB
Progress (3): 161 kB | 294/619 kB | 0.2/1.7 MB
Progress (3): 161 kB | 294/619 kB | 0.3/1.7 MB
Progress (3): 161 kB | 294/619 kB | 0.3/1.7 MB
Progress (3): 161 kB | 310/619 kB | 0.3/1.7 MB
Progress (3): 161 kB | 327/619 kB | 0.3/1.7 MB
Progress (3): 161 kB | 343/619 kB | 0.3/1.7 MB
Progress (3): 161 kB | 343/619 kB | 0.3/1.7 MB
Progress (3): 161 kB | 359/619 kB | 0.3/1.7 MB
Progress (3): 161 kB | 359/619 kB | 0.3/1.7 MB
Progress (3): 161 kB | 359/619 kB | 0.3/1.7 MB
Progress (3): 161 kB | 359/619 kB | 0.3/1.7 MB
Progress (3): 161 kB | 359/619 kB | 0.4/1.7 MB
Progress (3): 161 kB | 359/619 kB | 0.4/1.7 MB
Progress (3): 161 kB | 359/619 kB | 0.4/1.7 MB
Progress (3): 161 kB | 359/619 kB | 0.4/1.7 MB
Progress (3): 161 kB | 376/619 kB | 0.4/1.7 MB
Progress (3): 161 kB | 392/619 kB | 0.4/1.7 MB
Progress (3): 161 kB | 400/619 kB | 0.4/1.7 MB
Progress (3): 161 kB | 417/619 kB | 0.4/1.7 MB
Progress (3): 161 kB | 417/619 kB | 0.4/1.7 MB
Progress (3): 161 kB | 417/619 kB | 0.4/1.7 MB
Progress (3): 161 kB | 417/619 kB | 0.5/1.7 MB
Progress (3): 161 kB | 417/619 kB | 0.5/1.7 MB
Progress (3): 161 kB | 417/619 kB | 0.5/1.7 MB
Progress (3): 161 kB | 417/619 kB | 0.5/1.7 MB
Progress (3): 161 kB | 417/619 kB | 0.5/1.7 MB
Progress (3): 161 kB | 417/619 kB | 0.5/1.7 MB
Progress (3): 161 kB | 433/619 kB | 0.5/1.7 MB
Progress (3): 161 kB | 450/619 kB | 0.5/1.7 MB
Progress (3): 161 kB | 466/619 kB | 0.5/1.7 MB
Progress (3): 161 kB | 482/619 kB | 0.5/1.7 MB
Progress (3): 161 kB | 487/619 kB | 0.5/1.7 MB
Progress (3): 161 kB | 503/619 kB | 0.5/1.7 MB
Progress (3): 161 kB | 519/619 kB | 0.5/1.7 MB
Progress (3): 161 kB | 536/619 kB | 0.5/1.7 MB
Progress (3): 161 kB | 552/619 kB | 0.5/1.7 MB
Progress (3): 161 kB | 568/619 kB | 0.5/1.7 MB
Progress (3): 161 kB | 585/619 kB | 0.5/1.7 MB
Progress (3): 161 kB | 601/619 kB | 0.5/1.7 MB
Progress (3): 161 kB | 618/619 kB | 0.5/1.7 MB
Progress (3): 161 kB | 619 kB | 0.5/1.7 MB    
Progress (4): 161 kB | 619 kB | 0.5/1.7 MB | 7.3/69 kB
Progress (4): 161 kB | 619 kB | 0.5/1.7 MB | 15/69 kB 
Progress (4): 161 kB | 619 kB | 0.5/1.7 MB | 32/69 kB
Progress (4): 161 kB | 619 kB | 0.5/1.7 MB | 48/69 kB
Progress (4): 161 kB | 619 kB | 0.5/1.7 MB | 64/69 kB
Progress (4): 161 kB | 619 kB | 0.5/1.7 MB | 69 kB   
Progress (5): 161 kB | 619 kB | 0.5/1.7 MB | 69 kB | 4.8/298 kB
Progress (5): 161 kB | 619 kB | 0.5/1.7 MB | 69 kB | 21/298 kB 
Progress (5): 161 kB | 619 kB | 0.5/1.7 MB | 69 kB | 38/298 kB
Progress (5): 161 kB | 619 kB | 0.5/1.7 MB | 69 kB | 54/298 kB
Progress (5): 161 kB | 619 kB | 0.5/1.7 MB | 69 kB | 70/298 kB
Progress (5): 161 kB | 619 kB | 0.5/1.7 MB | 69 kB | 87/298 kB
Progress (5): 161 kB | 619 kB | 0.5/1.7 MB | 69 kB | 103/298 kB
Progress (5): 161 kB | 619 kB | 0.5/1.7 MB | 69 kB | 119/298 kB
Progress (5): 161 kB | 619 kB | 0.5/1.7 MB | 69 kB | 136/298 kB
Progress (5): 161 kB | 619 kB | 0.5/1.7 MB | 69 kB | 152/298 kB
Progress (5): 161 kB | 619 kB | 0.5/1.7 MB | 69 kB | 169/298 kB
Progress (5): 161 kB | 619 kB | 0.5/1.7 MB | 69 kB | 185/298 kB
Progress (5): 161 kB | 619 kB | 0.5/1.7 MB | 69 kB | 201/298 kB
Progress (5): 161 kB | 619 kB | 0.5/1.7 MB | 69 kB | 218/298 kB
Progress (5): 161 kB | 619 kB | 0.5/1.7 MB | 69 kB | 234/298 kB
Progress (5): 161 kB | 619 kB | 0.5/1.7 MB | 69 kB | 251/298 kB
Progress (5): 161 kB | 619 kB | 0.5/1.7 MB | 69 kB | 267/298 kB
Progress (5): 161 kB | 619 kB | 0.5/1.7 MB | 69 kB | 283/298 kB
Progress (5): 161 kB | 619 kB | 0.5/1.7 MB | 69 kB | 298 kB    
Progress (5): 161 kB | 619 kB | 0.5/1.7 MB | 69 kB | 298 kB
Progress (5): 161 kB | 619 kB | 0.6/1.7 MB | 69 kB | 298 kB
Progress (5): 161 kB | 619 kB | 0.6/1.7 MB | 69 kB | 298 kB
Progress (5): 161 kB | 619 kB | 0.6/1.7 MB | 69 kB | 298 kB
Progress (5): 161 kB | 619 kB | 0.6/1.7 MB | 69 kB | 298 kB
Progress (5): 161 kB | 619 kB | 0.6/1.7 MB | 69 kB | 298 kB
Progress (5): 161 kB | 619 kB | 0.6/1.7 MB | 69 kB | 298 kB
Progress (5): 161 kB | 619 kB | 0.7/1.7 MB | 69 kB | 298 kB
Progress (5): 161 kB | 619 kB | 0.7/1.7 MB | 69 kB | 298 kB
Progress (5): 161 kB | 619 kB | 0.7/1.7 MB | 69 kB | 298 kB
Progress (5): 161 kB | 619 kB | 0.7/1.7 MB | 69 kB | 298 kB
Progress (5): 161 kB | 619 kB | 0.7/1.7 MB | 69 kB | 298 kB
Progress (5): 161 kB | 619 kB | 0.7/1.7 MB | 69 kB | 298 kB
Progress (5): 161 kB | 619 kB | 0.8/1.7 MB | 69 kB | 298 kB
Progress (5): 161 kB | 619 kB | 0.8/1.7 MB | 69 kB | 298 kB
Progress (5): 161 kB | 619 kB | 0.8/1.7 MB | 69 kB | 298 kB
Progress (5): 161 kB | 619 kB | 0.8/1.7 MB | 69 kB | 298 kB
Progress (5): 161 kB | 619 kB | 0.8/1.7 MB | 69 kB | 298 kB
Progress (5): 161 kB | 619 kB | 0.8/1.7 MB | 69 kB | 298 kB
Progress (5): 161 kB | 619 kB | 0.9/1.7 MB | 69 kB | 298 kB
Progress (5): 161 kB | 619 kB | 0.9/1.7 MB | 69 kB | 298 kB
Progress (5): 161 kB | 619 kB | 0.9/1.7 MB | 69 kB | 298 kB
Progress (5): 161 kB | 619 kB | 0.9/1.7 MB | 69 kB | 298 kB
Progress (5): 161 kB | 619 kB | 0.9/1.7 MB | 69 kB | 298 kB
Progress (5): 161 kB | 619 kB | 0.9/1.7 MB | 69 kB | 298 kB
Progress (5): 161 kB | 619 kB | 1.0/1.7 MB | 69 kB | 298 kB
Progress (5): 161 kB | 619 kB | 1.0/1.7 MB | 69 kB | 298 kB
Progress (5): 161 kB | 619 kB | 1.0/1.7 MB | 69 kB | 298 kB
Progress (5): 161 kB | 619 kB | 1.0/1.7 MB | 69 kB | 298 kB
Progress (5): 161 kB | 619 kB | 1.0/1.7 MB | 69 kB | 298 kB
Progress (5): 161 kB | 619 kB | 1.0/1.7 MB | 69 kB | 298 kB
                                                           
Downloaded from aliyunmaven: https://maven.aliyun.com/repository/public/org/springframework/retry/spring-retry/2.0.13/spring-retry-2.0.13.jar (161 kB at 2.4 MB/s)
Downloading from aliyunmaven: https://maven.aliyun.com/repository/public/org/springframework/cloud/spring-cloud-function-context/4.3.4/spring-cloud-function-context-4.3.4.jar
Progress (4): 619 kB | 1.0/1.7 MB | 69 kB | 298 kB
Progress (4): 619 kB | 1.1/1.7 MB | 69 kB | 298 kB
Progress (4): 619 kB | 1.1/1.7 MB | 69 kB | 298 kB
Progress (4): 619 kB | 1.1/1.7 MB | 69 kB | 298 kB
Progress (4): 619 kB | 1.1/1.7 MB | 69 kB | 298 kB
Progress (4): 619 kB | 1.1/1.7 MB | 69 kB | 298 kB
Progress (4): 619 kB | 1.1/1.7 MB | 69 kB | 298 kB
Progress (4): 619 kB | 1.2/1.7 MB | 69 kB | 298 kB
Progress (4): 619 kB | 1.2/1.7 MB | 69 kB | 298 kB
Progress (4): 619 kB | 1.2/1.7 MB | 69 kB | 298 kB
Progress (4): 619 kB | 1.2/1.7 MB | 69 kB | 298 kB
Progress (4): 619 kB | 1.2/1.7 MB | 69 kB | 298 kB
Progress (4): 619 kB | 1.2/1.7 MB | 69 kB | 298 kB
Progress (4): 619 kB | 1.3/1.7 MB | 69 kB | 298 kB
Progress (4): 619 kB | 1.3/1.7 MB | 69 kB | 298 kB
Progress (4): 619 kB | 1.3/1.7 MB | 69 kB | 298 kB
Progress (4): 619 kB | 1.3/1.7 MB | 69 kB | 298 kB
Progress (4): 619 kB | 1.3/1.7 MB | 69 kB | 298 kB
Progress (4): 619 kB | 1.3/1.7 MB | 69 kB | 298 kB
Progress (4): 619 kB | 1.4/1.7 MB | 69 kB | 298 kB
Progress (4): 619 kB | 1.4/1.7 MB | 69 kB | 298 kB
Progress (4): 619 kB | 1.4/1.7 MB | 69 kB | 298 kB
Progress (4): 619 kB | 1.4/1.7 MB | 69 kB | 298 kB
Progress (4): 619 kB | 1.4/1.7 MB | 69 kB | 298 kB
Progress (4): 619 kB | 1.4/1.7 MB | 69 kB | 298 kB
                                                  
Downloaded from aliyunmaven: https://maven.aliyun.com/repository/public/org/springframework/spring-messaging/6.2.19/spring-messaging-6.2.19.jar (619 kB at 8.5 MB/s)
Downloading from aliyunmaven: https://maven.aliyun.com/repository/public/org/springframework/cloud/spring-cloud-function-core/4.3.4/spring-cloud-function-core-4.3.4.jar
Progress (3): 1.5/1.7 MB | 69 kB | 298 kB
Progress (3): 1.5/1.7 MB | 69 kB | 298 kB
Progress (4): 1.5/1.7 MB | 69 kB | 298 kB | 7.3/178 kB
Progress (4): 1.5/1.7 MB | 69 kB | 298 kB | 15/178 kB 
Progress (4): 1.5/1.7 MB | 69 kB | 298 kB | 32/178 kB
Progress (4): 1.5/1.7 MB | 69 kB | 298 kB | 48/178 kB
Progress (4): 1.5/1.7 MB | 69 kB | 298 kB | 64/178 kB
Progress (4): 1.5/1.7 MB | 69 kB | 298 kB | 81/178 kB
Progress (4): 1.5/1.7 MB | 69 kB | 298 kB | 97/178 kB
Progress (4): 1.5/1.7 MB | 69 kB | 298 kB | 114/178 kB
Progress (4): 1.5/1.7 MB | 69 kB | 298 kB | 130/178 kB
Progress (4): 1.5/1.7 MB | 69 kB | 298 kB | 146/178 kB
Progress (4): 1.5/1.7 MB | 69 kB | 298 kB | 163/178 kB
Progress (4): 1.5/1.7 MB | 69 kB | 298 kB | 178 kB    
Progress (4): 1.5/1.7 MB | 69 kB | 298 kB | 178 kB
Progress (4): 1.5/1.7 MB | 69 kB | 298 kB | 178 kB
Progress (4): 1.5/1.7 MB | 69 kB | 298 kB | 178 kB
Progress (4): 1.5/1.7 MB | 69 kB | 298 kB | 178 kB
Progress (4): 1.6/1.7 MB | 69 kB | 298 kB | 178 kB
Progress (4): 1.6/1.7 MB | 69 kB | 298 kB | 178 kB
Progress (4): 1.6/1.7 MB | 69 kB | 298 kB | 178 kB
Progress (4): 1.6/1.7 MB | 69 kB | 298 kB | 178 kB
Progress (4): 1.6/1.7 MB | 69 kB | 298 kB | 178 kB
Progress (4): 1.6/1.7 MB | 69 kB | 298 kB | 178 kB
Progress (4): 1.7/1.7 MB | 69 kB | 298 kB | 178 kB
Progress (4): 1.7/1.7 MB | 69 kB | 298 kB | 178 kB
Progress (4): 1.7/1.7 MB | 69 kB | 298 kB | 178 kB
Progress (4): 1.7/1.7 MB | 69 kB | 298 kB | 178 kB
Progress (4): 1.7 MB | 69 kB | 298 kB | 178 kB    
                                              
Downloaded from aliyunmaven: https://maven.aliyun.com/repository/public/org/springframework/cloud/spring-cloud-stream/4.3.3/spring-cloud-stream-4.3.3.jar (298 kB at 3.2 MB/s)
Downloading from aliyunmaven: https://maven.aliyun.com/repository/public/com/fasterxml/jackson/datatype/jackson-datatype-joda/2.21.4/jackson-datatype-joda-2.21.4.jar
Progress (4): 1.7 MB | 69 kB | 178 kB | 3.4 kB
Progress (5): 1.7 MB | 69 kB | 178 kB | 3.4 kB | 3.3/86 kB
Progress (5): 1.7 MB | 69 kB | 178 kB | 3.4 kB | 20/86 kB 
Progress (5): 1.7 MB | 69 kB | 178 kB | 3.4 kB | 36/86 kB
Progress (5): 1.7 MB | 69 kB | 178 kB | 3.4 kB | 52/86 kB
Progress (5): 1.7 MB | 69 kB | 178 kB | 3.4 kB | 69/86 kB
Progress (5): 1.7 MB | 69 kB | 178 kB | 3.4 kB | 85/86 kB
Progress (5): 1.7 MB | 69 kB | 178 kB | 3.4 kB | 86 kB   
                                                      
Downloaded from aliyunmaven: https://maven.aliyun.com/repository/public/org/springframework/integration/spring-integration-core/6.5.9/spring-integration-core-6.5.9.jar (1.7 MB at 14 MB/s)
Downloading from aliyunmaven: https://maven.aliyun.com/repository/public/joda-time/joda-time/2.12.7/joda-time-2.12.7.jar
Downloaded from aliyunmaven: https://maven.aliyun.com/repository/public/org/springframework/cloud/spring-cloud-function-context/4.3.4/spring-cloud-function-context-4.3.4.jar (178 kB at 1.5 MB/s)
Downloading from aliyunmaven: https://maven.aliyun.com/repository/public/org/apache/rocketmq/rocketmq-client/5.3.1/rocketmq-client-5.3.1.jar
Downloaded from aliyunmaven: https://maven.aliyun.com/repository/public/org/springframework/integration/spring-integration-jmx/6.5.9/spring-integration-jmx-6.5.9.jar (69 kB at 556 kB/s)
Downloading from aliyunmaven: https://maven.aliyun.com/repository/public/org/apache/rocketmq/rocketmq-remoting/5.3.1/rocketmq-remoting-5.3.1.jar
Progress (3): 3.4 kB | 86 kB | 7.3/476 kB
Progress (3): 3.4 kB | 86 kB | 15/476 kB 
Progress (3): 3.4 kB | 86 kB | 32/476 kB
Progress (3): 3.4 kB | 86 kB | 48/476 kB
Progress (3): 3.4 kB | 86 kB | 64/476 kB
Progress (4): 3.4 kB | 86 kB | 64/476 kB | 4.8/547 kB
Progress (4): 3.4 kB | 86 kB | 64/476 kB | 21/547 kB 
Progress (4): 3.4 kB | 86 kB | 64/476 kB | 38/547 kB
Progress (4): 3.4 kB | 86 kB | 81/476 kB | 38/547 kB
Progress (4): 3.4 kB | 86 kB | 81/476 kB | 54/547 kB
Progress (5): 3.4 kB | 86 kB | 81/476 kB | 54/547 kB | 7.3/638 kB
Progress (5): 3.4 kB | 86 kB | 81/476 kB | 54/547 kB | 15/638 kB 
Progress (5): 3.4 kB | 86 kB | 97/476 kB | 54/547 kB | 15/638 kB
Progress (5): 3.4 kB | 86 kB | 97/476 kB | 54/547 kB | 32/638 kB
Progress (5): 3.4 kB | 86 kB | 110/476 kB | 54/547 kB | 32/638 kB
Progress (5): 3.4 kB | 86 kB | 110/476 kB | 54/547 kB | 48/638 kB
Progress (5): 3.4 kB | 86 kB | 110/476 kB | 70/547 kB | 48/638 kB
Progress (5): 3.4 kB | 86 kB | 110/476 kB | 87/547 kB | 48/638 kB
Progress (5): 3.4 kB | 86 kB | 110/476 kB | 103/547 kB | 48/638 kB
Progress (5): 3.4 kB | 86 kB | 110/476 kB | 103/547 kB | 65/638 kB
Progress (5): 3.4 kB | 86 kB | 110/476 kB | 103/547 kB | 81/638 kB
Progress (5): 3.4 kB | 86 kB | 110/476 kB | 119/547 kB | 81/638 kB
Progress (5): 3.4 kB | 86 kB | 110/476 kB | 119/547 kB | 97/638 kB
Progress (5): 3.4 kB | 86 kB | 110/476 kB | 136/547 kB | 97/638 kB
Progress (5): 3.4 kB | 86 kB | 110/476 kB | 152/547 kB | 97/638 kB
Progress (5): 3.4 kB | 86 kB | 110/476 kB | 169/547 kB | 97/638 kB
Progress (5): 3.4 kB | 86 kB | 119/476 kB | 169/547 kB | 97/638 kB
Progress (5): 3.4 kB | 86 kB | 130/476 kB | 169/547 kB | 97/638 kB
Progress (5): 3.4 kB | 86 kB | 145/476 kB | 169/547 kB | 97/638 kB
Progress (5): 3.4 kB | 86 kB | 157/476 kB | 169/547 kB | 97/638 kB
Progress (5): 3.4 kB | 86 kB | 168/476 kB | 169/547 kB | 97/638 kB
Progress (5): 3.4 kB | 86 kB | 168/476 kB | 185/547 kB | 97/638 kB
Progress (5): 3.4 kB | 86 kB | 168/476 kB | 201/547 kB | 97/638 kB
Progress (5): 3.4 kB | 86 kB | 168/476 kB | 218/547 kB | 97/638 kB
Progress (5): 3.4 kB | 86 kB | 168/476 kB | 234/547 kB | 97/638 kB
Progress (5): 3.4 kB | 86 kB | 168/476 kB | 234/547 kB | 114/638 kB
Progress (5): 3.4 kB | 86 kB | 168/476 kB | 234/547 kB | 130/638 kB
Progress (5): 3.4 kB | 86 kB | 168/476 kB | 234/547 kB | 146/638 kB
Progress (5): 3.4 kB | 86 kB | 168/476 kB | 234/547 kB | 163/638 kB
Progress (5): 3.4 kB | 86 kB | 168/476 kB | 251/547 kB | 163/638 kB
Progress (5): 3.4 kB | 86 kB | 168/476 kB | 267/547 kB | 163/638 kB
Progress (5): 3.4 kB | 86 kB | 168/476 kB | 283/547 kB | 163/638 kB
Progress (5): 3.4 kB | 86 kB | 185/476 kB | 283/547 kB | 163/638 kB
Progress (5): 3.4 kB | 86 kB | 185/476 kB | 300/547 kB | 163/638 kB
Progress (5): 3.4 kB | 86 kB | 190/476 kB | 300/547 kB | 163/638 kB
Progress (5): 3.4 kB | 86 kB | 202/476 kB | 300/547 kB | 163/638 kB
Progress (5): 3.4 kB | 86 kB | 211/476 kB | 300/547 kB | 163/638 kB
Progress (5): 3.4 kB | 86 kB | 222/476 kB | 300/547 kB | 163/638 kB
Progress (5): 3.4 kB | 86 kB | 222/476 kB | 300/547 kB | 179/638 kB
Progress (5): 3.4 kB | 86 kB | 222/476 kB | 300/547 kB | 196/638 kB
Progress (5): 3.4 kB | 86 kB | 222/476 kB | 316/547 kB | 196/638 kB
Progress (5): 3.4 kB | 86 kB | 222/476 kB | 316/547 kB | 212/638 kB
Progress (5): 3.4 kB | 86 kB | 239/476 kB | 316/547 kB | 212/638 kB
Progress (5): 3.4 kB | 86 kB | 239/476 kB | 316/547 kB | 228/638 kB
Progress (5): 3.4 kB | 86 kB | 239/476 kB | 332/547 kB | 228/638 kB
Progress (5): 3.4 kB | 86 kB | 239/476 kB | 349/547 kB | 228/638 kB
Progress (5): 3.4 kB | 86 kB | 239/476 kB | 365/547 kB | 228/638 kB
Progress (5): 3.4 kB | 86 kB | 239/476 kB | 382/547 kB | 228/638 kB
Progress (5): 3.4 kB | 86 kB | 239/476 kB | 398/547 kB | 228/638 kB
Progress (5): 3.4 kB | 86 kB | 246/476 kB | 398/547 kB | 228/638 kB
Progress (5): 3.4 kB | 86 kB | 246/476 kB | 414/547 kB | 228/638 kB
Progress (5): 3.4 kB | 86 kB | 262/476 kB | 414/547 kB | 228/638 kB
Progress (5): 3.4 kB | 86 kB | 262/476 kB | 431/547 kB | 228/638 kB
Progress (5): 3.4 kB | 86 kB | 269/476 kB | 431/547 kB | 228/638 kB
Progress (5): 3.4 kB | 86 kB | 282/476 kB | 431/547 kB | 228/638 kB
Progress (5): 3.4 kB | 86 kB | 285/476 kB | 431/547 kB | 228/638 kB
Progress (5): 3.4 kB | 86 kB | 285/476 kB | 431/547 kB | 245/638 kB
Progress (5): 3.4 kB | 86 kB | 297/476 kB | 431/547 kB | 245/638 kB
Progress (5): 3.4 kB | 86 kB | 297/476 kB | 431/547 kB | 261/638 kB
Progress (5): 3.4 kB | 86 kB | 297/476 kB | 431/547 kB | 278/638 kB
Progress (5): 3.4 kB | 86 kB | 297/476 kB | 431/547 kB | 294/638 kB
Progress (5): 3.4 kB | 86 kB | 297/476 kB | 447/547 kB | 294/638 kB
Progress (5): 3.4 kB | 86 kB | 297/476 kB | 464/547 kB | 294/638 kB
Progress (5): 3.4 kB | 86 kB | 297/476 kB | 480/547 kB | 294/638 kB
Progress (5): 3.4 kB | 86 kB | 297/476 kB | 496/547 kB | 294/638 kB
Progress (5): 3.4 kB | 86 kB | 297/476 kB | 513/547 kB | 294/638 kB
Progress (5): 3.4 kB | 86 kB | 308/476 kB | 513/547 kB | 294/638 kB
Progress (5): 3.4 kB | 86 kB | 308/476 kB | 524/547 kB | 294/638 kB
Progress (5): 3.4 kB | 86 kB | 325/476 kB | 524/547 kB | 294/638 kB
Progress (5): 3.4 kB | 86 kB | 341/476 kB | 524/547 kB | 294/638 kB
Progress (5): 3.4 kB | 86 kB | 348/476 kB | 524/547 kB | 294/638 kB
Progress (5): 3.4 kB | 86 kB | 355/476 kB | 524/547 kB | 294/638 kB
Progress (5): 3.4 kB | 86 kB | 355/476 kB | 524/547 kB | 310/638 kB
Progress (5): 3.4 kB | 86 kB | 355/476 kB | 524/547 kB | 327/638 kB
Progress (5): 3.4 kB | 86 kB | 355/476 kB | 524/547 kB | 343/638 kB
Progress (5): 3.4 kB | 86 kB | 355/476 kB | 524/547 kB | 359/638 kB
Progress (5): 3.4 kB | 86 kB | 371/476 kB | 524/547 kB | 359/638 kB
Progress (5): 3.4 kB | 86 kB | 379/476 kB | 524/547 kB | 359/638 kB
Progress (5): 3.4 kB | 86 kB | 395/476 kB | 524/547 kB | 359/638 kB
Progress (5): 3.4 kB | 86 kB | 402/476 kB | 524/547 kB | 359/638 kB
Progress (5): 3.4 kB | 86 kB | 412/476 kB | 524/547 kB | 359/638 kB
Progress (5): 3.4 kB | 86 kB | 429/476 kB | 524/547 kB | 359/638 kB
Progress (5): 3.4 kB | 86 kB | 429/476 kB | 524/547 kB | 376/638 kB
Progress (5): 3.4 kB | 86 kB | 429/476 kB | 524/547 kB | 392/638 kB
Progress (5): 3.4 kB | 86 kB | 429/476 kB | 524/547 kB | 409/638 kB
Progress (5): 3.4 kB | 86 kB | 429/476 kB | 524/547 kB | 425/638 kB
Progress (5): 3.4 kB | 86 kB | 445/476 kB | 524/547 kB | 425/638 kB
Progress (5): 3.4 kB | 86 kB | 461/476 kB | 524/547 kB | 425/638 kB
Progress (5): 3.4 kB | 86 kB | 476 kB | 524/547 kB | 425/638 kB    
Progress (5): 3.4 kB | 86 kB | 476 kB | 524/547 kB | 441/638 kB
Progress (5): 3.4 kB | 86 kB | 476 kB | 524/547 kB | 458/638 kB
Progress (5): 3.4 kB | 86 kB | 476 kB | 524/547 kB | 474/638 kB
Progress (5): 3.4 kB | 86 kB | 476 kB | 524/547 kB | 491/638 kB
Progress (5): 3.4 kB | 86 kB | 476 kB | 524/547 kB | 507/638 kB
Progress (5): 3.4 kB | 86 kB | 476 kB | 524/547 kB | 523/638 kB
Progress (5): 3.4 kB | 86 kB | 476 kB | 524/547 kB | 540/638 kB
Progress (5): 3.4 kB | 86 kB | 476 kB | 524/547 kB | 556/638 kB
Progress (5): 3.4 kB | 86 kB | 476 kB | 541/547 kB | 556/638 kB
Progress (5): 3.4 kB | 86 kB | 476 kB | 547 kB | 556/638 kB    
Progress (5): 3.4 kB | 86 kB | 476 kB | 547 kB | 572/638 kB
Progress (5): 3.4 kB | 86 kB | 476 kB | 547 kB | 589/638 kB
Progress (5): 3.4 kB | 86 kB | 476 kB | 547 kB | 605/638 kB
Progress (5): 3.4 kB | 86 kB | 476 kB | 547 kB | 622/638 kB
Progress (5): 3.4 kB | 86 kB | 476 kB | 547 kB | 638/638 kB
Progress (5): 3.4 kB | 86 kB | 476 kB | 547 kB | 638 kB    
                                                       
Downloaded from aliyunmaven: https://maven.aliyun.com/repository/public/org/springframework/cloud/spring-cloud-function-core/4.3.4/spring-cloud-function-core-4.3.4.jar (3.4 kB at 21 kB/s)
Downloading from aliyunmaven: https://maven.aliyun.com/repository/public/org/reflections/reflections/0.9.11/reflections-0.9.11.jar
Downloaded from aliyunmaven: https://maven.aliyun.com/repository/public/com/fasterxml/jackson/datatype/jackson-datatype-joda/2.21.4/jackson-datatype-joda-2.21.4.jar (86 kB at 534 kB/s)
Downloading from aliyunmaven: https://maven.aliyun.com/repository/public/org/javassist/javassist/3.21.0-GA/javassist-3.21.0-GA.jar
Progress (4): 476 kB | 547 kB | 638 kB | 1.9/131 kB
Progress (4): 476 kB | 547 kB | 638 kB | 18/131 kB 
Progress (4): 476 kB | 547 kB | 638 kB | 31/131 kB
Progress (4): 476 kB | 547 kB | 638 kB | 47/131 kB
Progress (4): 476 kB | 547 kB | 638 kB | 54/131 kB
Progress (4): 476 kB | 547 kB | 638 kB | 66/131 kB
Progress (4): 476 kB | 547 kB | 638 kB | 71/131 kB
Progress (4): 476 kB | 547 kB | 638 kB | 78/131 kB
Progress (4): 476 kB | 547 kB | 638 kB | 82/131 kB
Progress (4): 476 kB | 547 kB | 638 kB | 90/131 kB
Progress (4): 476 kB | 547 kB | 638 kB | 106/131 kB
Progress (4): 476 kB | 547 kB | 638 kB | 122/131 kB
Progress (4): 476 kB | 547 kB | 638 kB | 131 kB    
Progress (5): 476 kB | 547 kB | 638 kB | 131 kB | 7.3/735 kB
Progress (5): 476 kB | 547 kB | 638 kB | 131 kB | 15/735 kB 
Progress (5): 476 kB | 547 kB | 638 kB | 131 kB | 30/735 kB
Progress (5): 476 kB | 547 kB | 638 kB | 131 kB | 46/735 kB
Progress (5): 476 kB | 547 kB | 638 kB | 131 kB | 62/735 kB
Progress (5): 476 kB | 547 kB | 638 kB | 131 kB | 79/735 kB
Progress (5): 476 kB | 547 kB | 638 kB | 131 kB | 95/735 kB
Progress (5): 476 kB | 547 kB | 638 kB | 131 kB | 112/735 kB
Progress (5): 476 kB | 547 kB | 638 kB | 131 kB | 128/735 kB
Progress (5): 476 kB | 547 kB | 638 kB | 131 kB | 144/735 kB
Progress (5): 476 kB | 547 kB | 638 kB | 131 kB | 161/735 kB
Progress (5): 476 kB | 547 kB | 638 kB | 131 kB | 177/735 kB
Progress (5): 476 kB | 547 kB | 638 kB | 131 kB | 193/735 kB
Progress (5): 476 kB | 547 kB | 638 kB | 131 kB | 210/735 kB
Progress (5): 476 kB | 547 kB | 638 kB | 131 kB | 226/735 kB
Progress (5): 476 kB | 547 kB | 638 kB | 131 kB | 243/735 kB
Progress (5): 476 kB | 547 kB | 638 kB | 131 kB | 259/735 kB
Progress (5): 476 kB | 547 kB | 638 kB | 131 kB | 275/735 kB
Progress (5): 476 kB | 547 kB | 638 kB | 131 kB | 292/735 kB
Progress (5): 476 kB | 547 kB | 638 kB | 131 kB | 308/735 kB
Progress (5): 476 kB | 547 kB | 638 kB | 131 kB | 325/735 kB
Progress (5): 476 kB | 547 kB | 638 kB | 131 kB | 341/735 kB
Progress (5): 476 kB | 547 kB | 638 kB | 131 kB | 357/735 kB
Progress (5): 476 kB | 547 kB | 638 kB | 131 kB | 374/735 kB
Progress (5): 476 kB | 547 kB | 638 kB | 131 kB | 390/735 kB
Progress (5): 476 kB | 547 kB | 638 kB | 131 kB | 406/735 kB
Progress (5): 476 kB | 547 kB | 638 kB | 131 kB | 423/735 kB
Progress (5): 476 kB | 547 kB | 638 kB | 131 kB | 439/735 kB
Progress (5): 476 kB | 547 kB | 638 kB | 131 kB | 456/735 kB
Progress (5): 476 kB | 547 kB | 638 kB | 131 kB | 472/735 kB
Progress (5): 476 kB | 547 kB | 638 kB | 131 kB | 488/735 kB
Progress (5): 476 kB | 547 kB | 638 kB | 131 kB | 505/735 kB
Progress (5): 476 kB | 547 kB | 638 kB | 131 kB | 521/735 kB
Progress (5): 476 kB | 547 kB | 638 kB | 131 kB | 538/735 kB
Progress (5): 476 kB | 547 kB | 638 kB | 131 kB | 554/735 kB
Progress (5): 476 kB | 547 kB | 638 kB | 131 kB | 570/735 kB
Progress (5): 476 kB | 547 kB | 638 kB | 131 kB | 587/735 kB
Progress (5): 476 kB | 547 kB | 638 kB | 131 kB | 603/735 kB
Progress (5): 476 kB | 547 kB | 638 kB | 131 kB | 619/735 kB
Progress (5): 476 kB | 547 kB | 638 kB | 131 kB | 636/735 kB
Progress (5): 476 kB | 547 kB | 638 kB | 131 kB | 652/735 kB
Progress (5): 476 kB | 547 kB | 638 kB | 131 kB | 669/735 kB
Progress (5): 476 kB | 547 kB | 638 kB | 131 kB | 685/735 kB
Progress (5): 476 kB | 547 kB | 638 kB | 131 kB | 701/735 kB
Progress (5): 476 kB | 547 kB | 638 kB | 131 kB | 718/735 kB
Progress (5): 476 kB | 547 kB | 638 kB | 131 kB | 734/735 kB
Progress (5): 476 kB | 547 kB | 638 kB | 131 kB | 735 kB    
                                                        
Downloaded from aliyunmaven: https://maven.aliyun.com/repository/public/joda-time/joda-time/2.12.7/joda-time-2.12.7.jar (638 kB at 3.4 MB/s)
Downloading from aliyunmaven: https://maven.aliyun.com/repository/public/io/github/aliyunmq/rocketmq-slf4j-api/1.0.1/rocketmq-slf4j-api-1.0.1.jar
Downloaded from aliyunmaven: https://maven.aliyun.com/repository/public/org/apache/rocketmq/rocketmq-client/5.3.1/rocketmq-client-5.3.1.jar (547 kB at 2.9 MB/s)
Downloading from aliyunmaven: https://maven.aliyun.com/repository/public/io/github/aliyunmq/rocketmq-logback-classic/1.0.1/rocketmq-logback-classic-1.0.1.jar
Downloaded from aliyunmaven: https://maven.aliyun.com/repository/public/org/apache/rocketmq/rocketmq-remoting/5.3.1/rocketmq-remoting-5.3.1.jar (476 kB at 2.5 MB/s)
Downloading from aliyunmaven: https://maven.aliyun.com/repository/public/org/apache/rocketmq/rocketmq-acl/5.3.1/rocketmq-acl-5.3.1.jar
Progress (3): 131 kB | 735 kB | 7.3/62 kB
Progress (3): 131 kB | 735 kB | 15/62 kB 
Progress (3): 131 kB | 735 kB | 32/62 kB
Progress (3): 131 kB | 735 kB | 48/62 kB
Progress (3): 131 kB | 735 kB | 62 kB   
                                     
Downloaded from aliyunmaven: https://maven.aliyun.com/repository/public/org/reflections/reflections/0.9.11/reflections-0.9.11.jar (131 kB at 618 kB/s)
Downloading from aliyunmaven: https://maven.aliyun.com/repository/public/org/apache/rocketmq/rocketmq-proto/2.0.3/rocketmq-proto-2.0.3.jar
Progress (3): 735 kB | 62 kB | 7.3/940 kB
Progress (3): 735 kB | 62 kB | 16/940 kB 
Progress (3): 735 kB | 62 kB | 32/940 kB
Progress (3): 735 kB | 62 kB | 48/940 kB
Progress (3): 735 kB | 62 kB | 65/940 kB
Progress (3): 735 kB | 62 kB | 81/940 kB
Progress (3): 735 kB | 62 kB | 97/940 kB
Progress (3): 735 kB | 62 kB | 114/940 kB
Progress (3): 735 kB | 62 kB | 130/940 kB
Progress (3): 735 kB | 62 kB | 146/940 kB
Progress (3): 735 kB | 62 kB | 163/940 kB
Progress (3): 735 kB | 62 kB | 179/940 kB
Progress (3): 735 kB | 62 kB | 196/940 kB
Progress (3): 735 kB | 62 kB | 212/940 kB
Progress (3): 735 kB | 62 kB | 228/940 kB
Progress (3): 735 kB | 62 kB | 245/940 kB
Progress (3): 735 kB | 62 kB | 261/940 kB
Progress (3): 735 kB | 62 kB | 278/940 kB
Progress (3): 735 kB | 62 kB | 294/940 kB
Progress (3): 735 kB | 62 kB | 310/940 kB
Progress (3): 735 kB | 62 kB | 327/940 kB
Progress (3): 735 kB | 62 kB | 343/940 kB
Progress (3): 735 kB | 62 kB | 359/940 kB
Progress (3): 735 kB | 62 kB | 376/940 kB
Progress (3): 735 kB | 62 kB | 392/940 kB
Progress (3): 735 kB | 62 kB | 409/940 kB
Progress (3): 735 kB | 62 kB | 425/940 kB
Progress (3): 735 kB | 62 kB | 441/940 kB
Progress (3): 735 kB | 62 kB | 458/940 kB
Progress (3): 735 kB | 62 kB | 474/940 kB
Progress (3): 735 kB | 62 kB | 491/940 kB
Progress (3): 735 kB | 62 kB | 507/940 kB
                                         
Downloaded from aliyunmaven: https://maven.aliyun.com/repository/public/org/javassist/javassist/3.21.0-GA/javassist-3.21.0-GA.jar (735 kB at 3.3 MB/s)
Downloading from aliyunmaven: https://maven.aliyun.com/repository/public/org/apache/tomcat/annotations-api/6.0.53/annotations-api-6.0.53.jar
Progress (2): 62 kB | 523/940 kB
Progress (2): 62 kB | 524/940 kB
Progress (3): 62 kB | 524/940 kB | 7.3/68 kB
Progress (3): 62 kB | 524/940 kB | 16/68 kB 
Progress (3): 62 kB | 524/940 kB | 32/68 kB
Progress (3): 62 kB | 524/940 kB | 48/68 kB
Progress (3): 62 kB | 524/940 kB | 65/68 kB
Progress (3): 62 kB | 524/940 kB | 68 kB   
Progress (4): 62 kB | 524/940 kB | 68 kB | 7.3/848 kB
Progress (4): 62 kB | 524/940 kB | 68 kB | 7.8/848 kB
Progress (4): 62 kB | 524/940 kB | 68 kB | 24/848 kB 
Progress (4): 62 kB | 524/940 kB | 68 kB | 41/848 kB
Progress (4): 62 kB | 524/940 kB | 68 kB | 57/848 kB
Progress (4): 62 kB | 524/940 kB | 68 kB | 73/848 kB
Progress (4): 62 kB | 541/940 kB | 68 kB | 73/848 kB
Progress (4): 62 kB | 553/940 kB | 68 kB | 73/848 kB
Progress (4): 62 kB | 570/940 kB | 68 kB | 73/848 kB
Progress (4): 62 kB | 586/940 kB | 68 kB | 73/848 kB
Progress (4): 62 kB | 603/940 kB | 68 kB | 73/848 kB
Progress (4): 62 kB | 618/940 kB | 68 kB | 73/848 kB
Progress (4): 62 kB | 634/940 kB | 68 kB | 73/848 kB
Progress (4): 62 kB | 650/940 kB | 68 kB | 73/848 kB
Progress (4): 62 kB | 650/940 kB | 68 kB | 90/848 kB
Progress (4): 62 kB | 667/940 kB | 68 kB | 90/848 kB
Progress (4): 62 kB | 676/940 kB | 68 kB | 90/848 kB
Progress (4): 62 kB | 676/940 kB | 68 kB | 106/848 kB
Progress (4): 62 kB | 676/940 kB | 68 kB | 122/848 kB
Progress (4): 62 kB | 676/940 kB | 68 kB | 139/848 kB
Progress (4): 62 kB | 693/940 kB | 68 kB | 139/848 kB
Progress (4): 62 kB | 709/940 kB | 68 kB | 139/848 kB
Progress (4): 62 kB | 725/940 kB | 68 kB | 139/848 kB
Progress (4): 62 kB | 733/940 kB | 68 kB | 139/848 kB
Progress (4): 62 kB | 749/940 kB | 68 kB | 139/848 kB
Progress (4): 62 kB | 766/940 kB | 68 kB | 139/848 kB
Progress (4): 62 kB | 782/940 kB | 68 kB | 139/848 kB
Progress (4): 62 kB | 796/940 kB | 68 kB | 139/848 kB
Progress (4): 62 kB | 812/940 kB | 68 kB | 139/848 kB
Progress (4): 62 kB | 829/940 kB | 68 kB | 139/848 kB
Progress (4): 62 kB | 829/940 kB | 68 kB | 155/848 kB
Progress (4): 62 kB | 829/940 kB | 68 kB | 172/848 kB
Progress (4): 62 kB | 829/940 kB | 68 kB | 188/848 kB
Progress (4): 62 kB | 829/940 kB | 68 kB | 204/848 kB
Progress (4): 62 kB | 845/940 kB | 68 kB | 204/848 kB
Progress (4): 62 kB | 847/940 kB | 68 kB | 204/848 kB
Progress (4): 62 kB | 863/940 kB | 68 kB | 204/848 kB
Progress (4): 62 kB | 880/940 kB | 68 kB | 204/848 kB
Progress (4): 62 kB | 896/940 kB | 68 kB | 204/848 kB
Progress (4): 62 kB | 904/940 kB | 68 kB | 204/848 kB
Progress (4): 62 kB | 904/940 kB | 68 kB | 221/848 kB
Progress (4): 62 kB | 904/940 kB | 68 kB | 237/848 kB
Progress (4): 62 kB | 904/940 kB | 68 kB | 254/848 kB
Progress (4): 62 kB | 904/940 kB | 68 kB | 270/848 kB
Progress (4): 62 kB | 904/940 kB | 68 kB | 286/848 kB
Progress (4): 62 kB | 904/940 kB | 68 kB | 303/848 kB
Progress (4): 62 kB | 904/940 kB | 68 kB | 319/848 kB
Progress (4): 62 kB | 904/940 kB | 68 kB | 335/848 kB
Progress (4): 62 kB | 904/940 kB | 68 kB | 352/848 kB
Progress (4): 62 kB | 904/940 kB | 68 kB | 368/848 kB
Progress (4): 62 kB | 904/940 kB | 68 kB | 385/848 kB
Progress (4): 62 kB | 904/940 kB | 68 kB | 401/848 kB
Progress (4): 62 kB | 904/940 kB | 68 kB | 417/848 kB
Progress (4): 62 kB | 904/940 kB | 68 kB | 434/848 kB
Progress (4): 62 kB | 904/940 kB | 68 kB | 450/848 kB
Progress (4): 62 kB | 904/940 kB | 68 kB | 467/848 kB
Progress (4): 62 kB | 904/940 kB | 68 kB | 483/848 kB
Progress (4): 62 kB | 904/940 kB | 68 kB | 499/848 kB
Progress (4): 62 kB | 904/940 kB | 68 kB | 516/848 kB
Progress (4): 62 kB | 904/940 kB | 68 kB | 524/848 kB
Progress (4): 62 kB | 920/940 kB | 68 kB | 524/848 kB
Progress (4): 62 kB | 937/940 kB | 68 kB | 524/848 kB
Progress (4): 62 kB | 940 kB | 68 kB | 524/848 kB    
                                                 
Downloaded from aliyunmaven: https://maven.aliyun.com/repository/public/org/apache/rocketmq/rocketmq-acl/5.3.1/rocketmq-acl-5.3.1.jar (62 kB at 258 kB/s)
Downloading from aliyunmaven: https://maven.aliyun.com/repository/public/org/apache/rocketmq/rocketmq-common/5.3.1/rocketmq-common-5.3.1.jar
Progress (3): 940 kB | 68 kB | 541/848 kB
Progress (3): 940 kB | 68 kB | 557/848 kB
Progress (3): 940 kB | 68 kB | 573/848 kB
Progress (3): 940 kB | 68 kB | 590/848 kB
Progress (3): 940 kB | 68 kB | 606/848 kB
Progress (3): 940 kB | 68 kB | 623/848 kB
Progress (3): 940 kB | 68 kB | 639/848 kB
Progress (3): 940 kB | 68 kB | 655/848 kB
Progress (3): 940 kB | 68 kB | 672/848 kB
Progress (3): 940 kB | 68 kB | 688/848 kB
Progress (3): 940 kB | 68 kB | 705/848 kB
Progress (3): 940 kB | 68 kB | 721/848 kB
Progress (3): 940 kB | 68 kB | 737/848 kB
Progress (3): 940 kB | 68 kB | 754/848 kB
Progress (3): 940 kB | 68 kB | 770/848 kB
Progress (3): 940 kB | 68 kB | 786/848 kB
Progress (3): 940 kB | 68 kB | 803/848 kB
Progress (3): 940 kB | 68 kB | 819/848 kB
Progress (3): 940 kB | 68 kB | 836/848 kB
Progress (3): 940 kB | 68 kB | 848 kB    
Progress (4): 940 kB | 68 kB | 848 kB | 7.3/15 kB
Progress (4): 940 kB | 68 kB | 848 kB | 15 kB    
Progress (5): 940 kB | 68 kB | 848 kB | 15 kB | 7.3/330 kB
Progress (5): 940 kB | 68 kB | 848 kB | 15 kB | 15/330 kB 
Progress (5): 940 kB | 68 kB | 848 kB | 15 kB | 31/330 kB
Progress (5): 940 kB | 68 kB | 848 kB | 15 kB | 47/330 kB
Progress (5): 940 kB | 68 kB | 848 kB | 15 kB | 64/330 kB
Progress (5): 940 kB | 68 kB | 848 kB | 15 kB | 80/330 kB
Progress (5): 940 kB | 68 kB | 848 kB | 15 kB | 97/330 kB
Progress (5): 940 kB | 68 kB | 848 kB | 15 kB | 97/330 kB
Progress (5): 940 kB | 68 kB | 848 kB | 15 kB | 107/330 kB
Progress (5): 940 kB | 68 kB | 848 kB | 15 kB | 123/330 kB
Progress (5): 940 kB | 68 kB | 848 kB | 15 kB | 135/330 kB
Progress (5): 940 kB | 68 kB | 848 kB | 15 kB | 143/330 kB
Progress (5): 940 kB | 68 kB | 848 kB | 15 kB | 154/330 kB
Progress (5): 940 kB | 68 kB | 848 kB | 15 kB | 170/330 kB
Progress (5): 940 kB | 68 kB | 848 kB | 15 kB | 180/330 kB
Progress (5): 940 kB | 68 kB | 848 kB | 15 kB | 196/330 kB
Progress (5): 940 kB | 68 kB | 848 kB | 15 kB | 202/330 kB
Progress (5): 940 kB | 68 kB | 848 kB | 15 kB | 218/330 kB
Progress (5): 940 kB | 68 kB | 848 kB | 15 kB | 222/330 kB
Progress (5): 940 kB | 68 kB | 848 kB | 15 kB | 239/330 kB
Progress (5): 940 kB | 68 kB | 848 kB | 15 kB | 255/330 kB
Progress (5): 940 kB | 68 kB | 848 kB | 15 kB | 266/330 kB
Progress (5): 940 kB | 68 kB | 848 kB | 15 kB | 283/330 kB
Progress (5): 940 kB | 68 kB | 848 kB | 15 kB | 299/330 kB
Progress (5): 940 kB | 68 kB | 848 kB | 15 kB | 315/330 kB
Progress (5): 940 kB | 68 kB | 848 kB | 15 kB | 327/330 kB
Progress (5): 940 kB | 68 kB | 848 kB | 15 kB | 330 kB    
                                                      
Downloaded from aliyunmaven: https://maven.aliyun.com/repository/public/org/apache/rocketmq/rocketmq-proto/2.0.3/rocketmq-proto-2.0.3.jar (848 kB at 3.0 MB/s)
Downloading from aliyunmaven: https://maven.aliyun.com/repository/public/com/alibaba/fastjson2/fastjson2/2.0.43/fastjson2-2.0.43.jar
Progress (5): 940 kB | 68 kB | 15 kB | 330 kB | 0/2.0 MB
Progress (5): 940 kB | 68 kB | 15 kB | 330 kB | 0/2.0 MB
Progress (5): 940 kB | 68 kB | 15 kB | 330 kB | 0/2.0 MB
Progress (5): 940 kB | 68 kB | 15 kB | 330 kB | 0.1/2.0 MB
Progress (5): 940 kB | 68 kB | 15 kB | 330 kB | 0.1/2.0 MB
Progress (5): 940 kB | 68 kB | 15 kB | 330 kB | 0.1/2.0 MB
Progress (5): 940 kB | 68 kB | 15 kB | 330 kB | 0.1/2.0 MB
Progress (5): 940 kB | 68 kB | 15 kB | 330 kB | 0.1/2.0 MB
Progress (5): 940 kB | 68 kB | 15 kB | 330 kB | 0.1/2.0 MB
Progress (5): 940 kB | 68 kB | 15 kB | 330 kB | 0.2/2.0 MB
Progress (5): 940 kB | 68 kB | 15 kB | 330 kB | 0.2/2.0 MB
Progress (5): 940 kB | 68 kB | 15 kB | 330 kB | 0.2/2.0 MB
Progress (5): 940 kB | 68 kB | 15 kB | 330 kB | 0.2/2.0 MB
Progress (5): 940 kB | 68 kB | 15 kB | 330 kB | 0.2/2.0 MB
Progress (5): 940 kB | 68 kB | 15 kB | 330 kB | 0.2/2.0 MB
Progress (5): 940 kB | 68 kB | 15 kB | 330 kB | 0.3/2.0 MB
Progress (5): 940 kB | 68 kB | 15 kB | 330 kB | 0.3/2.0 MB
Progress (5): 940 kB | 68 kB | 15 kB | 330 kB | 0.3/2.0 MB
Progress (5): 940 kB | 68 kB | 15 kB | 330 kB | 0.3/2.0 MB
Progress (5): 940 kB | 68 kB | 15 kB | 330 kB | 0.3/2.0 MB
Progress (5): 940 kB | 68 kB | 15 kB | 330 kB | 0.3/2.0 MB
Progress (5): 940 kB | 68 kB | 15 kB | 330 kB | 0.3/2.0 MB
Progress (5): 940 kB | 68 kB | 15 kB | 330 kB | 0.4/2.0 MB
Progress (5): 940 kB | 68 kB | 15 kB | 330 kB | 0.4/2.0 MB
Progress (5): 940 kB | 68 kB | 15 kB | 330 kB | 0.4/2.0 MB
Progress (5): 940 kB | 68 kB | 15 kB | 330 kB | 0.4/2.0 MB
Progress (5): 940 kB | 68 kB | 15 kB | 330 kB | 0.4/2.0 MB
Progress (5): 940 kB | 68 kB | 15 kB | 330 kB | 0.4/2.0 MB
Progress (5): 940 kB | 68 kB | 15 kB | 330 kB | 0.5/2.0 MB
Progress (5): 940 kB | 68 kB | 15 kB | 330 kB | 0.5/2.0 MB
Progress (5): 940 kB | 68 kB | 15 kB | 330 kB | 0.5/2.0 MB
Progress (5): 940 kB | 68 kB | 15 kB | 330 kB | 0.5/2.0 MB
Progress (5): 940 kB | 68 kB | 15 kB | 330 kB | 0.5/2.0 MB
Progress (5): 940 kB | 68 kB | 15 kB | 330 kB | 0.5/2.0 MB
Progress (5): 940 kB | 68 kB | 15 kB | 330 kB | 0.6/2.0 MB
Progress (5): 940 kB | 68 kB | 15 kB | 330 kB | 0.6/2.0 MB
Progress (5): 940 kB | 68 kB | 15 kB | 330 kB | 0.6/2.0 MB
Progress (5): 940 kB | 68 kB | 15 kB | 330 kB | 0.6/2.0 MB
Progress (5): 940 kB | 68 kB | 15 kB | 330 kB | 0.6/2.0 MB
Progress (5): 940 kB | 68 kB | 15 kB | 330 kB | 0.6/2.0 MB
Progress (5): 940 kB | 68 kB | 15 kB | 330 kB | 0.7/2.0 MB
Progress (5): 940 kB | 68 kB | 15 kB | 330 kB | 0.7/2.0 MB
Progress (5): 940 kB | 68 kB | 15 kB | 330 kB | 0.7/2.0 MB
Progress (5): 940 kB | 68 kB | 15 kB | 330 kB | 0.7/2.0 MB
Progress (5): 940 kB | 68 kB | 15 kB | 330 kB | 0.7/2.0 MB
Progress (5): 940 kB | 68 kB | 15 kB | 330 kB | 0.7/2.0 MB
Progress (5): 940 kB | 68 kB | 15 kB | 330 kB | 0.8/2.0 MB
Progress (5): 940 kB | 68 kB | 15 kB | 330 kB | 0.8/2.0 MB
Progress (5): 940 kB | 68 kB | 15 kB | 330 kB | 0.8/2.0 MB
Progress (5): 940 kB | 68 kB | 15 kB | 330 kB | 0.8/2.0 MB
Progress (5): 940 kB | 68 kB | 15 kB | 330 kB | 0.8/2.0 MB
Progress (5): 940 kB | 68 kB | 15 kB | 330 kB | 0.8/2.0 MB
Progress (5): 940 kB | 68 kB | 15 kB | 330 kB | 0.9/2.0 MB
Progress (5): 940 kB | 68 kB | 15 kB | 330 kB | 0.9/2.0 MB
Progress (5): 940 kB | 68 kB | 15 kB | 330 kB | 0.9/2.0 MB
Progress (5): 940 kB | 68 kB | 15 kB | 330 kB | 0.9/2.0 MB
Progress (5): 940 kB | 68 kB | 15 kB | 330 kB | 0.9/2.0 MB
Progress (5): 940 kB | 68 kB | 15 kB | 330 kB | 0.9/2.0 MB
Progress (5): 940 kB | 68 kB | 15 kB | 330 kB | 1.0/2.0 MB
Progress (5): 940 kB | 68 kB | 15 kB | 330 kB | 1.0/2.0 MB
Progress (5): 940 kB | 68 kB | 15 kB | 330 kB | 1.0/2.0 MB
Progress (5): 940 kB | 68 kB | 15 kB | 330 kB | 1.0/2.0 MB
Progress (5): 940 kB | 68 kB | 15 kB | 330 kB | 1.0/2.0 MB
Progress (5): 940 kB | 68 kB | 15 kB | 330 kB | 1.0/2.0 MB
Progress (5): 940 kB | 68 kB | 15 kB | 330 kB | 1.0/2.0 MB
Progress (5): 940 kB | 68 kB | 15 kB | 330 kB | 1.1/2.0 MB
Progress (5): 940 kB | 68 kB | 15 kB | 330 kB | 1.1/2.0 MB
Progress (5): 940 kB | 68 kB | 15 kB | 330 kB | 1.1/2.0 MB
Progress (5): 940 kB | 68 kB | 15 kB | 330 kB | 1.1/2.0 MB
Progress (5): 940 kB | 68 kB | 15 kB | 330 kB | 1.1/2.0 MB
Progress (5): 940 kB | 68 kB | 15 kB | 330 kB | 1.1/2.0 MB
Progress (5): 940 kB | 68 kB | 15 kB | 330 kB | 1.2/2.0 MB
Progress (5): 940 kB | 68 kB | 15 kB | 330 kB | 1.2/2.0 MB
Progress (5): 940 kB | 68 kB | 15 kB | 330 kB | 1.2/2.0 MB
Progress (5): 940 kB | 68 kB | 15 kB | 330 kB | 1.2/2.0 MB
Progress (5): 940 kB | 68 kB | 15 kB | 330 kB | 1.2/2.0 MB
Progress (5): 940 kB | 68 kB | 15 kB | 330 kB | 1.2/2.0 MB
Progress (5): 940 kB | 68 kB | 15 kB | 330 kB | 1.3/2.0 MB
Progress (5): 940 kB | 68 kB | 15 kB | 330 kB | 1.3/2.0 MB
Progress (5): 940 kB | 68 kB | 15 kB | 330 kB | 1.3/2.0 MB
Progress (5): 940 kB | 68 kB | 15 kB | 330 kB | 1.3/2.0 MB
Progress (5): 940 kB | 68 kB | 15 kB | 330 kB | 1.3/2.0 MB
Progress (5): 940 kB | 68 kB | 15 kB | 330 kB | 1.3/2.0 MB
Progress (5): 940 kB | 68 kB | 15 kB | 330 kB | 1.4/2.0 MB
Progress (5): 940 kB | 68 kB | 15 kB | 330 kB | 1.4/2.0 MB
Progress (5): 940 kB | 68 kB | 15 kB | 330 kB | 1.4/2.0 MB
Progress (5): 940 kB | 68 kB | 15 kB | 330 kB | 1.4/2.0 MB
Progress (5): 940 kB | 68 kB | 15 kB | 330 kB | 1.4/2.0 MB
Progress (5): 940 kB | 68 kB | 15 kB | 330 kB | 1.4/2.0 MB
Progress (5): 940 kB | 68 kB | 15 kB | 330 kB | 1.5/2.0 MB
Progress (5): 940 kB | 68 kB | 15 kB | 330 kB | 1.5/2.0 MB
Progress (5): 940 kB | 68 kB | 15 kB | 330 kB | 1.5/2.0 MB
Progress (5): 940 kB | 68 kB | 15 kB | 330 kB | 1.5/2.0 MB
Progress (5): 940 kB | 68 kB | 15 kB | 330 kB | 1.5/2.0 MB
Progress (5): 940 kB | 68 kB | 15 kB | 330 kB | 1.5/2.0 MB
Progress (5): 940 kB | 68 kB | 15 kB | 330 kB | 1.6/2.0 MB
Progress (5): 940 kB | 68 kB | 15 kB | 330 kB | 1.6/2.0 MB
Progress (5): 940 kB | 68 kB | 15 kB | 330 kB | 1.6/2.0 MB
Progress (5): 940 kB | 68 kB | 15 kB | 330 kB | 1.6/2.0 MB
Progress (5): 940 kB | 68 kB | 15 kB | 330 kB | 1.6/2.0 MB
Progress (5): 940 kB | 68 kB | 15 kB | 330 kB | 1.6/2.0 MB
Progress (5): 940 kB | 68 kB | 15 kB | 330 kB | 1.7/2.0 MB
Progress (5): 940 kB | 68 kB | 15 kB | 330 kB | 1.7/2.0 MB
Progress (5): 940 kB | 68 kB | 15 kB | 330 kB | 1.7/2.0 MB
Progress (5): 940 kB | 68 kB | 15 kB | 330 kB | 1.7/2.0 MB
Progress (5): 940 kB | 68 kB | 15 kB | 330 kB | 1.7/2.0 MB
Progress (5): 940 kB | 68 kB | 15 kB | 330 kB | 1.7/2.0 MB
Progress (5): 940 kB | 68 kB | 15 kB | 330 kB | 1.8/2.0 MB
Progress (5): 940 kB | 68 kB | 15 kB | 330 kB | 1.8/2.0 MB
Progress (5): 940 kB | 68 kB | 15 kB | 330 kB | 1.8/2.0 MB
Progress (5): 940 kB | 68 kB | 15 kB | 330 kB | 1.8/2.0 MB
Progress (5): 940 kB | 68 kB | 15 kB | 330 kB | 1.8/2.0 MB
Progress (5): 940 kB | 68 kB | 15 kB | 330 kB | 1.8/2.0 MB
Progress (5): 940 kB | 68 kB | 15 kB | 330 kB | 1.9/2.0 MB
Progress (5): 940 kB | 68 kB | 15 kB | 330 kB | 1.9/2.0 MB
Progress (5): 940 kB | 68 kB | 15 kB | 330 kB | 1.9/2.0 MB
Progress (5): 940 kB | 68 kB | 15 kB | 330 kB | 1.9/2.0 MB
Progress (5): 940 kB | 68 kB | 15 kB | 330 kB | 1.9/2.0 MB
Progress (5): 940 kB | 68 kB | 15 kB | 330 kB | 1.9/2.0 MB
Progress (5): 940 kB | 68 kB | 15 kB | 330 kB | 1.9/2.0 MB
Progress (5): 940 kB | 68 kB | 15 kB | 330 kB | 2.0/2.0 MB
Progress (5): 940 kB | 68 kB | 15 kB | 330 kB | 2.0/2.0 MB
Progress (5): 940 kB | 68 kB | 15 kB | 330 kB | 2.0/2.0 MB
Progress (5): 940 kB | 68 kB | 15 kB | 330 kB | 2.0 MB    
                                                      
Downloaded from aliyunmaven: https://maven.aliyun.com/repository/public/com/alibaba/fastjson2/fastjson2/2.0.43/fastjson2-2.0.43.jar (2.0 MB at 5.2 MB/s)
Downloading from aliyunmaven: https://maven.aliyun.com/repository/public/io/netty/netty-all/4.1.135.Final/netty-all-4.1.135.Final.jar
Progress (5): 940 kB | 68 kB | 15 kB | 330 kB | 4.5 kB
                                                      
Downloaded from aliyunmaven: https://maven.aliyun.com/repository/public/io/github/aliyunmq/rocketmq-logback-classic/1.0.1/rocketmq-logback-classic-1.0.1.jar (940 kB at 2.3 MB/s)
Downloading from aliyunmaven: https://maven.aliyun.com/repository/public/io/netty/netty-codec-dns/4.1.135.Final/netty-codec-dns-4.1.135.Final.jar
Progress (5): 68 kB | 15 kB | 330 kB | 4.5 kB | 0.4/68 kB
Progress (5): 68 kB | 15 kB | 330 kB | 4.5 kB | 17/68 kB 
Progress (5): 68 kB | 15 kB | 330 kB | 4.5 kB | 28/68 kB
Progress (5): 68 kB | 15 kB | 330 kB | 4.5 kB | 31/68 kB
Progress (5): 68 kB | 15 kB | 330 kB | 4.5 kB | 47/68 kB
Progress (5): 68 kB | 15 kB | 330 kB | 4.5 kB | 54/68 kB
Progress (5): 68 kB | 15 kB | 330 kB | 4.5 kB | 68 kB   
                                                     
Downloaded from aliyunmaven: https://maven.aliyun.com/repository/public/io/github/aliyunmq/rocketmq-slf4j-api/1.0.1/rocketmq-slf4j-api-1.0.1.jar (68 kB at 159 kB/s)
Downloading from aliyunmaven: https://maven.aliyun.com/repository/public/io/netty/netty-codec-haproxy/4.1.135.Final/netty-codec-haproxy-4.1.135.Final.jar
Downloaded from aliyunmaven: https://maven.aliyun.com/repository/public/io/netty/netty-all/4.1.135.Final/netty-all-4.1.135.Final.jar (4.5 kB at 10 kB/s)
Downloading from aliyunmaven: https://maven.aliyun.com/repository/public/io/netty/netty-codec-http/4.1.135.Final/netty-codec-http-4.1.135.Final.jar
Progress (4): 15 kB | 330 kB | 68 kB | 7.3/38 kB
Progress (4): 15 kB | 330 kB | 68 kB | 15/38 kB 
Progress (4): 15 kB | 330 kB | 68 kB | 32/38 kB
Progress (4): 15 kB | 330 kB | 68 kB | 38 kB   
                                            
Downloaded from aliyunmaven: https://maven.aliyun.com/repository/public/org/apache/tomcat/annotations-api/6.0.53/annotations-api-6.0.53.jar (15 kB at 34 kB/s)
Downloading from aliyunmaven: https://maven.aliyun.com/repository/public/io/netty/netty-codec-http2/4.1.135.Final/netty-codec-http2-4.1.135.Final.jar
Downloaded from aliyunmaven: https://maven.aliyun.com/repository/public/io/netty/netty-codec-dns/4.1.135.Final/netty-codec-dns-4.1.135.Final.jar (68 kB at 149 kB/s)
Downloading from aliyunmaven: https://maven.aliyun.com/repository/public/io/netty/netty-codec-memcache/4.1.135.Final/netty-codec-memcache-4.1.135.Final.jar
Progress (3): 330 kB | 38 kB | 1.9/45 kB
Progress (3): 330 kB | 38 kB | 18/45 kB 
Progress (3): 330 kB | 38 kB | 35/45 kB
Progress (3): 330 kB | 38 kB | 45 kB   
                                    
Downloaded from aliyunmaven: https://maven.aliyun.com/repository/public/org/apache/rocketmq/rocketmq-common/5.3.1/rocketmq-common-5.3.1.jar (330 kB at 690 kB/s)
Downloading from aliyunmaven: https://maven.aliyun.com/repository/public/io/netty/netty-codec-mqtt/4.1.135.Final/netty-codec-mqtt-4.1.135.Final.jar
Progress (3): 38 kB | 45 kB | 7.2/503 kB
Progress (3): 38 kB | 45 kB | 15/503 kB 
Progress (3): 38 kB | 45 kB | 32/503 kB
Progress (3): 38 kB | 45 kB | 48/503 kB
Progress (3): 38 kB | 45 kB | 64/503 kB
Progress (3): 38 kB | 45 kB | 81/503 kB
Progress (3): 38 kB | 45 kB | 97/503 kB
Progress (3): 38 kB | 45 kB | 114/503 kB
Progress (3): 38 kB | 45 kB | 130/503 kB
Progress (3): 38 kB | 45 kB | 146/503 kB
Progress (3): 38 kB | 45 kB | 163/503 kB
Progress (3): 38 kB | 45 kB | 179/503 kB
Progress (3): 38 kB | 45 kB | 196/503 kB
Progress (3): 38 kB | 45 kB | 212/503 kB
Progress (3): 38 kB | 45 kB | 228/503 kB
Progress (3): 38 kB | 45 kB | 245/503 kB
Progress (3): 38 kB | 45 kB | 261/503 kB
Progress (3): 38 kB | 45 kB | 277/503 kB
Progress (3): 38 kB | 45 kB | 294/503 kB
Progress (3): 38 kB | 45 kB | 310/503 kB
Progress (3): 38 kB | 45 kB | 327/503 kB
Progress (3): 38 kB | 45 kB | 343/503 kB
Progress (3): 38 kB | 45 kB | 359/503 kB
Progress (3): 38 kB | 45 kB | 376/503 kB
Progress (3): 38 kB | 45 kB | 392/503 kB
Progress (3): 38 kB | 45 kB | 409/503 kB
Progress (3): 38 kB | 45 kB | 425/503 kB
Progress (3): 38 kB | 45 kB | 441/503 kB
Progress (3): 38 kB | 45 kB | 458/503 kB
Progress (3): 38 kB | 45 kB | 474/503 kB
Progress (3): 38 kB | 45 kB | 490/503 kB
Progress (3): 38 kB | 45 kB | 503 kB    
Progress (4): 38 kB | 45 kB | 503 kB | 7.3/114 kB
Progress (4): 38 kB | 45 kB | 503 kB | 7.7/114 kB
Progress (4): 38 kB | 45 kB | 503 kB | 24/114 kB 
Progress (4): 38 kB | 45 kB | 503 kB | 40/114 kB
Progress (4): 38 kB | 45 kB | 503 kB | 54/114 kB
Progress (4): 38 kB | 45 kB | 503 kB | 71/114 kB
Progress (4): 38 kB | 45 kB | 503 kB | 87/114 kB
Progress (4): 38 kB | 45 kB | 503 kB | 104/114 kB
Progress (4): 38 kB | 45 kB | 503 kB | 114 kB    
Progress (5): 38 kB | 45 kB | 503 kB | 114 kB | 7.2/691 kB
Progress (5): 38 kB | 45 kB | 503 kB | 114 kB | 15/691 kB 
Progress (5): 38 kB | 45 kB | 503 kB | 114 kB | 32/691 kB
Progress (5): 38 kB | 45 kB | 503 kB | 114 kB | 48/691 kB
Progress (5): 38 kB | 45 kB | 503 kB | 114 kB | 64/691 kB
Progress (5): 38 kB | 45 kB | 503 kB | 114 kB | 81/691 kB
Progress (5): 38 kB | 45 kB | 503 kB | 114 kB | 97/691 kB
Progress (5): 38 kB | 45 kB | 503 kB | 114 kB | 114/691 kB
Progress (5): 38 kB | 45 kB | 503 kB | 114 kB | 130/691 kB
Progress (5): 38 kB | 45 kB | 503 kB | 114 kB | 146/691 kB
Progress (5): 38 kB | 45 kB | 503 kB | 114 kB | 163/691 kB
Progress (5): 38 kB | 45 kB | 503 kB | 114 kB | 179/691 kB
Progress (5): 38 kB | 45 kB | 503 kB | 114 kB | 196/691 kB
Progress (5): 38 kB | 45 kB | 503 kB | 114 kB | 212/691 kB
Progress (5): 38 kB | 45 kB | 503 kB | 114 kB | 228/691 kB
Progress (5): 38 kB | 45 kB | 503 kB | 114 kB | 245/691 kB
Progress (5): 38 kB | 45 kB | 503 kB | 114 kB | 261/691 kB
Progress (5): 38 kB | 45 kB | 503 kB | 114 kB | 277/691 kB
Progress (5): 38 kB | 45 kB | 503 kB | 114 kB | 294/691 kB
Progress (5): 38 kB | 45 kB | 503 kB | 114 kB | 310/691 kB
Progress (5): 38 kB | 45 kB | 503 kB | 114 kB | 327/691 kB
Progress (5): 38 kB | 45 kB | 503 kB | 114 kB | 343/691 kB
Progress (5): 38 kB | 45 kB | 503 kB | 114 kB | 359/691 kB
Progress (5): 38 kB | 45 kB | 503 kB | 114 kB | 376/691 kB
Progress (5): 38 kB | 45 kB | 503 kB | 114 kB | 392/691 kB
Progress (5): 38 kB | 45 kB | 503 kB | 114 kB | 409/691 kB
Progress (5): 38 kB | 45 kB | 503 kB | 114 kB | 425/691 kB
Progress (5): 38 kB | 45 kB | 503 kB | 114 kB | 441/691 kB
Progress (5): 38 kB | 45 kB | 503 kB | 114 kB | 458/691 kB
Progress (5): 38 kB | 45 kB | 503 kB | 114 kB | 474/691 kB
Progress (5): 38 kB | 45 kB | 503 kB | 114 kB | 490/691 kB
Progress (5): 38 kB | 45 kB | 503 kB | 114 kB | 507/691 kB
Progress (5): 38 kB | 45 kB | 503 kB | 114 kB | 523/691 kB
Progress (5): 38 kB | 45 kB | 503 kB | 114 kB | 524/691 kB
                                                          
Downloaded from aliyunmaven: https://maven.aliyun.com/repository/public/io/netty/netty-codec-http2/4.1.135.Final/netty-codec-http2-4.1.135.Final.jar (503 kB at 964 kB/s)
Downloading from aliyunmaven: https://maven.aliyun.com/repository/public/io/netty/netty-codec-redis/4.1.135.Final/netty-codec-redis-4.1.135.Final.jar
Progress (4): 38 kB | 45 kB | 114 kB | 541/691 kB
Progress (4): 38 kB | 45 kB | 114 kB | 557/691 kB
Progress (4): 38 kB | 45 kB | 114 kB | 573/691 kB
Progress (4): 38 kB | 45 kB | 114 kB | 590/691 kB
Progress (4): 38 kB | 45 kB | 114 kB | 606/691 kB
Progress (4): 38 kB | 45 kB | 114 kB | 623/691 kB
Progress (4): 38 kB | 45 kB | 114 kB | 639/691 kB
Progress (4): 38 kB | 45 kB | 114 kB | 655/691 kB
Progress (4): 38 kB | 45 kB | 114 kB | 672/691 kB
Progress (4): 38 kB | 45 kB | 114 kB | 688/691 kB
Progress (4): 38 kB | 45 kB | 114 kB | 691 kB    
Progress (5): 38 kB | 45 kB | 114 kB | 691 kB | 7.2/47 kB
Progress (5): 38 kB | 45 kB | 114 kB | 691 kB | 15/47 kB 
Progress (5): 38 kB | 45 kB | 114 kB | 691 kB | 32/47 kB
Progress (5): 38 kB | 45 kB | 114 kB | 691 kB | 47 kB   
                                                     
Downloaded from aliyunmaven: https://maven.aliyun.com/repository/public/io/netty/netty-codec-mqtt/4.1.135.Final/netty-codec-mqtt-4.1.135.Final.jar (114 kB at 209 kB/s)
Downloading from aliyunmaven: https://maven.aliyun.com/repository/public/io/netty/netty-codec-smtp/4.1.135.Final/netty-codec-smtp-4.1.135.Final.jar
Progress (5): 38 kB | 45 kB | 691 kB | 47 kB | 7.2/22 kB
Progress (5): 38 kB | 45 kB | 691 kB | 47 kB | 9.2/22 kB
Progress (5): 38 kB | 45 kB | 691 kB | 47 kB | 22 kB    
                                                    
Downloaded from aliyunmaven: https://maven.aliyun.com/repository/public/io/netty/netty-codec-http/4.1.135.Final/netty-codec-http-4.1.135.Final.jar (691 kB at 1.2 MB/s)
Downloading from aliyunmaven: https://maven.aliyun.com/repository/public/io/netty/netty-codec-socks/4.1.135.Final/netty-codec-socks-4.1.135.Final.jar
Progress (5): 38 kB | 45 kB | 47 kB | 22 kB | 7.3/121 kB
Progress (5): 38 kB | 45 kB | 47 kB | 22 kB | 15/121 kB 
Progress (5): 38 kB | 45 kB | 47 kB | 22 kB | 32/121 kB
Progress (5): 38 kB | 45 kB | 47 kB | 22 kB | 48/121 kB
Progress (5): 38 kB | 45 kB | 47 kB | 22 kB | 64/121 kB
Progress (5): 38 kB | 45 kB | 47 kB | 22 kB | 81/121 kB
Progress (5): 38 kB | 45 kB | 47 kB | 22 kB | 97/121 kB
Progress (5): 38 kB | 45 kB | 47 kB | 22 kB | 114/121 kB
Progress (5): 38 kB | 45 kB | 47 kB | 22 kB | 121 kB    
                                                    
Downloaded from aliyunmaven: https://maven.aliyun.com/repository/public/io/netty/netty-codec-socks/4.1.135.Final/netty-codec-socks-4.1.135.Final.jar (121 kB at 194 kB/s)
Downloading from aliyunmaven: https://maven.aliyun.com/repository/public/io/netty/netty-codec-stomp/4.1.135.Final/netty-codec-stomp-4.1.135.Final.jar
Progress (5): 38 kB | 45 kB | 47 kB | 22 kB | 7.2/35 kB
Progress (5): 38 kB | 45 kB | 47 kB | 22 kB | 15/35 kB 
Progress (5): 38 kB | 45 kB | 47 kB | 22 kB | 32/35 kB
Progress (5): 38 kB | 45 kB | 47 kB | 22 kB | 35 kB   
                                                   
Downloaded from aliyunmaven: https://maven.aliyun.com/repository/public/io/netty/netty-codec-haproxy/4.1.135.Final/netty-codec-haproxy-4.1.135.Final.jar (38 kB at 55 kB/s)
Downloading from aliyunmaven: https://maven.aliyun.com/repository/public/io/netty/netty-codec-xml/4.1.135.Final/netty-codec-xml-4.1.135.Final.jar
Progress (5): 45 kB | 47 kB | 22 kB | 35 kB | 4.8/20 kB
Progress (5): 45 kB | 47 kB | 22 kB | 35 kB | 20 kB    
                                                   
Downloaded from aliyunmaven: https://maven.aliyun.com/repository/public/io/netty/netty-codec-smtp/4.1.135.Final/netty-codec-smtp-4.1.135.Final.jar (22 kB at 30 kB/s)
Downloading from aliyunmaven: https://maven.aliyun.com/repository/public/io/netty/netty-handler-proxy/4.1.135.Final/netty-handler-proxy-4.1.135.Final.jar
Progress (5): 45 kB | 47 kB | 35 kB | 20 kB | 7.2/26 kB
Progress (5): 45 kB | 47 kB | 35 kB | 20 kB | 15/26 kB 
Progress (5): 45 kB | 47 kB | 35 kB | 20 kB | 26 kB   
                                                   
Downloaded from aliyunmaven: https://maven.aliyun.com/repository/public/io/netty/netty-codec-memcache/4.1.135.Final/netty-codec-memcache-4.1.135.Final.jar (45 kB at 53 kB/s)
Downloading from aliyunmaven: https://maven.aliyun.com/repository/public/io/netty/netty-handler-ssl-ocsp/4.1.135.Final/netty-handler-ssl-ocsp-4.1.135.Final.jar
Progress (5): 47 kB | 35 kB | 20 kB | 26 kB | 7.2/27 kB
Progress (5): 47 kB | 35 kB | 20 kB | 26 kB | 15/27 kB 
Progress (5): 47 kB | 35 kB | 20 kB | 26 kB | 27 kB   
                                                   
Downloaded from aliyunmaven: https://maven.aliyun.com/repository/public/io/netty/netty-codec-xml/4.1.135.Final/netty-codec-xml-4.1.135.Final.jar (20 kB at 22 kB/s)
Downloading from aliyunmaven: https://maven.aliyun.com/repository/public/io/netty/netty-resolver-dns/4.1.135.Final/netty-resolver-dns-4.1.135.Final.jar
Downloaded from aliyunmaven: https://maven.aliyun.com/repository/public/io/netty/netty-codec-redis/4.1.135.Final/netty-codec-redis-4.1.135.Final.jar (47 kB at 53 kB/s)
Downloading from aliyunmaven: https://maven.aliyun.com/repository/public/io/netty/netty-transport-rxtx/4.1.135.Final/netty-transport-rxtx-4.1.135.Final.jar
Progress (4): 35 kB | 26 kB | 27 kB | 7.3/189 kB
Progress (4): 35 kB | 26 kB | 27 kB | 15/189 kB 
Progress (4): 35 kB | 26 kB | 27 kB | 32/189 kB
Progress (4): 35 kB | 26 kB | 27 kB | 48/189 kB
Progress (4): 35 kB | 26 kB | 27 kB | 64/189 kB
Progress (4): 35 kB | 26 kB | 27 kB | 81/189 kB
Progress (4): 35 kB | 26 kB | 27 kB | 97/189 kB
Progress (4): 35 kB | 26 kB | 27 kB | 114/189 kB
Progress (4): 35 kB | 26 kB | 27 kB | 130/189 kB
Progress (4): 35 kB | 26 kB | 27 kB | 146/189 kB
Progress (4): 35 kB | 26 kB | 27 kB | 163/189 kB
Progress (4): 35 kB | 26 kB | 27 kB | 179/189 kB
Progress (4): 35 kB | 26 kB | 27 kB | 189 kB    
Progress (5): 35 kB | 26 kB | 27 kB | 189 kB | 1.9/18 kB
Progress (5): 35 kB | 26 kB | 27 kB | 189 kB | 18 kB    
                                                    
Downloaded from aliyunmaven: https://maven.aliyun.com/repository/public/io/netty/netty-codec-stomp/4.1.135.Final/netty-codec-stomp-4.1.135.Final.jar (35 kB at 38 kB/s)
Downloading from aliyunmaven: https://maven.aliyun.com/repository/public/io/netty/netty-transport-sctp/4.1.135.Final/netty-transport-sctp-4.1.135.Final.jar
Progress (5): 26 kB | 27 kB | 189 kB | 18 kB | 7.3/52 kB
Progress (5): 26 kB | 27 kB | 189 kB | 18 kB | 15/52 kB 
Progress (5): 26 kB | 27 kB | 189 kB | 18 kB | 32/52 kB
Progress (5): 26 kB | 27 kB | 189 kB | 18 kB | 48/52 kB
Progress (5): 26 kB | 27 kB | 189 kB | 18 kB | 52 kB   
                                                    
Downloaded from aliyunmaven: https://maven.aliyun.com/repository/public/io/netty/netty-resolver-dns/4.1.135.Final/netty-resolver-dns-4.1.135.Final.jar (189 kB at 199 kB/s)
Downloading from aliyunmaven: https://maven.aliyun.com/repository/public/io/netty/netty-transport-udt/4.1.135.Final/netty-transport-udt-4.1.135.Final.jar
Progress (5): 26 kB | 27 kB | 18 kB | 52 kB | 7.3/32 kB
Progress (5): 26 kB | 27 kB | 18 kB | 52 kB | 15/32 kB 
Progress (5): 26 kB | 27 kB | 18 kB | 52 kB | 32/32 kB
Progress (5): 26 kB | 27 kB | 18 kB | 52 kB | 32 kB   
                                                   
Downloaded from aliyunmaven: https://maven.aliyun.com/repository/public/io/netty/netty-transport-sctp/4.1.135.Final/netty-transport-sctp-4.1.135.Final.jar (52 kB at 54 kB/s)
Downloading from aliyunmaven: https://maven.aliyun.com/repository/public/io/netty/netty-transport-classes-epoll/4.1.135.Final/netty-transport-classes-epoll-4.1.135.Final.jar
Downloaded from aliyunmaven: https://maven.aliyun.com/repository/public/io/netty/netty-handler-proxy/4.1.135.Final/netty-handler-proxy-4.1.135.Final.jar (26 kB at 27 kB/s)
Downloading from aliyunmaven: https://maven.aliyun.com/repository/public/io/netty/netty-transport-classes-kqueue/4.1.135.Final/netty-transport-classes-kqueue-4.1.135.Final.jar
Progress (4): 27 kB | 18 kB | 32 kB | 7.3/113 kB
Progress (4): 27 kB | 18 kB | 32 kB | 15/113 kB 
Progress (4): 27 kB | 18 kB | 32 kB | 32/113 kB
Progress (4): 27 kB | 18 kB | 32 kB | 48/113 kB
Progress (4): 27 kB | 18 kB | 32 kB | 64/113 kB
Progress (4): 27 kB | 18 kB | 32 kB | 81/113 kB
Progress (4): 27 kB | 18 kB | 32 kB | 97/113 kB
Progress (4): 27 kB | 18 kB | 32 kB | 113 kB   
Progress (5): 27 kB | 18 kB | 32 kB | 113 kB | 7.2/148 kB
Progress (5): 27 kB | 18 kB | 32 kB | 113 kB | 15/148 kB 
Progress (5): 27 kB | 18 kB | 32 kB | 113 kB | 32/148 kB
Progress (5): 27 kB | 18 kB | 32 kB | 113 kB | 48/148 kB
Progress (5): 27 kB | 18 kB | 32 kB | 113 kB | 64/148 kB
Progress (5): 27 kB | 18 kB | 32 kB | 113 kB | 81/148 kB
Progress (5): 27 kB | 18 kB | 32 kB | 113 kB | 97/148 kB
Progress (5): 27 kB | 18 kB | 32 kB | 113 kB | 114/148 kB
Progress (5): 27 kB | 18 kB | 32 kB | 113 kB | 124/148 kB
Progress (5): 27 kB | 18 kB | 32 kB | 113 kB | 141/148 kB
Progress (5): 27 kB | 18 kB | 32 kB | 113 kB | 148 kB    
                                                     
Downloaded from aliyunmaven: https://maven.aliyun.com/repository/public/io/netty/netty-transport-classes-epoll/4.1.135.Final/netty-transport-classes-epoll-4.1.135.Final.jar (148 kB at 142 kB/s)
Downloading from aliyunmaven: https://maven.aliyun.com/repository/public/io/netty/netty-resolver-dns-classes-macos/4.1.135.Final/netty-resolver-dns-classes-macos-4.1.135.Final.jar
Progress (5): 27 kB | 18 kB | 32 kB | 113 kB | 1.9/9.2 kB
Progress (5): 27 kB | 18 kB | 32 kB | 113 kB | 9.2 kB    
                                                     
Downloaded from aliyunmaven: https://maven.aliyun.com/repository/public/io/netty/netty-transport-rxtx/4.1.135.Final/netty-transport-rxtx-4.1.135.Final.jar (18 kB at 17 kB/s)
Downloading from aliyunmaven: https://maven.aliyun.com/repository/public/io/netty/netty-transport-native-epoll/4.1.135.Final/netty-transport-native-epoll-4.1.135.Final-linux-x86_64.jar
Downloaded from aliyunmaven: https://maven.aliyun.com/repository/public/io/netty/netty-handler-ssl-ocsp/4.1.135.Final/netty-handler-ssl-ocsp-4.1.135.Final.jar (27 kB at 25 kB/s)
Downloading from aliyunmaven: https://maven.aliyun.com/repository/public/io/netty/netty-transport-native-epoll/4.1.135.Final/netty-transport-native-epoll-4.1.135.Final-linux-aarch_64.jar
Progress (4): 32 kB | 113 kB | 9.2 kB | 7.2/41 kB
Progress (4): 32 kB | 113 kB | 9.2 kB | 15/41 kB 
Progress (4): 32 kB | 113 kB | 9.2 kB | 32/41 kB
Progress (4): 32 kB | 113 kB | 9.2 kB | 41 kB   
Progress (5): 32 kB | 113 kB | 9.2 kB | 41 kB | 1.9/43 kB
Progress (5): 32 kB | 113 kB | 9.2 kB | 41 kB | 18/43 kB 
Progress (5): 32 kB | 113 kB | 9.2 kB | 41 kB | 35/43 kB
Progress (5): 32 kB | 113 kB | 9.2 kB | 41 kB | 43 kB   
                                                     
Downloaded from aliyunmaven: https://maven.aliyun.com/repository/public/io/netty/netty-resolver-dns-classes-macos/4.1.135.Final/netty-resolver-dns-classes-macos-4.1.135.Final.jar (9.2 kB at 7.9 kB/s)
Downloading from aliyunmaven: https://maven.aliyun.com/repository/public/io/netty/netty-transport-native-epoll/4.1.135.Final/netty-transport-native-epoll-4.1.135.Final-linux-riscv64.jar
Downloaded from aliyunmaven: https://maven.aliyun.com/repository/public/io/netty/netty-transport-classes-kqueue/4.1.135.Final/netty-transport-classes-kqueue-4.1.135.Final.jar (113 kB at 97 kB/s)
Downloading from aliyunmaven: https://maven.aliyun.com/repository/public/io/netty/netty-transport-native-kqueue/4.1.135.Final/netty-transport-native-kqueue-4.1.135.Final-osx-x86_64.jar
Progress (4): 32 kB | 41 kB | 43 kB | 7.3/26 kB
Progress (4): 32 kB | 41 kB | 43 kB | 15/26 kB 
Progress (4): 32 kB | 41 kB | 43 kB | 26 kB   
Progress (5): 32 kB | 41 kB | 43 kB | 26 kB | 7.3/37 kB
Progress (5): 32 kB | 41 kB | 43 kB | 26 kB | 11/37 kB 
Progress (5): 32 kB | 41 kB | 43 kB | 26 kB | 27/37 kB
Progress (5): 32 kB | 41 kB | 43 kB | 26 kB | 37 kB   
                                                   
Downloaded from aliyunmaven: https://maven.aliyun.com/repository/public/io/netty/netty-transport-native-epoll/4.1.135.Final/netty-transport-native-epoll-4.1.135.Final-linux-x86_64.jar (41 kB at 35 kB/s)
Downloading from aliyunmaven: https://maven.aliyun.com/repository/public/io/netty/netty-transport-native-kqueue/4.1.135.Final/netty-transport-native-kqueue-4.1.135.Final-osx-aarch_64.jar
Downloaded from aliyunmaven: https://maven.aliyun.com/repository/public/io/netty/netty-transport-native-epoll/4.1.135.Final/netty-transport-native-epoll-4.1.135.Final-linux-aarch_64.jar (43 kB at 36 kB/s)
Downloading from aliyunmaven: https://maven.aliyun.com/repository/public/io/netty/netty-resolver-dns-native-macos/4.1.135.Final/netty-resolver-dns-native-macos-4.1.135.Final-osx-x86_64.jar
Progress (4): 32 kB | 26 kB | 37 kB | 6.2/27 kB
Progress (4): 32 kB | 26 kB | 37 kB | 23/27 kB 
Progress (4): 32 kB | 26 kB | 37 kB | 27 kB   
                                           
Downloaded from aliyunmaven: https://maven.aliyun.com/repository/public/io/netty/netty-transport-udt/4.1.135.Final/netty-transport-udt-4.1.135.Final.jar (32 kB at 27 kB/s)
Downloading from aliyunmaven: https://maven.aliyun.com/repository/public/io/netty/netty-resolver-dns-native-macos/4.1.135.Final/netty-resolver-dns-native-macos-4.1.135.Final-osx-aarch_64.jar
Progress (4): 26 kB | 37 kB | 27 kB | 7.3/20 kB
Progress (4): 26 kB | 37 kB | 27 kB | 15/20 kB 
Progress (4): 26 kB | 37 kB | 27 kB | 20 kB   
Progress (5): 26 kB | 37 kB | 27 kB | 20 kB | 7.2/20 kB
Progress (5): 26 kB | 37 kB | 27 kB | 20 kB | 7.7/20 kB
Progress (5): 26 kB | 37 kB | 27 kB | 20 kB | 20 kB    
                                                   
Downloaded from aliyunmaven: https://maven.aliyun.com/repository/public/io/netty/netty-transport-native-kqueue/4.1.135.Final/netty-transport-native-kqueue-4.1.135.Final-osx-x86_64.jar (26 kB at 21 kB/s)
Downloading from aliyunmaven: https://maven.aliyun.com/repository/public/com/github/luben/zstd-jni/1.5.2-2/zstd-jni-1.5.2-2.jar
Downloaded from aliyunmaven: https://maven.aliyun.com/repository/public/io/netty/netty-transport-native-epoll/4.1.135.Final/netty-transport-native-epoll-4.1.135.Final-linux-riscv64.jar (37 kB at 29 kB/s)
Downloading from aliyunmaven: https://maven.aliyun.com/repository/public/org/lz4/lz4-java/1.8.0/lz4-java-1.8.0.jar
Downloaded from aliyunmaven: https://maven.aliyun.com/repository/public/io/netty/netty-transport-native-kqueue/4.1.135.Final/netty-transport-native-kqueue-4.1.135.Final-osx-aarch_64.jar (27 kB at 21 kB/s)
Downloading from aliyunmaven: https://maven.aliyun.com/repository/public/com/google/guava/guava/33.4.8-jre/guava-33.4.8-jre.jar
Progress (3): 20 kB | 20 kB | 3.4/683 kB
Progress (3): 20 kB | 20 kB | 20/683 kB 
Progress (3): 20 kB | 20 kB | 36/683 kB
Progress (3): 20 kB | 20 kB | 53/683 kB
Progress (3): 20 kB | 20 kB | 69/683 kB
Progress (3): 20 kB | 20 kB | 82/683 kB
Progress (3): 20 kB | 20 kB | 85/683 kB
Progress (3): 20 kB | 20 kB | 102/683 kB
Progress (3): 20 kB | 20 kB | 118/683 kB
Progress (3): 20 kB | 20 kB | 134/683 kB
Progress (3): 20 kB | 20 kB | 151/683 kB
Progress (3): 20 kB | 20 kB | 167/683 kB
Progress (3): 20 kB | 20 kB | 168/683 kB
Progress (3): 20 kB | 20 kB | 181/683 kB
Progress (3): 20 kB | 20 kB | 193/683 kB
Progress (3): 20 kB | 20 kB | 210/683 kB
Progress (3): 20 kB | 20 kB | 222/683 kB
Progress (3): 20 kB | 20 kB | 239/683 kB
Progress (3): 20 kB | 20 kB | 246/683 kB
Progress (3): 20 kB | 20 kB | 262/683 kB
Progress (3): 20 kB | 20 kB | 279/683 kB
Progress (3): 20 kB | 20 kB | 295/683 kB
Progress (3): 20 kB | 20 kB | 297/683 kB
Progress (3): 20 kB | 20 kB | 306/683 kB
Progress (3): 20 kB | 20 kB | 309/683 kB
Progress (3): 20 kB | 20 kB | 320/683 kB
Progress (3): 20 kB | 20 kB | 327/683 kB
Progress (3): 20 kB | 20 kB | 330/683 kB
Progress (3): 20 kB | 20 kB | 336/683 kB
Progress (3): 20 kB | 20 kB | 342/683 kB
Progress (3): 20 kB | 20 kB | 354/683 kB
Progress (3): 20 kB | 20 kB | 360/683 kB
Progress (3): 20 kB | 20 kB | 365/683 kB
Progress (3): 20 kB | 20 kB | 377/683 kB
Progress (3): 20 kB | 20 kB | 379/683 kB
Progress (3): 20 kB | 20 kB | 389/683 kB
Progress (3): 20 kB | 20 kB | 392/683 kB
Progress (3): 20 kB | 20 kB | 408/683 kB
Progress (3): 20 kB | 20 kB | 425/683 kB
Progress (3): 20 kB | 20 kB | 441/683 kB
Progress (3): 20 kB | 20 kB | 457/683 kB
Progress (3): 20 kB | 20 kB | 474/683 kB
Progress (3): 20 kB | 20 kB | 490/683 kB
Progress (3): 20 kB | 20 kB | 506/683 kB
Progress (3): 20 kB | 20 kB | 523/683 kB
Progress (3): 20 kB | 20 kB | 539/683 kB
Progress (3): 20 kB | 20 kB | 556/683 kB
Progress (3): 20 kB | 20 kB | 572/683 kB
Progress (3): 20 kB | 20 kB | 588/683 kB
Progress (3): 20 kB | 20 kB | 605/683 kB
Progress (3): 20 kB | 20 kB | 621/683 kB
Progress (3): 20 kB | 20 kB | 637/683 kB
Progress (3): 20 kB | 20 kB | 654/683 kB
Progress (3): 20 kB | 20 kB | 670/683 kB
Progress (3): 20 kB | 20 kB | 683 kB    
Progress (4): 20 kB | 20 kB | 683 kB | 0/3.0 MB
Progress (4): 20 kB | 20 kB | 683 kB | 0/3.0 MB
Progress (4): 20 kB | 20 kB | 683 kB | 0/3.0 MB
Progress (4): 20 kB | 20 kB | 683 kB | 0/3.0 MB
Progress (4): 20 kB | 20 kB | 683 kB | 0.1/3.0 MB
Progress (4): 20 kB | 20 kB | 683 kB | 0.1/3.0 MB
Progress (4): 20 kB | 20 kB | 683 kB | 0.1/3.0 MB
Progress (4): 20 kB | 20 kB | 683 kB | 0.1/3.0 MB
Progress (4): 20 kB | 20 kB | 683 kB | 0.1/3.0 MB
Progress (4): 20 kB | 20 kB | 683 kB | 0.1/3.0 MB
Progress (4): 20 kB | 20 kB | 683 kB | 0.2/3.0 MB
Progress (4): 20 kB | 20 kB | 683 kB | 0.2/3.0 MB
Progress (4): 20 kB | 20 kB | 683 kB | 0.2/3.0 MB
Progress (4): 20 kB | 20 kB | 683 kB | 0.2/3.0 MB
Progress (4): 20 kB | 20 kB | 683 kB | 0.2/3.0 MB
Progress (4): 20 kB | 20 kB | 683 kB | 0.2/3.0 MB
Progress (4): 20 kB | 20 kB | 683 kB | 0.3/3.0 MB
Progress (4): 20 kB | 20 kB | 683 kB | 0.3/3.0 MB
Progress (4): 20 kB | 20 kB | 683 kB | 0.3/3.0 MB
Progress (4): 20 kB | 20 kB | 683 kB | 0.3/3.0 MB
Progress (4): 20 kB | 20 kB | 683 kB | 0.3/3.0 MB
Progress (4): 20 kB | 20 kB | 683 kB | 0.3/3.0 MB
Progress (4): 20 kB | 20 kB | 683 kB | 0.4/3.0 MB
Progress (4): 20 kB | 20 kB | 683 kB | 0.4/3.0 MB
Progress (4): 20 kB | 20 kB | 683 kB | 0.4/3.0 MB
Progress (4): 20 kB | 20 kB | 683 kB | 0.4/3.0 MB
Progress (4): 20 kB | 20 kB | 683 kB | 0.4/3.0 MB
Progress (4): 20 kB | 20 kB | 683 kB | 0.4/3.0 MB
Progress (4): 20 kB | 20 kB | 683 kB | 0.5/3.0 MB
Progress (4): 20 kB | 20 kB | 683 kB | 0.5/3.0 MB
Progress (4): 20 kB | 20 kB | 683 kB | 0.5/3.0 MB
Progress (4): 20 kB | 20 kB | 683 kB | 0.5/3.0 MB
                                                 
Downloaded from aliyunmaven: https://maven.aliyun.com/repository/public/io/netty/netty-resolver-dns-native-macos/4.1.135.Final/netty-resolver-dns-native-macos-4.1.135.Final-osx-x86_64.jar (20 kB at 15 kB/s)
Downloading from aliyunmaven: https://maven.aliyun.com/repository/public/com/google/guava/failureaccess/1.0.3/failureaccess-1.0.3.jar
Progress (3): 20 kB | 683 kB | 0.5/3.0 MB
Progress (3): 20 kB | 683 kB | 0.5/3.0 MB
Progress (3): 20 kB | 683 kB | 0.6/3.0 MB
Progress (3): 20 kB | 683 kB | 0.6/3.0 MB
Progress (3): 20 kB | 683 kB | 0.6/3.0 MB
Progress (3): 20 kB | 683 kB | 0.6/3.0 MB
Progress (3): 20 kB | 683 kB | 0.6/3.0 MB
Progress (3): 20 kB | 683 kB | 0.6/3.0 MB
Progress (3): 20 kB | 683 kB | 0.7/3.0 MB
Progress (3): 20 kB | 683 kB | 0.7/3.0 MB
Progress (3): 20 kB | 683 kB | 0.7/3.0 MB
Progress (3): 20 kB | 683 kB | 0.7/3.0 MB
Progress (3): 20 kB | 683 kB | 0.7/3.0 MB
Progress (3): 20 kB | 683 kB | 0.7/3.0 MB
Progress (3): 20 kB | 683 kB | 0.8/3.0 MB
Progress (3): 20 kB | 683 kB | 0.8/3.0 MB
Progress (3): 20 kB | 683 kB | 0.8/3.0 MB
Progress (3): 20 kB | 683 kB | 0.8/3.0 MB
Progress (3): 20 kB | 683 kB | 0.8/3.0 MB
Progress (3): 20 kB | 683 kB | 0.8/3.0 MB
Progress (3): 20 kB | 683 kB | 0.9/3.0 MB
Progress (3): 20 kB | 683 kB | 0.9/3.0 MB
Progress (3): 20 kB | 683 kB | 0.9/3.0 MB
Progress (3): 20 kB | 683 kB | 0.9/3.0 MB
Progress (3): 20 kB | 683 kB | 0.9/3.0 MB
Progress (3): 20 kB | 683 kB | 0.9/3.0 MB
Progress (3): 20 kB | 683 kB | 0.9/3.0 MB
Progress (3): 20 kB | 683 kB | 1.0/3.0 MB
                                         
Downloaded from aliyunmaven: https://maven.aliyun.com/repository/public/io/netty/netty-resolver-dns-native-macos/4.1.135.Final/netty-resolver-dns-native-macos-4.1.135.Final-osx-aarch_64.jar (20 kB at 15 kB/s)
Downloading from aliyunmaven: https://maven.aliyun.com/repository/public/com/google/guava/listenablefuture/9999.0-empty-to-avoid-conflict-with-guava/listenablefuture-9999.0-empty-to-avoid-conflict-with-guava.jar
Progress (2): 683 kB | 1.0/3.0 MB
Progress (2): 683 kB | 1.0/3.0 MB
Progress (3): 683 kB | 1.0/3.0 MB | 7.3/11 kB
Progress (3): 683 kB | 1.0/3.0 MB | 11 kB    
Progress (3): 683 kB | 1.0/3.0 MB | 11 kB
Progress (3): 683 kB | 1.0/3.0 MB | 11 kB
Progress (3): 683 kB | 1.0/3.0 MB | 11 kB
Progress (3): 683 kB | 1.1/3.0 MB | 11 kB
Progress (3): 683 kB | 1.1/3.0 MB | 11 kB
Progress (3): 683 kB | 1.1/3.0 MB | 11 kB
Progress (3): 683 kB | 1.1/3.0 MB | 11 kB
Progress (3): 683 kB | 1.1/3.0 MB | 11 kB
Progress (3): 683 kB | 1.1/3.0 MB | 11 kB
Progress (3): 683 kB | 1.2/3.0 MB | 11 kB
Progress (3): 683 kB | 1.2/3.0 MB | 11 kB
Progress (3): 683 kB | 1.2/3.0 MB | 11 kB
Progress (3): 683 kB | 1.2/3.0 MB | 11 kB
Progress (3): 683 kB | 1.2/3.0 MB | 11 kB
Progress (3): 683 kB | 1.2/3.0 MB | 11 kB
Progress (3): 683 kB | 1.3/3.0 MB | 11 kB
Progress (3): 683 kB | 1.3/3.0 MB | 11 kB
Progress (3): 683 kB | 1.3/3.0 MB | 11 kB
Progress (3): 683 kB | 1.3/3.0 MB | 11 kB
Progress (3): 683 kB | 1.3/3.0 MB | 11 kB
Progress (3): 683 kB | 1.3/3.0 MB | 11 kB
Progress (3): 683 kB | 1.4/3.0 MB | 11 kB
Progress (3): 683 kB | 1.4/3.0 MB | 11 kB
Progress (3): 683 kB | 1.4/3.0 MB | 11 kB
Progress (3): 683 kB | 1.4/3.0 MB | 11 kB
Progress (3): 683 kB | 1.4/3.0 MB | 11 kB
Progress (3): 683 kB | 1.4/3.0 MB | 11 kB
Progress (3): 683 kB | 1.5/3.0 MB | 11 kB
Progress (3): 683 kB | 1.5/3.0 MB | 11 kB
Progress (3): 683 kB | 1.5/3.0 MB | 11 kB
Progress (3): 683 kB | 1.5/3.0 MB | 11 kB
Progress (3): 683 kB | 1.5/3.0 MB | 11 kB
Progress (4): 683 kB | 1.5/3.0 MB | 11 kB | 2.2 kB
Progress (4): 683 kB | 1.5/3.0 MB | 11 kB | 2.2 kB
Progress (4): 683 kB | 1.6/3.0 MB | 11 kB | 2.2 kB
Progress (4): 683 kB | 1.6/3.0 MB | 11 kB | 2.2 kB
Progress (4): 683 kB | 1.6/3.0 MB | 11 kB | 2.2 kB
Progress (4): 683 kB | 1.6/3.0 MB | 11 kB | 2.2 kB
Progress (4): 683 kB | 1.6/3.0 MB | 11 kB | 2.2 kB
Progress (4): 683 kB | 1.6/3.0 MB | 11 kB | 2.2 kB
Progress (4): 683 kB | 1.7/3.0 MB | 11 kB | 2.2 kB
Progress (4): 683 kB | 1.7/3.0 MB | 11 kB | 2.2 kB
Progress (4): 683 kB | 1.7/3.0 MB | 11 kB | 2.2 kB
                                                  
Downloaded from aliyunmaven: https://maven.aliyun.com/repository/public/org/lz4/lz4-java/1.8.0/lz4-java-1.8.0.jar (683 kB at 515 kB/s)
Downloading from aliyunmaven: https://maven.aliyun.com/repository/public/com/google/j2objc/j2objc-annotations/3.0.0/j2objc-annotations-3.0.0.jar
Progress (3): 1.7/3.0 MB | 11 kB | 2.2 kB
Progress (3): 1.7/3.0 MB | 11 kB | 2.2 kB
Progress (3): 1.7/3.0 MB | 11 kB | 2.2 kB
Progress (3): 1.8/3.0 MB | 11 kB | 2.2 kB
Progress (3): 1.8/3.0 MB | 11 kB | 2.2 kB
Progress (3): 1.8/3.0 MB | 11 kB | 2.2 kB
Progress (3): 1.8/3.0 MB | 11 kB | 2.2 kB
Progress (3): 1.8/3.0 MB | 11 kB | 2.2 kB
Progress (3): 1.8/3.0 MB | 11 kB | 2.2 kB
Progress (3): 1.9/3.0 MB | 11 kB | 2.2 kB
Progress (3): 1.9/3.0 MB | 11 kB | 2.2 kB
Progress (3): 1.9/3.0 MB | 11 kB | 2.2 kB
Progress (3): 1.9/3.0 MB | 11 kB | 2.2 kB
Progress (3): 1.9/3.0 MB | 11 kB | 2.2 kB
Progress (3): 1.9/3.0 MB | 11 kB | 2.2 kB
Progress (3): 1.9/3.0 MB | 11 kB | 2.2 kB
Progress (3): 2.0/3.0 MB | 11 kB | 2.2 kB
Progress (3): 2.0/3.0 MB | 11 kB | 2.2 kB
Progress (3): 2.0/3.0 MB | 11 kB | 2.2 kB
Progress (3): 2.0/3.0 MB | 11 kB | 2.2 kB
Progress (3): 2.0/3.0 MB | 11 kB | 2.2 kB
Progress (3): 2.0/3.0 MB | 11 kB | 2.2 kB
Progress (3): 2.1/3.0 MB | 11 kB | 2.2 kB
Progress (3): 2.1/3.0 MB | 11 kB | 2.2 kB
Progress (3): 2.1/3.0 MB | 11 kB | 2.2 kB
Progress (3): 2.1/3.0 MB | 11 kB | 2.2 kB
Progress (3): 2.1/3.0 MB | 11 kB | 2.2 kB
Progress (3): 2.1/3.0 MB | 11 kB | 2.2 kB
Progress (3): 2.2/3.0 MB | 11 kB | 2.2 kB
Progress (3): 2.2/3.0 MB | 11 kB | 2.2 kB
Progress (3): 2.2/3.0 MB | 11 kB | 2.2 kB
Progress (3): 2.2/3.0 MB | 11 kB | 2.2 kB
Progress (3): 2.2/3.0 MB | 11 kB | 2.2 kB
Progress (3): 2.2/3.0 MB | 11 kB | 2.2 kB
Progress (3): 2.3/3.0 MB | 11 kB | 2.2 kB
Progress (3): 2.3/3.0 MB | 11 kB | 2.2 kB
Progress (3): 2.3/3.0 MB | 11 kB | 2.2 kB
Progress (3): 2.3/3.0 MB | 11 kB | 2.2 kB
Progress (3): 2.3/3.0 MB | 11 kB | 2.2 kB
Progress (3): 2.3/3.0 MB | 11 kB | 2.2 kB
Progress (3): 2.4/3.0 MB | 11 kB | 2.2 kB
Progress (3): 2.4/3.0 MB | 11 kB | 2.2 kB
Progress (3): 2.4/3.0 MB | 11 kB | 2.2 kB
Progress (3): 2.4/3.0 MB | 11 kB | 2.2 kB
Progress (3): 2.4/3.0 MB | 11 kB | 2.2 kB
Progress (3): 2.4/3.0 MB | 11 kB | 2.2 kB
Progress (3): 2.5/3.0 MB | 11 kB | 2.2 kB
Progress (3): 2.5/3.0 MB | 11 kB | 2.2 kB
Progress (3): 2.5/3.0 MB | 11 kB | 2.2 kB
Progress (3): 2.5/3.0 MB | 11 kB | 2.2 kB
Progress (3): 2.5/3.0 MB | 11 kB | 2.2 kB
Progress (3): 2.5/3.0 MB | 11 kB | 2.2 kB
Progress (4): 2.5/3.0 MB | 11 kB | 2.2 kB | 0/5.4 MB
Progress (4): 2.5/3.0 MB | 11 kB | 2.2 kB | 0/5.4 MB
Progress (4): 2.5/3.0 MB | 11 kB | 2.2 kB | 0/5.4 MB
Progress (4): 2.6/3.0 MB | 11 kB | 2.2 kB | 0/5.4 MB
Progress (4): 2.6/3.0 MB | 11 kB | 2.2 kB | 0.1/5.4 MB
Progress (4): 2.6/3.0 MB | 11 kB | 2.2 kB | 0.1/5.4 MB
Progress (4): 2.6/3.0 MB | 11 kB | 2.2 kB | 0.1/5.4 MB
Progress (4): 2.6/3.0 MB | 11 kB | 2.2 kB | 0.1/5.4 MB
Progress (4): 2.6/3.0 MB | 11 kB | 2.2 kB | 0.1/5.4 MB
Progress (4): 2.6/3.0 MB | 11 kB | 2.2 kB | 0.1/5.4 MB
Progress (4): 2.6/3.0 MB | 11 kB | 2.2 kB | 0.1/5.4 MB
Progress (4): 2.6/3.0 MB | 11 kB | 2.2 kB | 0.1/5.4 MB
Progress (4): 2.6/3.0 MB | 11 kB | 2.2 kB | 0.1/5.4 MB
Progress (4): 2.6/3.0 MB | 11 kB | 2.2 kB | 0.1/5.4 MB
Progress (4): 2.6/3.0 MB | 11 kB | 2.2 kB | 0.1/5.4 MB
Progress (4): 2.6/3.0 MB | 11 kB | 2.2 kB | 0.2/5.4 MB
Progress (4): 2.6/3.0 MB | 11 kB | 2.2 kB | 0.2/5.4 MB
Progress (4): 2.6/3.0 MB | 11 kB | 2.2 kB | 0.2/5.4 MB
Progress (4): 2.6/3.0 MB | 11 kB | 2.2 kB | 0.2/5.4 MB
Progress (4): 2.6/3.0 MB | 11 kB | 2.2 kB | 0.2/5.4 MB
Progress (4): 2.6/3.0 MB | 11 kB | 2.2 kB | 0.2/5.4 MB
Progress (4): 2.6/3.0 MB | 11 kB | 2.2 kB | 0.3/5.4 MB
Progress (4): 2.6/3.0 MB | 11 kB | 2.2 kB | 0.3/5.4 MB
Progress (4): 2.6/3.0 MB | 11 kB | 2.2 kB | 0.3/5.4 MB
Progress (4): 2.6/3.0 MB | 11 kB | 2.2 kB | 0.3/5.4 MB
Progress (4): 2.6/3.0 MB | 11 kB | 2.2 kB | 0.3/5.4 MB
Progress (4): 2.6/3.0 MB | 11 kB | 2.2 kB | 0.3/5.4 MB
Progress (4): 2.6/3.0 MB | 11 kB | 2.2 kB | 0.4/5.4 MB
Progress (4): 2.6/3.0 MB | 11 kB | 2.2 kB | 0.4/5.4 MB
Progress (4): 2.6/3.0 MB | 11 kB | 2.2 kB | 0.4/5.4 MB
Progress (4): 2.6/3.0 MB | 11 kB | 2.2 kB | 0.4/5.4 MB
Progress (4): 2.6/3.0 MB | 11 kB | 2.2 kB | 0.4/5.4 MB
Progress (4): 2.6/3.0 MB | 11 kB | 2.2 kB | 0.4/5.4 MB
Progress (4): 2.6/3.0 MB | 11 kB | 2.2 kB | 0.4/5.4 MB
Progress (4): 2.6/3.0 MB | 11 kB | 2.2 kB | 0.5/5.4 MB
Progress (4): 2.6/3.0 MB | 11 kB | 2.2 kB | 0.5/5.4 MB
Progress (4): 2.6/3.0 MB | 11 kB | 2.2 kB | 0.5/5.4 MB
Progress (4): 2.6/3.0 MB | 11 kB | 2.2 kB | 0.5/5.4 MB
Progress (4): 2.6/3.0 MB | 11 kB | 2.2 kB | 0.5/5.4 MB
Progress (4): 2.6/3.0 MB | 11 kB | 2.2 kB | 0.5/5.4 MB
Progress (4): 2.6/3.0 MB | 11 kB | 2.2 kB | 0.5/5.4 MB
Progress (4): 2.6/3.0 MB | 11 kB | 2.2 kB | 0.6/5.4 MB
Progress (4): 2.6/3.0 MB | 11 kB | 2.2 kB | 0.6/5.4 MB
Progress (4): 2.6/3.0 MB | 11 kB | 2.2 kB | 0.6/5.4 MB
Progress (4): 2.7/3.0 MB | 11 kB | 2.2 kB | 0.6/5.4 MB
Progress (4): 2.7/3.0 MB | 11 kB | 2.2 kB | 0.6/5.4 MB
Progress (4): 2.7/3.0 MB | 11 kB | 2.2 kB | 0.6/5.4 MB
Progress (4): 2.7/3.0 MB | 11 kB | 2.2 kB | 0.6/5.4 MB
Progress (4): 2.7/3.0 MB | 11 kB | 2.2 kB | 0.6/5.4 MB
Progress (4): 2.7/3.0 MB | 11 kB | 2.2 kB | 0.6/5.4 MB
Progress (4): 2.8/3.0 MB | 11 kB | 2.2 kB | 0.6/5.4 MB
Progress (4): 2.8/3.0 MB | 11 kB | 2.2 kB | 0.6/5.4 MB
Progress (4): 2.8/3.0 MB | 11 kB | 2.2 kB | 0.6/5.4 MB
Progress (4): 2.8/3.0 MB | 11 kB | 2.2 kB | 0.6/5.4 MB
Progress (4): 2.8/3.0 MB | 11 kB | 2.2 kB | 0.6/5.4 MB
Progress (4): 2.8/3.0 MB | 11 kB | 2.2 kB | 0.6/5.4 MB
Progress (4): 2.9/3.0 MB | 11 kB | 2.2 kB | 0.6/5.4 MB
Progress (4): 2.9/3.0 MB | 11 kB | 2.2 kB | 0.6/5.4 MB
Progress (4): 2.9/3.0 MB | 11 kB | 2.2 kB | 0.6/5.4 MB
Progress (4): 2.9/3.0 MB | 11 kB | 2.2 kB | 0.6/5.4 MB
Progress (4): 2.9/3.0 MB | 11 kB | 2.2 kB | 0.6/5.4 MB
Progress (4): 2.9/3.0 MB | 11 kB | 2.2 kB | 0.6/5.4 MB
Progress (4): 2.9/3.0 MB | 11 kB | 2.2 kB | 0.6/5.4 MB
Progress (4): 3.0/3.0 MB | 11 kB | 2.2 kB | 0.6/5.4 MB
Progress (4): 3.0/3.0 MB | 11 kB | 2.2 kB | 0.6/5.4 MB
Progress (4): 3.0/3.0 MB | 11 kB | 2.2 kB | 0.6/5.4 MB
Progress (4): 3.0/3.0 MB | 11 kB | 2.2 kB | 0.6/5.4 MB
Progress (4): 3.0/3.0 MB | 11 kB | 2.2 kB | 0.6/5.4 MB
Progress (4): 3.0/3.0 MB | 11 kB | 2.2 kB | 0.6/5.4 MB
Progress (4): 3.0/3.0 MB | 11 kB | 2.2 kB | 0.6/5.4 MB
Progress (4): 3.0/3.0 MB | 11 kB | 2.2 kB | 0.7/5.4 MB
Progress (4): 3.0/3.0 MB | 11 kB | 2.2 kB | 0.7/5.4 MB
Progress (4): 3.0/3.0 MB | 11 kB | 2.2 kB | 0.7/5.4 MB
Progress (4): 3.0/3.0 MB | 11 kB | 2.2 kB | 0.7/5.4 MB
Progress (4): 3.0/3.0 MB | 11 kB | 2.2 kB | 0.7/5.4 MB
Progress (4): 3.0/3.0 MB | 11 kB | 2.2 kB | 0.7/5.4 MB
Progress (4): 3.0/3.0 MB | 11 kB | 2.2 kB | 0.8/5.4 MB
Progress (4): 3.0/3.0 MB | 11 kB | 2.2 kB | 0.8/5.4 MB
Progress (4): 3.0/3.0 MB | 11 kB | 2.2 kB | 0.8/5.4 MB
Progress (4): 3.0/3.0 MB | 11 kB | 2.2 kB | 0.8/5.4 MB
Progress (4): 3.0/3.0 MB | 11 kB | 2.2 kB | 0.8/5.4 MB
Progress (4): 3.0/3.0 MB | 11 kB | 2.2 kB | 0.8/5.4 MB
Progress (4): 3.0/3.0 MB | 11 kB | 2.2 kB | 0.9/5.4 MB
Progress (4): 3.0/3.0 MB | 11 kB | 2.2 kB | 0.9/5.4 MB
Progress (4): 3.0/3.0 MB | 11 kB | 2.2 kB | 0.9/5.4 MB
Progress (4): 3.0/3.0 MB | 11 kB | 2.2 kB | 0.9/5.4 MB
Progress (4): 3.0/3.0 MB | 11 kB | 2.2 kB | 0.9/5.4 MB
Progress (4): 3.0/3.0 MB | 11 kB | 2.2 kB | 0.9/5.4 MB
Progress (4): 3.0/3.0 MB | 11 kB | 2.2 kB | 0.9/5.4 MB
Progress (4): 3.0/3.0 MB | 11 kB | 2.2 kB | 0.9/5.4 MB
Progress (4): 3.0 MB | 11 kB | 2.2 kB | 0.9/5.4 MB    
Progress (5): 3.0 MB | 11 kB | 2.2 kB | 0.9/5.4 MB | 7.3/12 kB
Progress (5): 3.0 MB | 11 kB | 2.2 kB | 0.9/5.4 MB | 12 kB    
Progress (5): 3.0 MB | 11 kB | 2.2 kB | 0.9/5.4 MB | 12 kB
Progress (5): 3.0 MB | 11 kB | 2.2 kB | 1.0/5.4 MB | 12 kB
Progress (5): 3.0 MB | 11 kB | 2.2 kB | 1.0/5.4 MB | 12 kB
Progress (5): 3.0 MB | 11 kB | 2.2 kB | 1.0/5.4 MB | 12 kB
Progress (5): 3.0 MB | 11 kB | 2.2 kB | 1.0/5.4 MB | 12 kB
Progress (5): 3.0 MB | 11 kB | 2.2 kB | 1.0/5.4 MB | 12 kB
Progress (5): 3.0 MB | 11 kB | 2.2 kB | 1.0/5.4 MB | 12 kB
Progress (5): 3.0 MB | 11 kB | 2.2 kB | 1.0/5.4 MB | 12 kB
                                                          
Downloaded from aliyunmaven: https://maven.aliyun.com/repository/public/com/google/guava/listenablefuture/9999.0-empty-to-avoid-conflict-with-guava/listenablefuture-9999.0-empty-to-avoid-conflict-with-guava.jar (2.2 kB at 1.6 kB/s)
Downloading from aliyunmaven: https://maven.aliyun.com/repository/public/io/opentelemetry/opentelemetry-exporter-otlp/1.49.0/opentelemetry-exporter-otlp-1.49.0.jar
Progress (4): 3.0 MB | 11 kB | 1.1/5.4 MB | 12 kB
Progress (4): 3.0 MB | 11 kB | 1.1/5.4 MB | 12 kB
Progress (4): 3.0 MB | 11 kB | 1.1/5.4 MB | 12 kB
Progress (4): 3.0 MB | 11 kB | 1.1/5.4 MB | 12 kB
Progress (4): 3.0 MB | 11 kB | 1.1/5.4 MB | 12 kB
Progress (4): 3.0 MB | 11 kB | 1.1/5.4 MB | 12 kB
Progress (4): 3.0 MB | 11 kB | 1.1/5.4 MB | 12 kB
Progress (4): 3.0 MB | 11 kB | 1.2/5.4 MB | 12 kB
Progress (4): 3.0 MB | 11 kB | 1.2/5.4 MB | 12 kB
Progress (4): 3.0 MB | 11 kB | 1.2/5.4 MB | 12 kB
Progress (4): 3.0 MB | 11 kB | 1.2/5.4 MB | 12 kB
Progress (4): 3.0 MB | 11 kB | 1.2/5.4 MB | 12 kB
Progress (4): 3.0 MB | 11 kB | 1.2/5.4 MB | 12 kB
Progress (4): 3.0 MB | 11 kB | 1.2/5.4 MB | 12 kB
Progress (4): 3.0 MB | 11 kB | 1.3/5.4 MB | 12 kB
Progress (4): 3.0 MB | 11 kB | 1.3/5.4 MB | 12 kB
Progress (4): 3.0 MB | 11 kB | 1.3/5.4 MB | 12 kB
Progress (4): 3.0 MB | 11 kB | 1.3/5.4 MB | 12 kB
Progress (4): 3.0 MB | 11 kB | 1.3/5.4 MB | 12 kB
Progress (4): 3.0 MB | 11 kB | 1.3/5.4 MB | 12 kB
Progress (4): 3.0 MB | 11 kB | 1.3/5.4 MB | 12 kB
Progress (4): 3.0 MB | 11 kB | 1.3/5.4 MB | 12 kB
Progress (4): 3.0 MB | 11 kB | 1.4/5.4 MB | 12 kB
Progress (4): 3.0 MB | 11 kB | 1.4/5.4 MB | 12 kB
Progress (4): 3.0 MB | 11 kB | 1.4/5.4 MB | 12 kB
Progress (4): 3.0 MB | 11 kB | 1.4/5.4 MB | 12 kB
Progress (4): 3.0 MB | 11 kB | 1.4/5.4 MB | 12 kB
Progress (4): 3.0 MB | 11 kB | 1.4/5.4 MB | 12 kB
Progress (4): 3.0 MB | 11 kB | 1.4/5.4 MB | 12 kB
Progress (4): 3.0 MB | 11 kB | 1.4/5.4 MB | 12 kB
Progress (4): 3.0 MB | 11 kB | 1.5/5.4 MB | 12 kB
Progress (4): 3.0 MB | 11 kB | 1.5/5.4 MB | 12 kB
Progress (4): 3.0 MB | 11 kB | 1.5/5.4 MB | 12 kB
Progress (4): 3.0 MB | 11 kB | 1.5/5.4 MB | 12 kB
Progress (4): 3.0 MB | 11 kB | 1.5/5.4 MB | 12 kB
Progress (4): 3.0 MB | 11 kB | 1.5/5.4 MB | 12 kB
Progress (4): 3.0 MB | 11 kB | 1.5/5.4 MB | 12 kB
Progress (4): 3.0 MB | 11 kB | 1.6/5.4 MB | 12 kB
Progress (4): 3.0 MB | 11 kB | 1.6/5.4 MB | 12 kB
Progress (4): 3.0 MB | 11 kB | 1.6/5.4 MB | 12 kB
Progress (4): 3.0 MB | 11 kB | 1.6/5.4 MB | 12 kB
Progress (4): 3.0 MB | 11 kB | 1.6/5.4 MB | 12 kB
Progress (5): 3.0 MB | 11 kB | 1.6/5.4 MB | 12 kB | 6.3/78 kB
Progress (5): 3.0 MB | 11 kB | 1.6/5.4 MB | 12 kB | 23/78 kB 
Progress (5): 3.0 MB | 11 kB | 1.6/5.4 MB | 12 kB | 39/78 kB
Progress (5): 3.0 MB | 11 kB | 1.6/5.4 MB | 12 kB | 55/78 kB
Progress (5): 3.0 MB | 11 kB | 1.6/5.4 MB | 12 kB | 72/78 kB
Progress (5): 3.0 MB | 11 kB | 1.6/5.4 MB | 12 kB | 78 kB   
Progress (5): 3.0 MB | 11 kB | 1.6/5.4 MB | 12 kB | 78 kB
Progress (5): 3.0 MB | 11 kB | 1.6/5.4 MB | 12 kB | 78 kB
Progress (5): 3.0 MB | 11 kB | 1.6/5.4 MB | 12 kB | 78 kB
Progress (5): 3.0 MB | 11 kB | 1.6/5.4 MB | 12 kB | 78 kB
Progress (5): 3.0 MB | 11 kB | 1.6/5.4 MB | 12 kB | 78 kB
Progress (5): 3.0 MB | 11 kB | 1.7/5.4 MB | 12 kB | 78 kB
Progress (5): 3.0 MB | 11 kB | 1.7/5.4 MB | 12 kB | 78 kB
Progress (5): 3.0 MB | 11 kB | 1.7/5.4 MB | 12 kB | 78 kB
Progress (5): 3.0 MB | 11 kB | 1.7/5.4 MB | 12 kB | 78 kB
Progress (5): 3.0 MB | 11 kB | 1.7/5.4 MB | 12 kB | 78 kB
Progress (5): 3.0 MB | 11 kB | 1.7/5.4 MB | 12 kB | 78 kB
Progress (5): 3.0 MB | 11 kB | 1.8/5.4 MB | 12 kB | 78 kB
Progress (5): 3.0 MB | 11 kB | 1.8/5.4 MB | 12 kB | 78 kB
Progress (5): 3.0 MB | 11 kB | 1.8/5.4 MB | 12 kB | 78 kB
Progress (5): 3.0 MB | 11 kB | 1.8/5.4 MB | 12 kB | 78 kB
Progress (5): 3.0 MB | 11 kB | 1.8/5.4 MB | 12 kB | 78 kB
Progress (5): 3.0 MB | 11 kB | 1.8/5.4 MB | 12 kB | 78 kB
Progress (5): 3.0 MB | 11 kB | 1.8/5.4 MB | 12 kB | 78 kB
Progress (5): 3.0 MB | 11 kB | 1.9/5.4 MB | 12 kB | 78 kB
Progress (5): 3.0 MB | 11 kB | 1.9/5.4 MB | 12 kB | 78 kB
Progress (5): 3.0 MB | 11 kB | 1.9/5.4 MB | 12 kB | 78 kB
Progress (5): 3.0 MB | 11 kB | 1.9/5.4 MB | 12 kB | 78 kB
Progress (5): 3.0 MB | 11 kB | 1.9/5.4 MB | 12 kB | 78 kB
Progress (5): 3.0 MB | 11 kB | 1.9/5.4 MB | 12 kB | 78 kB
Progress (5): 3.0 MB | 11 kB | 2.0/5.4 MB | 12 kB | 78 kB
Progress (5): 3.0 MB | 11 kB | 2.0/5.4 MB | 12 kB | 78 kB
Progress (5): 3.0 MB | 11 kB | 2.0/5.4 MB | 12 kB | 78 kB
Progress (5): 3.0 MB | 11 kB | 2.0/5.4 MB | 12 kB | 78 kB
Progress (5): 3.0 MB | 11 kB | 2.0/5.4 MB | 12 kB | 78 kB
Progress (5): 3.0 MB | 11 kB | 2.0/5.4 MB | 12 kB | 78 kB
Progress (5): 3.0 MB | 11 kB | 2.1/5.4 MB | 12 kB | 78 kB
Progress (5): 3.0 MB | 11 kB | 2.1/5.4 MB | 12 kB | 78 kB
Progress (5): 3.0 MB | 11 kB | 2.1/5.4 MB | 12 kB | 78 kB
                                                         
Downloaded from aliyunmaven: https://maven.aliyun.com/repository/public/com/google/guava/failureaccess/1.0.3/failureaccess-1.0.3.jar (11 kB at 7.7 kB/s)
Downloading from aliyunmaven: https://maven.aliyun.com/repository/public/io/opentelemetry/opentelemetry-sdk-trace/1.49.0/opentelemetry-sdk-trace-1.49.0.jar
Progress (4): 3.0 MB | 2.1/5.4 MB | 12 kB | 78 kB
Progress (4): 3.0 MB | 2.1/5.4 MB | 12 kB | 78 kB
Progress (4): 3.0 MB | 2.1/5.4 MB | 12 kB | 78 kB
Progress (4): 3.0 MB | 2.2/5.4 MB | 12 kB | 78 kB
Progress (4): 3.0 MB | 2.2/5.4 MB | 12 kB | 78 kB
Progress (4): 3.0 MB | 2.2/5.4 MB | 12 kB | 78 kB
Progress (4): 3.0 MB | 2.2/5.4 MB | 12 kB | 78 kB
Progress (4): 3.0 MB | 2.2/5.4 MB | 12 kB | 78 kB
Progress (4): 3.0 MB | 2.2/5.4 MB | 12 kB | 78 kB
Progress (4): 3.0 MB | 2.3/5.4 MB | 12 kB | 78 kB
Progress (4): 3.0 MB | 2.3/5.4 MB | 12 kB | 78 kB
Progress (4): 3.0 MB | 2.3/5.4 MB | 12 kB | 78 kB
Progress (4): 3.0 MB | 2.3/5.4 MB | 12 kB | 78 kB
Progress (4): 3.0 MB | 2.3/5.4 MB | 12 kB | 78 kB
Progress (4): 3.0 MB | 2.3/5.4 MB | 12 kB | 78 kB
Progress (4): 3.0 MB | 2.4/5.4 MB | 12 kB | 78 kB
Progress (4): 3.0 MB | 2.4/5.4 MB | 12 kB | 78 kB
Progress (4): 3.0 MB | 2.4/5.4 MB | 12 kB | 78 kB
Progress (4): 3.0 MB | 2.4/5.4 MB | 12 kB | 78 kB
Progress (4): 3.0 MB | 2.4/5.4 MB | 12 kB | 78 kB
Progress (4): 3.0 MB | 2.4/5.4 MB | 12 kB | 78 kB
Progress (4): 3.0 MB | 2.5/5.4 MB | 12 kB | 78 kB
Progress (4): 3.0 MB | 2.5/5.4 MB | 12 kB | 78 kB
Progress (4): 3.0 MB | 2.5/5.4 MB | 12 kB | 78 kB
Progress (4): 3.0 MB | 2.5/5.4 MB | 12 kB | 78 kB
Progress (4): 3.0 MB | 2.5/5.4 MB | 12 kB | 78 kB
Progress (4): 3.0 MB | 2.5/5.4 MB | 12 kB | 78 kB
                                                 
Downloaded from aliyunmaven: https://maven.aliyun.com/repository/public/com/google/guava/guava/33.4.8-jre/guava-33.4.8-jre.jar (3.0 MB at 2.2 MB/s)
Downloading from aliyunmaven: https://maven.aliyun.com/repository/public/io/opentelemetry/opentelemetry-sdk-metrics/1.49.0/opentelemetry-sdk-metrics-1.49.0.jar
Progress (4): 2.5/5.4 MB | 12 kB | 78 kB | 7.3/133 kB
Progress (4): 2.5/5.4 MB | 12 kB | 78 kB | 15/133 kB 
Progress (4): 2.5/5.4 MB | 12 kB | 78 kB | 32/133 kB
Progress (4): 2.5/5.4 MB | 12 kB | 78 kB | 48/133 kB
Progress (4): 2.5/5.4 MB | 12 kB | 78 kB | 64/133 kB
Progress (4): 2.6/5.4 MB | 12 kB | 78 kB | 64/133 kB
Progress (4): 2.6/5.4 MB | 12 kB | 78 kB | 64/133 kB
Progress (4): 2.6/5.4 MB | 12 kB | 78 kB | 64/133 kB
Progress (4): 2.6/5.4 MB | 12 kB | 78 kB | 64/133 kB
Progress (4): 2.6/5.4 MB | 12 kB | 78 kB | 81/133 kB
Progress (4): 2.6/5.4 MB | 12 kB | 78 kB | 97/133 kB
Progress (4): 2.6/5.4 MB | 12 kB | 78 kB | 114/133 kB
Progress (4): 2.6/5.4 MB | 12 kB | 78 kB | 114/133 kB
Progress (4): 2.6/5.4 MB | 12 kB | 78 kB | 114/133 kB
Progress (4): 2.7/5.4 MB | 12 kB | 78 kB | 114/133 kB
Progress (4): 2.7/5.4 MB | 12 kB | 78 kB | 114/133 kB
Progress (4): 2.7/5.4 MB | 12 kB | 78 kB | 114/133 kB
Progress (4): 2.7/5.4 MB | 12 kB | 78 kB | 114/133 kB
Progress (4): 2.7/5.4 MB | 12 kB | 78 kB | 114/133 kB
Progress (4): 2.7/5.4 MB | 12 kB | 78 kB | 114/133 kB
Progress (4): 2.8/5.4 MB | 12 kB | 78 kB | 114/133 kB
Progress (4): 2.8/5.4 MB | 12 kB | 78 kB | 130/133 kB
Progress (4): 2.8/5.4 MB | 12 kB | 78 kB | 133 kB    
Progress (4): 2.8/5.4 MB | 12 kB | 78 kB | 133 kB
Progress (4): 2.8/5.4 MB | 12 kB | 78 kB | 133 kB
Progress (4): 2.8/5.4 MB | 12 kB | 78 kB | 133 kB
Progress (4): 2.8/5.4 MB | 12 kB | 78 kB | 133 kB
Progress (4): 2.8/5.4 MB | 12 kB | 78 kB | 133 kB
Progress (4): 2.8/5.4 MB | 12 kB | 78 kB | 133 kB
Progress (4): 2.9/5.4 MB | 12 kB | 78 kB | 133 kB
Progress (4): 2.9/5.4 MB | 12 kB | 78 kB | 133 kB
Progress (4): 2.9/5.4 MB | 12 kB | 78 kB | 133 kB
Progress (4): 2.9/5.4 MB | 12 kB | 78 kB | 133 kB
Progress (4): 2.9/5.4 MB | 12 kB | 78 kB | 133 kB
Progress (4): 2.9/5.4 MB | 12 kB | 78 kB | 133 kB
Progress (4): 3.0/5.4 MB | 12 kB | 78 kB | 133 kB
Progress (4): 3.0/5.4 MB | 12 kB | 78 kB | 133 kB
Progress (4): 3.0/5.4 MB | 12 kB | 78 kB | 133 kB
Progress (4): 3.0/5.4 MB | 12 kB | 78 kB | 133 kB
Progress (4): 3.0/5.4 MB | 12 kB | 78 kB | 133 kB
Progress (4): 3.0/5.4 MB | 12 kB | 78 kB | 133 kB
Progress (4): 3.1/5.4 MB | 12 kB | 78 kB | 133 kB
Progress (4): 3.1/5.4 MB | 12 kB | 78 kB | 133 kB
Progress (4): 3.1/5.4 MB | 12 kB | 78 kB | 133 kB
Progress (4): 3.1/5.4 MB | 12 kB | 78 kB | 133 kB
Progress (4): 3.1/5.4 MB | 12 kB | 78 kB | 133 kB
Progress (4): 3.1/5.4 MB | 12 kB | 78 kB | 133 kB
Progress (4): 3.2/5.4 MB | 12 kB | 78 kB | 133 kB
Progress (4): 3.2/5.4 MB | 12 kB | 78 kB | 133 kB
Progress (4): 3.2/5.4 MB | 12 kB | 78 kB | 133 kB
Progress (4): 3.2/5.4 MB | 12 kB | 78 kB | 133 kB
Progress (4): 3.2/5.4 MB | 12 kB | 78 kB | 133 kB
Progress (4): 3.2/5.4 MB | 12 kB | 78 kB | 133 kB
Progress (4): 3.3/5.4 MB | 12 kB | 78 kB | 133 kB
Progress (4): 3.3/5.4 MB | 12 kB | 78 kB | 133 kB
Progress (4): 3.3/5.4 MB | 12 kB | 78 kB | 133 kB
Progress (4): 3.3/5.4 MB | 12 kB | 78 kB | 133 kB
Progress (4): 3.3/5.4 MB | 12 kB | 78 kB | 133 kB
Progress (4): 3.3/5.4 MB | 12 kB | 78 kB | 133 kB
Progress (4): 3.4/5.4 MB | 12 kB | 78 kB | 133 kB
Progress (4): 3.4/5.4 MB | 12 kB | 78 kB | 133 kB
Progress (4): 3.4/5.4 MB | 12 kB | 78 kB | 133 kB
Progress (4): 3.4/5.4 MB | 12 kB | 78 kB | 133 kB
Progress (4): 3.4/5.4 MB | 12 kB | 78 kB | 133 kB
Progress (4): 3.4/5.4 MB | 12 kB | 78 kB | 133 kB
Progress (4): 3.5/5.4 MB | 12 kB | 78 kB | 133 kB
Progress (4): 3.5/5.4 MB | 12 kB | 78 kB | 133 kB
                                                 
Downloaded from aliyunmaven: https://maven.aliyun.com/repository/public/io/opentelemetry/opentelemetry-exporter-otlp/1.49.0/opentelemetry-exporter-otlp-1.49.0.jar (78 kB at 55 kB/s)
Downloading from aliyunmaven: https://maven.aliyun.com/repository/public/io/opentelemetry/opentelemetry-sdk-logs/1.49.0/opentelemetry-sdk-logs-1.49.0.jar
Progress (3): 3.5/5.4 MB | 12 kB | 133 kB
Progress (3): 3.5/5.4 MB | 12 kB | 133 kB
Progress (3): 3.5/5.4 MB | 12 kB | 133 kB
Progress (3): 3.5/5.4 MB | 12 kB | 133 kB
Progress (3): 3.6/5.4 MB | 12 kB | 133 kB
Progress (3): 3.6/5.4 MB | 12 kB | 133 kB
Progress (3): 3.6/5.4 MB | 12 kB | 133 kB
Progress (3): 3.6/5.4 MB | 12 kB | 133 kB
Progress (3): 3.6/5.4 MB | 12 kB | 133 kB
Progress (3): 3.6/5.4 MB | 12 kB | 133 kB
Progress (3): 3.7/5.4 MB | 12 kB | 133 kB
Progress (3): 3.7/5.4 MB | 12 kB | 133 kB
Progress (3): 3.7/5.4 MB | 12 kB | 133 kB
Progress (3): 3.7/5.4 MB | 12 kB | 133 kB
Progress (3): 3.7/5.4 MB | 12 kB | 133 kB
Progress (3): 3.7/5.4 MB | 12 kB | 133 kB
Progress (3): 3.8/5.4 MB | 12 kB | 133 kB
Progress (3): 3.8/5.4 MB | 12 kB | 133 kB
Progress (3): 3.8/5.4 MB | 12 kB | 133 kB
Progress (3): 3.8/5.4 MB | 12 kB | 133 kB
Progress (3): 3.8/5.4 MB | 12 kB | 133 kB
Progress (3): 3.8/5.4 MB | 12 kB | 133 kB
Progress (3): 3.8/5.4 MB | 12 kB | 133 kB
Progress (3): 3.9/5.4 MB | 12 kB | 133 kB
Progress (3): 3.9/5.4 MB | 12 kB | 133 kB
Progress (3): 3.9/5.4 MB | 12 kB | 133 kB
Progress (3): 3.9/5.4 MB | 12 kB | 133 kB
Progress (3): 3.9/5.4 MB | 12 kB | 133 kB
Progress (3): 3.9/5.4 MB | 12 kB | 133 kB
Progress (3): 4.0/5.4 MB | 12 kB | 133 kB
Progress (3): 4.0/5.4 MB | 12 kB | 133 kB
Progress (3): 4.0/5.4 MB | 12 kB | 133 kB
Progress (3): 4.0/5.4 MB | 12 kB | 133 kB
Progress (3): 4.0/5.4 MB | 12 kB | 133 kB
Progress (3): 4.0/5.4 MB | 12 kB | 133 kB
Progress (4): 4.0/5.4 MB | 12 kB | 133 kB | 7.3/54 kB
Progress (4): 4.0/5.4 MB | 12 kB | 133 kB | 15/54 kB 
Progress (4): 4.0/5.4 MB | 12 kB | 133 kB | 32/54 kB
Progress (4): 4.0/5.4 MB | 12 kB | 133 kB | 48/54 kB
Progress (4): 4.0/5.4 MB | 12 kB | 133 kB | 54 kB   
Progress (4): 4.1/5.4 MB | 12 kB | 133 kB | 54 kB
Progress (4): 4.1/5.4 MB | 12 kB | 133 kB | 54 kB
Progress (4): 4.1/5.4 MB | 12 kB | 133 kB | 54 kB
Progress (4): 4.1/5.4 MB | 12 kB | 133 kB | 54 kB
Progress (4): 4.1/5.4 MB | 12 kB | 133 kB | 54 kB
Progress (4): 4.1/5.4 MB | 12 kB | 133 kB | 54 kB
Progress (4): 4.2/5.4 MB | 12 kB | 133 kB | 54 kB
Progress (4): 4.2/5.4 MB | 12 kB | 133 kB | 54 kB
Progress (4): 4.2/5.4 MB | 12 kB | 133 kB | 54 kB
Progress (4): 4.2/5.4 MB | 12 kB | 133 kB | 54 kB
Progress (4): 4.2/5.4 MB | 12 kB | 133 kB | 54 kB
Progress (4): 4.2/5.4 MB | 12 kB | 133 kB | 54 kB
Progress (4): 4.3/5.4 MB | 12 kB | 133 kB | 54 kB
Progress (4): 4.3/5.4 MB | 12 kB | 133 kB | 54 kB
Progress (4): 4.3/5.4 MB | 12 kB | 133 kB | 54 kB
Progress (4): 4.3/5.4 MB | 12 kB | 133 kB | 54 kB
Progress (4): 4.3/5.4 MB | 12 kB | 133 kB | 54 kB
Progress (4): 4.3/5.4 MB | 12 kB | 133 kB | 54 kB
Progress (4): 4.4/5.4 MB | 12 kB | 133 kB | 54 kB
Progress (4): 4.4/5.4 MB | 12 kB | 133 kB | 54 kB
Progress (4): 4.4/5.4 MB | 12 kB | 133 kB | 54 kB
Progress (4): 4.4/5.4 MB | 12 kB | 133 kB | 54 kB
Progress (4): 4.4/5.4 MB | 12 kB | 133 kB | 54 kB
Progress (4): 4.4/5.4 MB | 12 kB | 133 kB | 54 kB
Progress (4): 4.5/5.4 MB | 12 kB | 133 kB | 54 kB
Progress (4): 4.5/5.4 MB | 12 kB | 133 kB | 54 kB
Progress (4): 4.5/5.4 MB | 12 kB | 133 kB | 54 kB
Progress (4): 4.5/5.4 MB | 12 kB | 133 kB | 54 kB
Progress (4): 4.5/5.4 MB | 12 kB | 133 kB | 54 kB
Progress (4): 4.5/5.4 MB | 12 kB | 133 kB | 54 kB
Progress (5): 4.5/5.4 MB | 12 kB | 133 kB | 54 kB | 7.3/329 kB
Progress (5): 4.5/5.4 MB | 12 kB | 133 kB | 54 kB | 15/329 kB 
Progress (5): 4.5/5.4 MB | 12 kB | 133 kB | 54 kB | 32/329 kB
Progress (5): 4.5/5.4 MB | 12 kB | 133 kB | 54 kB | 48/329 kB
Progress (5): 4.5/5.4 MB | 12 kB | 133 kB | 54 kB | 64/329 kB
Progress (5): 4.5/5.4 MB | 12 kB | 133 kB | 54 kB | 81/329 kB
Progress (5): 4.6/5.4 MB | 12 kB | 133 kB | 54 kB | 81/329 kB
Progress (5): 4.6/5.4 MB | 12 kB | 133 kB | 54 kB | 97/329 kB
Progress (5): 4.6/5.4 MB | 12 kB | 133 kB | 54 kB | 97/329 kB
Progress (5): 4.6/5.4 MB | 12 kB | 133 kB | 54 kB | 114/329 kB
Progress (5): 4.6/5.4 MB | 12 kB | 133 kB | 54 kB | 130/329 kB
Progress (5): 4.6/5.4 MB | 12 kB | 133 kB | 54 kB | 130/329 kB
Progress (5): 4.6/5.4 MB | 12 kB | 133 kB | 54 kB | 130/329 kB
Progress (5): 4.6/5.4 MB | 12 kB | 133 kB | 54 kB | 130/329 kB
Progress (5): 4.6/5.4 MB | 12 kB | 133 kB | 54 kB | 130/329 kB
Progress (5): 4.7/5.4 MB | 12 kB | 133 kB | 54 kB | 130/329 kB
Progress (5): 4.7/5.4 MB | 12 kB | 133 kB | 54 kB | 130/329 kB
Progress (5): 4.7/5.4 MB | 12 kB | 133 kB | 54 kB | 130/329 kB
Progress (5): 4.7/5.4 MB | 12 kB | 133 kB | 54 kB | 130/329 kB
Progress (5): 4.7/5.4 MB | 12 kB | 133 kB | 54 kB | 130/329 kB
Progress (5): 4.7/5.4 MB | 12 kB | 133 kB | 54 kB | 130/329 kB
Progress (5): 4.7/5.4 MB | 12 kB | 133 kB | 54 kB | 130/329 kB
Progress (5): 4.8/5.4 MB | 12 kB | 133 kB | 54 kB | 130/329 kB
Progress (5): 4.8/5.4 MB | 12 kB | 133 kB | 54 kB | 130/329 kB
Progress (5): 4.8/5.4 MB | 12 kB | 133 kB | 54 kB | 146/329 kB
Progress (5): 4.8/5.4 MB | 12 kB | 133 kB | 54 kB | 163/329 kB
Progress (5): 4.8/5.4 MB | 12 kB | 133 kB | 54 kB | 179/329 kB
Progress (5): 4.8/5.4 MB | 12 kB | 133 kB | 54 kB | 196/329 kB
Progress (5): 4.8/5.4 MB | 12 kB | 133 kB | 54 kB | 212/329 kB
Progress (5): 4.8/5.4 MB | 12 kB | 133 kB | 54 kB | 228/329 kB
Progress (5): 4.8/5.4 MB | 12 kB | 133 kB | 54 kB | 245/329 kB
Progress (5): 4.8/5.4 MB | 12 kB | 133 kB | 54 kB | 261/329 kB
Progress (5): 4.8/5.4 MB | 12 kB | 133 kB | 54 kB | 277/329 kB
Progress (5): 4.8/5.4 MB | 12 kB | 133 kB | 54 kB | 294/329 kB
Progress (5): 4.8/5.4 MB | 12 kB | 133 kB | 54 kB | 310/329 kB
Progress (5): 4.8/5.4 MB | 12 kB | 133 kB | 54 kB | 325/329 kB
Progress (5): 4.8/5.4 MB | 12 kB | 133 kB | 54 kB | 329 kB    
Progress (5): 4.8/5.4 MB | 12 kB | 133 kB | 54 kB | 329 kB
Progress (5): 4.8/5.4 MB | 12 kB | 133 kB | 54 kB | 329 kB
Progress (5): 4.8/5.4 MB | 12 kB | 133 kB | 54 kB | 329 kB
Progress (5): 4.8/5.4 MB | 12 kB | 133 kB | 54 kB | 329 kB
Progress (5): 4.9/5.4 MB | 12 kB | 133 kB | 54 kB | 329 kB
Progress (5): 4.9/5.4 MB | 12 kB | 133 kB | 54 kB | 329 kB
Progress (5): 4.9/5.4 MB | 12 kB | 133 kB | 54 kB | 329 kB
Progress (5): 4.9/5.4 MB | 12 kB | 133 kB | 54 kB | 329 kB
Progress (5): 4.9/5.4 MB | 12 kB | 133 kB | 54 kB | 329 kB
Progress (5): 4.9/5.4 MB | 12 kB | 133 kB | 54 kB | 329 kB
Progress (5): 5.0/5.4 MB | 12 kB | 133 kB | 54 kB | 329 kB
Progress (5): 5.0/5.4 MB | 12 kB | 133 kB | 54 kB | 329 kB
Progress (5): 5.0/5.4 MB | 12 kB | 133 kB | 54 kB | 329 kB
Progress (5): 5.0/5.4 MB | 12 kB | 133 kB | 54 kB | 329 kB
Progress (5): 5.0/5.4 MB | 12 kB | 133 kB | 54 kB | 329 kB
Progress (5): 5.0/5.4 MB | 12 kB | 133 kB | 54 kB | 329 kB
Progress (5): 5.1/5.4 MB | 12 kB | 133 kB | 54 kB | 329 kB
                                                          
Downloaded from aliyunmaven: https://maven.aliyun.com/repository/public/io/opentelemetry/opentelemetry-sdk-trace/1.49.0/opentelemetry-sdk-trace-1.49.0.jar (133 kB at 92 kB/s)
Downloading from aliyunmaven: https://maven.aliyun.com/repository/public/io/opentelemetry/opentelemetry-exporter-otlp-common/1.49.0/opentelemetry-exporter-otlp-common-1.49.0.jar
Progress (4): 5.1/5.4 MB | 12 kB | 54 kB | 329 kB
Progress (4): 5.1/5.4 MB | 12 kB | 54 kB | 329 kB
Progress (4): 5.1/5.4 MB | 12 kB | 54 kB | 329 kB
Progress (4): 5.1/5.4 MB | 12 kB | 54 kB | 329 kB
Progress (4): 5.1/5.4 MB | 12 kB | 54 kB | 329 kB
Progress (4): 5.2/5.4 MB | 12 kB | 54 kB | 329 kB
Progress (4): 5.2/5.4 MB | 12 kB | 54 kB | 329 kB
Progress (4): 5.2/5.4 MB | 12 kB | 54 kB | 329 kB
Progress (4): 5.2/5.4 MB | 12 kB | 54 kB | 329 kB
Progress (4): 5.2/5.4 MB | 12 kB | 54 kB | 329 kB
Progress (4): 5.2/5.4 MB | 12 kB | 54 kB | 329 kB
Progress (4): 5.3/5.4 MB | 12 kB | 54 kB | 329 kB
Progress (4): 5.3/5.4 MB | 12 kB | 54 kB | 329 kB
Progress (4): 5.3/5.4 MB | 12 kB | 54 kB | 329 kB
Progress (4): 5.3/5.4 MB | 12 kB | 54 kB | 329 kB
Progress (4): 5.3/5.4 MB | 12 kB | 54 kB | 329 kB
Progress (4): 5.3/5.4 MB | 12 kB | 54 kB | 329 kB
Progress (4): 5.4/5.4 MB | 12 kB | 54 kB | 329 kB
Progress (4): 5.4/5.4 MB | 12 kB | 54 kB | 329 kB
Progress (4): 5.4/5.4 MB | 12 kB | 54 kB | 329 kB
Progress (4): 5.4 MB | 12 kB | 54 kB | 329 kB    
Progress (5): 5.4 MB | 12 kB | 54 kB | 329 kB | 7.3/210 kB
Progress (5): 5.4 MB | 12 kB | 54 kB | 329 kB | 15/210 kB 
Progress (5): 5.4 MB | 12 kB | 54 kB | 329 kB | 32/210 kB
Progress (5): 5.4 MB | 12 kB | 54 kB | 329 kB | 48/210 kB
Progress (5): 5.4 MB | 12 kB | 54 kB | 329 kB | 64/210 kB
Progress (5): 5.4 MB | 12 kB | 54 kB | 329 kB | 81/210 kB
Progress (5): 5.4 MB | 12 kB | 54 kB | 329 kB | 97/210 kB
Progress (5): 5.4 MB | 12 kB | 54 kB | 329 kB | 114/210 kB
Progress (5): 5.4 MB | 12 kB | 54 kB | 329 kB | 130/210 kB
Progress (5): 5.4 MB | 12 kB | 54 kB | 329 kB | 146/210 kB
Progress (5): 5.4 MB | 12 kB | 54 kB | 329 kB | 163/210 kB
Progress (5): 5.4 MB | 12 kB | 54 kB | 329 kB | 179/210 kB
Progress (5): 5.4 MB | 12 kB | 54 kB | 329 kB | 196/210 kB
Progress (5): 5.4 MB | 12 kB | 54 kB | 329 kB | 210 kB    
                                                      
Downloaded from aliyunmaven: https://maven.aliyun.com/repository/public/io/opentelemetry/opentelemetry-sdk-logs/1.49.0/opentelemetry-sdk-logs-1.49.0.jar (54 kB at 37 kB/s)
Downloading from aliyunmaven: https://maven.aliyun.com/repository/public/io/opentelemetry/opentelemetry-exporter-common/1.49.0/opentelemetry-exporter-common-1.49.0.jar
Downloaded from aliyunmaven: https://maven.aliyun.com/repository/public/com/github/luben/zstd-jni/1.5.2-2/zstd-jni-1.5.2-2.jar (5.4 MB at 3.6 MB/s)
Downloading from aliyunmaven: https://maven.aliyun.com/repository/public/io/opentelemetry/opentelemetry-exporter-sender-okhttp/1.49.0/opentelemetry-exporter-sender-okhttp-1.49.0.jar
Progress (4): 12 kB | 329 kB | 210 kB | 7.3/119 kB
Progress (4): 12 kB | 329 kB | 210 kB | 15/119 kB 
Progress (4): 12 kB | 329 kB | 210 kB | 32/119 kB
Progress (4): 12 kB | 329 kB | 210 kB | 48/119 kB
Progress (4): 12 kB | 329 kB | 210 kB | 64/119 kB
Progress (4): 12 kB | 329 kB | 210 kB | 81/119 kB
Progress (4): 12 kB | 329 kB | 210 kB | 97/119 kB
Progress (4): 12 kB | 329 kB | 210 kB | 114/119 kB
Progress (4): 12 kB | 329 kB | 210 kB | 119 kB    
Progress (5): 12 kB | 329 kB | 210 kB | 119 kB | 7.2/27 kB
Progress (5): 12 kB | 329 kB | 210 kB | 119 kB | 15/27 kB 
Progress (5): 12 kB | 329 kB | 210 kB | 119 kB | 27 kB   
                                                      
Downloaded from aliyunmaven: https://maven.aliyun.com/repository/public/io/opentelemetry/opentelemetry-exporter-otlp-common/1.49.0/opentelemetry-exporter-otlp-common-1.49.0.jar (210 kB at 138 kB/s)
Downloading from aliyunmaven: https://maven.aliyun.com/repository/public/com/squareup/okhttp3/okhttp/4.12.0/okhttp-4.12.0.jar
Downloaded from aliyunmaven: https://maven.aliyun.com/repository/public/io/opentelemetry/opentelemetry-exporter-common/1.49.0/opentelemetry-exporter-common-1.49.0.jar (119 kB at 77 kB/s)
Downloading from aliyunmaven: https://maven.aliyun.com/repository/public/com/squareup/okio/okio/3.6.0/okio-3.6.0.jar
Progress (4): 12 kB | 329 kB | 27 kB | 7.3/790 kB
Progress (4): 12 kB | 329 kB | 27 kB | 16/790 kB 
Progress (4): 12 kB | 329 kB | 27 kB | 32/790 kB
Progress (4): 12 kB | 329 kB | 27 kB | 48/790 kB
Progress (4): 12 kB | 329 kB | 27 kB | 65/790 kB
Progress (4): 12 kB | 329 kB | 27 kB | 81/790 kB
Progress (4): 12 kB | 329 kB | 27 kB | 97/790 kB
Progress (4): 12 kB | 329 kB | 27 kB | 114/790 kB
Progress (4): 12 kB | 329 kB | 27 kB | 130/790 kB
Progress (4): 12 kB | 329 kB | 27 kB | 146/790 kB
Progress (4): 12 kB | 329 kB | 27 kB | 163/790 kB
Progress (4): 12 kB | 329 kB | 27 kB | 179/790 kB
Progress (4): 12 kB | 329 kB | 27 kB | 196/790 kB
Progress (4): 12 kB | 329 kB | 27 kB | 212/790 kB
Progress (4): 12 kB | 329 kB | 27 kB | 228/790 kB
Progress (4): 12 kB | 329 kB | 27 kB | 245/790 kB
Progress (4): 12 kB | 329 kB | 27 kB | 261/790 kB
                                                 
Downloaded from aliyunmaven: https://maven.aliyun.com/repository/public/com/google/j2objc/j2objc-annotations/3.0.0/j2objc-annotations-3.0.0.jar (12 kB at 8.1 kB/s)
Downloading from aliyunmaven: https://maven.aliyun.com/repository/public/org/jetbrains/kotlin/kotlin-stdlib-jdk8/1.9.25/kotlin-stdlib-jdk8-1.9.25.jar
Progress (3): 329 kB | 27 kB | 278/790 kB
Progress (3): 329 kB | 27 kB | 294/790 kB
Progress (3): 329 kB | 27 kB | 310/790 kB
Progress (3): 329 kB | 27 kB | 320/790 kB
Progress (3): 329 kB | 27 kB | 337/790 kB
Progress (3): 329 kB | 27 kB | 342/790 kB
Progress (3): 329 kB | 27 kB | 355/790 kB
Progress (3): 329 kB | 27 kB | 372/790 kB
Progress (3): 329 kB | 27 kB | 388/790 kB
Progress (3): 329 kB | 27 kB | 404/790 kB
Progress (3): 329 kB | 27 kB | 406/790 kB
Progress (3): 329 kB | 27 kB | 411/790 kB
Progress (3): 329 kB | 27 kB | 415/790 kB
Progress (3): 329 kB | 27 kB | 431/790 kB
Progress (3): 329 kB | 27 kB | 448/790 kB
Progress (3): 329 kB | 27 kB | 464/790 kB
Progress (3): 329 kB | 27 kB | 481/790 kB
Progress (3): 329 kB | 27 kB | 497/790 kB
Progress (3): 329 kB | 27 kB | 513/790 kB
Progress (3): 329 kB | 27 kB | 530/790 kB
Progress (3): 329 kB | 27 kB | 544/790 kB
Progress (3): 329 kB | 27 kB | 560/790 kB
Progress (4): 329 kB | 27 kB | 560/790 kB | 0.5/26 kB
Progress (4): 329 kB | 27 kB | 560/790 kB | 17/26 kB 
Progress (4): 329 kB | 27 kB | 560/790 kB | 26 kB   
Progress (4): 329 kB | 27 kB | 576/790 kB | 26 kB
Progress (4): 329 kB | 27 kB | 593/790 kB | 26 kB
Progress (4): 329 kB | 27 kB | 609/790 kB | 26 kB
Progress (4): 329 kB | 27 kB | 626/790 kB | 26 kB
Progress (4): 329 kB | 27 kB | 642/790 kB | 26 kB
Progress (4): 329 kB | 27 kB | 658/790 kB | 26 kB
Progress (4): 329 kB | 27 kB | 675/790 kB | 26 kB
Progress (4): 329 kB | 27 kB | 691/790 kB | 26 kB
Progress (4): 329 kB | 27 kB | 707/790 kB | 26 kB
Progress (4): 329 kB | 27 kB | 724/790 kB | 26 kB
Progress (4): 329 kB | 27 kB | 740/790 kB | 26 kB
Progress (4): 329 kB | 27 kB | 757/790 kB | 26 kB
Progress (4): 329 kB | 27 kB | 773/790 kB | 26 kB
Progress (4): 329 kB | 27 kB | 789/790 kB | 26 kB
Progress (4): 329 kB | 27 kB | 790 kB | 26 kB    
Progress (5): 329 kB | 27 kB | 790 kB | 26 kB | 483/967 B
Progress (5): 329 kB | 27 kB | 790 kB | 26 kB | 967 B    
                                                     
Downloaded from aliyunmaven: https://maven.aliyun.com/repository/public/com/squareup/okhttp3/okhttp/4.12.0/okhttp-4.12.0.jar (790 kB at 497 kB/s)
Downloading from aliyunmaven: https://maven.aliyun.com/repository/public/org/jetbrains/kotlin/kotlin-stdlib/1.9.25/kotlin-stdlib-1.9.25.jar
Progress (5): 329 kB | 27 kB | 26 kB | 967 B | 0/1.7 MB
Progress (5): 329 kB | 27 kB | 26 kB | 967 B | 0/1.7 MB
Progress (5): 329 kB | 27 kB | 26 kB | 967 B | 0/1.7 MB
Progress (5): 329 kB | 27 kB | 26 kB | 967 B | 0.1/1.7 MB
Progress (5): 329 kB | 27 kB | 26 kB | 967 B | 0.1/1.7 MB
Progress (5): 329 kB | 27 kB | 26 kB | 967 B | 0.1/1.7 MB
Progress (5): 329 kB | 27 kB | 26 kB | 967 B | 0.1/1.7 MB
Progress (5): 329 kB | 27 kB | 26 kB | 967 B | 0.1/1.7 MB
Progress (5): 329 kB | 27 kB | 26 kB | 967 B | 0.1/1.7 MB
Progress (5): 329 kB | 27 kB | 26 kB | 967 B | 0.2/1.7 MB
Progress (5): 329 kB | 27 kB | 26 kB | 967 B | 0.2/1.7 MB
Progress (5): 329 kB | 27 kB | 26 kB | 967 B | 0.2/1.7 MB
Progress (5): 329 kB | 27 kB | 26 kB | 967 B | 0.2/1.7 MB
Progress (5): 329 kB | 27 kB | 26 kB | 967 B | 0.2/1.7 MB
Progress (5): 329 kB | 27 kB | 26 kB | 967 B | 0.2/1.7 MB
Progress (5): 329 kB | 27 kB | 26 kB | 967 B | 0.3/1.7 MB
Progress (5): 329 kB | 27 kB | 26 kB | 967 B | 0.3/1.7 MB
Progress (5): 329 kB | 27 kB | 26 kB | 967 B | 0.3/1.7 MB
Progress (5): 329 kB | 27 kB | 26 kB | 967 B | 0.3/1.7 MB
Progress (5): 329 kB | 27 kB | 26 kB | 967 B | 0.3/1.7 MB
Progress (5): 329 kB | 27 kB | 26 kB | 967 B | 0.3/1.7 MB
Progress (5): 329 kB | 27 kB | 26 kB | 967 B | 0.4/1.7 MB
Progress (5): 329 kB | 27 kB | 26 kB | 967 B | 0.4/1.7 MB
Progress (5): 329 kB | 27 kB | 26 kB | 967 B | 0.4/1.7 MB
Progress (5): 329 kB | 27 kB | 26 kB | 967 B | 0.4/1.7 MB
Progress (5): 329 kB | 27 kB | 26 kB | 967 B | 0.4/1.7 MB
Progress (5): 329 kB | 27 kB | 26 kB | 967 B | 0.4/1.7 MB
Progress (5): 329 kB | 27 kB | 26 kB | 967 B | 0.4/1.7 MB
Progress (5): 329 kB | 27 kB | 26 kB | 967 B | 0.5/1.7 MB
Progress (5): 329 kB | 27 kB | 26 kB | 967 B | 0.5/1.7 MB
Progress (5): 329 kB | 27 kB | 26 kB | 967 B | 0.5/1.7 MB
Progress (5): 329 kB | 27 kB | 26 kB | 967 B | 0.5/1.7 MB
Progress (5): 329 kB | 27 kB | 26 kB | 967 B | 0.5/1.7 MB
Progress (5): 329 kB | 27 kB | 26 kB | 967 B | 0.5/1.7 MB
                                                         
Downloaded from aliyunmaven: https://maven.aliyun.com/repository/public/org/jetbrains/kotlin/kotlin-stdlib-jdk8/1.9.25/kotlin-stdlib-jdk8-1.9.25.jar (967 B at 599 B/s)
Downloading from aliyunmaven: https://maven.aliyun.com/repository/public/org/jetbrains/annotations/13.0/annotations-13.0.jar
Progress (4): 329 kB | 27 kB | 26 kB | 0.5/1.7 MB
Progress (4): 329 kB | 27 kB | 26 kB | 0.6/1.7 MB
Progress (4): 329 kB | 27 kB | 26 kB | 0.6/1.7 MB
Progress (4): 329 kB | 27 kB | 26 kB | 0.6/1.7 MB
Progress (4): 329 kB | 27 kB | 26 kB | 0.6/1.7 MB
Progress (4): 329 kB | 27 kB | 26 kB | 0.6/1.7 MB
Progress (4): 329 kB | 27 kB | 26 kB | 0.6/1.7 MB
Progress (4): 329 kB | 27 kB | 26 kB | 0.7/1.7 MB
Progress (4): 329 kB | 27 kB | 26 kB | 0.7/1.7 MB
Progress (4): 329 kB | 27 kB | 26 kB | 0.7/1.7 MB
Progress (4): 329 kB | 27 kB | 26 kB | 0.7/1.7 MB
Progress (4): 329 kB | 27 kB | 26 kB | 0.7/1.7 MB
Progress (4): 329 kB | 27 kB | 26 kB | 0.7/1.7 MB
Progress (4): 329 kB | 27 kB | 26 kB | 0.8/1.7 MB
Progress (4): 329 kB | 27 kB | 26 kB | 0.8/1.7 MB
Progress (4): 329 kB | 27 kB | 26 kB | 0.8/1.7 MB
Progress (4): 329 kB | 27 kB | 26 kB | 0.8/1.7 MB
Progress (4): 329 kB | 27 kB | 26 kB | 0.8/1.7 MB
Progress (4): 329 kB | 27 kB | 26 kB | 0.8/1.7 MB
Progress (4): 329 kB | 27 kB | 26 kB | 0.8/1.7 MB
Progress (4): 329 kB | 27 kB | 26 kB | 0.8/1.7 MB
Progress (4): 329 kB | 27 kB | 26 kB | 0.9/1.7 MB
Progress (4): 329 kB | 27 kB | 26 kB | 0.9/1.7 MB
Progress (4): 329 kB | 27 kB | 26 kB | 0.9/1.7 MB
Progress (4): 329 kB | 27 kB | 26 kB | 0.9/1.7 MB
Progress (4): 329 kB | 27 kB | 26 kB | 0.9/1.7 MB
Progress (4): 329 kB | 27 kB | 26 kB | 0.9/1.7 MB
Progress (4): 329 kB | 27 kB | 26 kB | 1.0/1.7 MB
Progress (4): 329 kB | 27 kB | 26 kB | 1.0/1.7 MB
Progress (4): 329 kB | 27 kB | 26 kB | 1.0/1.7 MB
Progress (4): 329 kB | 27 kB | 26 kB | 1.0/1.7 MB
Progress (4): 329 kB | 27 kB | 26 kB | 1.0/1.7 MB
Progress (4): 329 kB | 27 kB | 26 kB | 1.0/1.7 MB
Progress (4): 329 kB | 27 kB | 26 kB | 1.0/1.7 MB
Progress (4): 329 kB | 27 kB | 26 kB | 1.1/1.7 MB
Progress (4): 329 kB | 27 kB | 26 kB | 1.1/1.7 MB
Progress (5): 329 kB | 27 kB | 26 kB | 1.1/1.7 MB | 0.5/18 kB
Progress (5): 329 kB | 27 kB | 26 kB | 1.1/1.7 MB | 17/18 kB 
Progress (5): 329 kB | 27 kB | 26 kB | 1.1/1.7 MB | 18 kB   
Progress (5): 329 kB | 27 kB | 26 kB | 1.1/1.7 MB | 18 kB
Progress (5): 329 kB | 27 kB | 26 kB | 1.1/1.7 MB | 18 kB
Progress (5): 329 kB | 27 kB | 26 kB | 1.1/1.7 MB | 18 kB
Progress (5): 329 kB | 27 kB | 26 kB | 1.1/1.7 MB | 18 kB
Progress (5): 329 kB | 27 kB | 26 kB | 1.1/1.7 MB | 18 kB
Progress (5): 329 kB | 27 kB | 26 kB | 1.2/1.7 MB | 18 kB
Progress (5): 329 kB | 27 kB | 26 kB | 1.2/1.7 MB | 18 kB
Progress (5): 329 kB | 27 kB | 26 kB | 1.2/1.7 MB | 18 kB
Progress (5): 329 kB | 27 kB | 26 kB | 1.2/1.7 MB | 18 kB
Progress (5): 329 kB | 27 kB | 26 kB | 1.2/1.7 MB | 18 kB
Progress (5): 329 kB | 27 kB | 26 kB | 1.2/1.7 MB | 18 kB
Progress (5): 329 kB | 27 kB | 26 kB | 1.3/1.7 MB | 18 kB
Progress (5): 329 kB | 27 kB | 26 kB | 1.3/1.7 MB | 18 kB
Progress (5): 329 kB | 27 kB | 26 kB | 1.3/1.7 MB | 18 kB
Progress (5): 329 kB | 27 kB | 26 kB | 1.3/1.7 MB | 18 kB
Progress (5): 329 kB | 27 kB | 26 kB | 1.3/1.7 MB | 18 kB
Progress (5): 329 kB | 27 kB | 26 kB | 1.3/1.7 MB | 18 kB
Progress (5): 329 kB | 27 kB | 26 kB | 1.3/1.7 MB | 18 kB
Progress (5): 329 kB | 27 kB | 26 kB | 1.3/1.7 MB | 18 kB
Progress (5): 329 kB | 27 kB | 26 kB | 1.4/1.7 MB | 18 kB
Progress (5): 329 kB | 27 kB | 26 kB | 1.4/1.7 MB | 18 kB
Progress (5): 329 kB | 27 kB | 26 kB | 1.4/1.7 MB | 18 kB
Progress (5): 329 kB | 27 kB | 26 kB | 1.4/1.7 MB | 18 kB
Progress (5): 329 kB | 27 kB | 26 kB | 1.4/1.7 MB | 18 kB
Progress (5): 329 kB | 27 kB | 26 kB | 1.4/1.7 MB | 18 kB
Progress (5): 329 kB | 27 kB | 26 kB | 1.4/1.7 MB | 18 kB
Progress (5): 329 kB | 27 kB | 26 kB | 1.5/1.7 MB | 18 kB
Progress (5): 329 kB | 27 kB | 26 kB | 1.5/1.7 MB | 18 kB
Progress (5): 329 kB | 27 kB | 26 kB | 1.5/1.7 MB | 18 kB
Progress (5): 329 kB | 27 kB | 26 kB | 1.5/1.7 MB | 18 kB
Progress (5): 329 kB | 27 kB | 26 kB | 1.5/1.7 MB | 18 kB
Progress (5): 329 kB | 27 kB | 26 kB | 1.5/1.7 MB | 18 kB
Progress (5): 329 kB | 27 kB | 26 kB | 1.5/1.7 MB | 18 kB
Progress (5): 329 kB | 27 kB | 26 kB | 1.6/1.7 MB | 18 kB
Progress (5): 329 kB | 27 kB | 26 kB | 1.6/1.7 MB | 18 kB
Progress (5): 329 kB | 27 kB | 26 kB | 1.6/1.7 MB | 18 kB
Progress (5): 329 kB | 27 kB | 26 kB | 1.6/1.7 MB | 18 kB
Progress (5): 329 kB | 27 kB | 26 kB | 1.6/1.7 MB | 18 kB
Progress (5): 329 kB | 27 kB | 26 kB | 1.6/1.7 MB | 18 kB
Progress (5): 329 kB | 27 kB | 26 kB | 1.6/1.7 MB | 18 kB
Progress (5): 329 kB | 27 kB | 26 kB | 1.7/1.7 MB | 18 kB
Progress (5): 329 kB | 27 kB | 26 kB | 1.7/1.7 MB | 18 kB
Progress (5): 329 kB | 27 kB | 26 kB | 1.7/1.7 MB | 18 kB
Progress (5): 329 kB | 27 kB | 26 kB | 1.7/1.7 MB | 18 kB
Progress (5): 329 kB | 27 kB | 26 kB | 1.7 MB | 18 kB    
                                                     
Downloaded from aliyunmaven: https://maven.aliyun.com/repository/public/org/jetbrains/annotations/13.0/annotations-13.0.jar (18 kB at 11 kB/s)
Downloading from aliyunmaven: https://maven.aliyun.com/repository/public/org/jetbrains/kotlin/kotlin-stdlib-jdk7/1.9.25/kotlin-stdlib-jdk7-1.9.25.jar
Downloaded from aliyunmaven: https://maven.aliyun.com/repository/public/io/opentelemetry/opentelemetry-sdk-metrics/1.49.0/opentelemetry-sdk-metrics-1.49.0.jar (329 kB at 199 kB/s)
Downloading from aliyunmaven: https://maven.aliyun.com/repository/public/io/opentelemetry/opentelemetry-sdk-extension-autoconfigure-spi/1.49.0/opentelemetry-sdk-extension-autoconfigure-spi-1.49.0.jar
Progress (4): 27 kB | 26 kB | 1.7 MB | 961 B
Progress (5): 27 kB | 26 kB | 1.7 MB | 961 B | 7.3/18 kB
Progress (5): 27 kB | 26 kB | 1.7 MB | 961 B | 15/18 kB 
Progress (5): 27 kB | 26 kB | 1.7 MB | 961 B | 18 kB   
                                                    
Downloaded from aliyunmaven: https://maven.aliyun.com/repository/public/org/jetbrains/kotlin/kotlin-stdlib/1.9.25/kotlin-stdlib-1.9.25.jar (1.7 MB at 1.0 MB/s)
Downloading from aliyunmaven: https://maven.aliyun.com/repository/public/io/opentelemetry/opentelemetry-exporter-prometheus/1.29.0-alpha/opentelemetry-exporter-prometheus-1.29.0-alpha.jar
Progress (5): 27 kB | 26 kB | 961 B | 18 kB | 1.9/39 kB
Progress (5): 27 kB | 26 kB | 961 B | 18 kB | 18/39 kB 
Progress (5): 27 kB | 26 kB | 961 B | 18 kB | 35/39 kB
Progress (5): 27 kB | 26 kB | 961 B | 18 kB | 39 kB   
                                                   
Downloaded from aliyunmaven: https://maven.aliyun.com/repository/public/io/opentelemetry/opentelemetry-exporter-sender-okhttp/1.49.0/opentelemetry-exporter-sender-okhttp-1.49.0.jar (27 kB at 15 kB/s)
Downloading from aliyunmaven: https://maven.aliyun.com/repository/public/io/opentelemetry/opentelemetry-exporter-logging/1.49.0/opentelemetry-exporter-logging-1.49.0.jar
Progress (5): 26 kB | 961 B | 18 kB | 39 kB | 1.9/16 kB
Progress (5): 26 kB | 961 B | 18 kB | 39 kB | 16 kB    
                                                   
Downloaded from aliyunmaven: https://maven.aliyun.com/repository/public/org/jetbrains/kotlin/kotlin-stdlib-jdk7/1.9.25/kotlin-stdlib-jdk7-1.9.25.jar (961 B at 518 B/s)
Downloading from aliyunmaven: https://maven.aliyun.com/repository/public/io/opentelemetry/opentelemetry-sdk/1.49.0/opentelemetry-sdk-1.49.0.jar
Downloaded from aliyunmaven: https://maven.aliyun.com/repository/public/io/opentelemetry/opentelemetry-sdk-extension-autoconfigure-spi/1.49.0/opentelemetry-sdk-extension-autoconfigure-spi-1.49.0.jar (18 kB at 9.7 kB/s)
Downloading from aliyunmaven: https://maven.aliyun.com/repository/public/io/opentelemetry/opentelemetry-api/1.49.0/opentelemetry-api-1.49.0.jar
Progress (4): 26 kB | 39 kB | 16 kB | 6.8 kB
Progress (5): 26 kB | 39 kB | 16 kB | 6.8 kB | 1.9/159 kB
Progress (5): 26 kB | 39 kB | 16 kB | 6.8 kB | 18/159 kB 
Progress (5): 26 kB | 39 kB | 16 kB | 6.8 kB | 35/159 kB
Progress (5): 26 kB | 39 kB | 16 kB | 6.8 kB | 51/159 kB
Progress (5): 26 kB | 39 kB | 16 kB | 6.8 kB | 67/159 kB
Progress (5): 26 kB | 39 kB | 16 kB | 6.8 kB | 84/159 kB
Progress (5): 26 kB | 39 kB | 16 kB | 6.8 kB | 100/159 kB
Progress (5): 26 kB | 39 kB | 16 kB | 6.8 kB | 116/159 kB
Progress (5): 26 kB | 39 kB | 16 kB | 6.8 kB | 132/159 kB
Progress (5): 26 kB | 39 kB | 16 kB | 6.8 kB | 149/159 kB
Progress (5): 26 kB | 39 kB | 16 kB | 6.8 kB | 159 kB    
                                                     
Downloaded from aliyunmaven: https://maven.aliyun.com/repository/public/com/squareup/okio/okio/3.6.0/okio-3.6.0.jar (26 kB at 14 kB/s)
Downloading from aliyunmaven: https://maven.aliyun.com/repository/public/io/opentelemetry/opentelemetry-context/1.49.0/opentelemetry-context-1.49.0.jar
Progress (5): 39 kB | 16 kB | 6.8 kB | 159 kB | 1.9/49 kB
Progress (5): 39 kB | 16 kB | 6.8 kB | 159 kB | 14/49 kB 
Progress (5): 39 kB | 16 kB | 6.8 kB | 159 kB | 22/49 kB
Progress (5): 39 kB | 16 kB | 6.8 kB | 159 kB | 39/49 kB
Progress (5): 39 kB | 16 kB | 6.8 kB | 159 kB | 49 kB   
                                                     
Downloaded from aliyunmaven: https://maven.aliyun.com/repository/public/io/opentelemetry/opentelemetry-api/1.49.0/opentelemetry-api-1.49.0.jar (159 kB at 83 kB/s)
Downloading from aliyunmaven: https://maven.aliyun.com/repository/public/io/opentelemetry/opentelemetry-sdk-common/1.49.0/opentelemetry-sdk-common-1.49.0.jar
Progress (5): 39 kB | 16 kB | 6.8 kB | 49 kB | 0.4/55 kB
Progress (5): 39 kB | 16 kB | 6.8 kB | 49 kB | 17/55 kB 
Progress (5): 39 kB | 16 kB | 6.8 kB | 49 kB | 33/55 kB
Progress (5): 39 kB | 16 kB | 6.8 kB | 49 kB | 50/55 kB
Progress (5): 39 kB | 16 kB | 6.8 kB | 49 kB | 55 kB   
                                                    
Downloaded from aliyunmaven: https://maven.aliyun.com/repository/public/io/opentelemetry/opentelemetry-sdk/1.49.0/opentelemetry-sdk-1.49.0.jar (6.8 kB at 3.5 kB/s)
Downloading from aliyunmaven: https://maven.aliyun.com/repository/public/io/opentelemetry/opentelemetry-exporter-logging-otlp/1.49.0/opentelemetry-exporter-logging-otlp-1.49.0.jar
Progress (5): 39 kB | 16 kB | 49 kB | 55 kB | 7.3/35 kB
Progress (5): 39 kB | 16 kB | 49 kB | 55 kB | 15/35 kB 
Progress (5): 39 kB | 16 kB | 49 kB | 55 kB | 32/35 kB
Progress (5): 39 kB | 16 kB | 49 kB | 55 kB | 35 kB   
                                                   
Downloaded from aliyunmaven: https://maven.aliyun.com/repository/public/io/opentelemetry/opentelemetry-sdk-common/1.49.0/opentelemetry-sdk-common-1.49.0.jar (55 kB at 28 kB/s)
Downloading from aliyunmaven: https://maven.aliyun.com/repository/public/io/grpc/grpc-stub/1.53.0/grpc-stub-1.53.0.jar
Progress (5): 39 kB | 16 kB | 49 kB | 35 kB | 7.3/51 kB
Progress (5): 39 kB | 16 kB | 49 kB | 35 kB | 16/51 kB 
Progress (5): 39 kB | 16 kB | 49 kB | 35 kB | 32/51 kB
Progress (5): 39 kB | 16 kB | 49 kB | 35 kB | 48/51 kB
Progress (5): 39 kB | 16 kB | 49 kB | 35 kB | 51 kB   
                                                   
Downloaded from aliyunmaven: https://maven.aliyun.com/repository/public/io/opentelemetry/opentelemetry-exporter-logging/1.49.0/opentelemetry-exporter-logging-1.49.0.jar (16 kB at 8.3 kB/s)
Downloading from aliyunmaven: https://maven.aliyun.com/repository/public/io/grpc/grpc-api/1.53.0/grpc-api-1.53.0.jar
Downloaded from aliyunmaven: https://maven.aliyun.com/repository/public/io/opentelemetry/opentelemetry-exporter-prometheus/1.29.0-alpha/opentelemetry-exporter-prometheus-1.29.0-alpha.jar (39 kB at 20 kB/s)
Downloading from aliyunmaven: https://maven.aliyun.com/repository/public/io/grpc/grpc-context/1.53.0/grpc-context-1.53.0.jar
Progress (4): 49 kB | 35 kB | 51 kB | 3.4/31 kB
Progress (5): 49 kB | 35 kB | 51 kB | 3.4/31 kB | 7.3/262 kB
Progress (5): 49 kB | 35 kB | 51 kB | 3.4/31 kB | 16/262 kB 
Progress (5): 49 kB | 35 kB | 51 kB | 20/31 kB | 16/262 kB 
Progress (5): 49 kB | 35 kB | 51 kB | 31 kB | 16/262 kB   
Progress (5): 49 kB | 35 kB | 51 kB | 31 kB | 32/262 kB
Progress (5): 49 kB | 35 kB | 51 kB | 31 kB | 48/262 kB
Progress (5): 49 kB | 35 kB | 51 kB | 31 kB | 65/262 kB
Progress (5): 49 kB | 35 kB | 51 kB | 31 kB | 81/262 kB
Progress (5): 49 kB | 35 kB | 51 kB | 31 kB | 97/262 kB
Progress (5): 49 kB | 35 kB | 51 kB | 31 kB | 114/262 kB
Progress (5): 49 kB | 35 kB | 51 kB | 31 kB | 130/262 kB
Progress (5): 49 kB | 35 kB | 51 kB | 31 kB | 146/262 kB
Progress (5): 49 kB | 35 kB | 51 kB | 31 kB | 163/262 kB
Progress (5): 49 kB | 35 kB | 51 kB | 31 kB | 179/262 kB
Progress (5): 49 kB | 35 kB | 51 kB | 31 kB | 196/262 kB
Progress (5): 49 kB | 35 kB | 51 kB | 31 kB | 212/262 kB
Progress (5): 49 kB | 35 kB | 51 kB | 31 kB | 228/262 kB
Progress (5): 49 kB | 35 kB | 51 kB | 31 kB | 245/262 kB
Progress (5): 49 kB | 35 kB | 51 kB | 31 kB | 261/262 kB
Progress (5): 49 kB | 35 kB | 51 kB | 31 kB | 262 kB    
                                                    
Downloaded from aliyunmaven: https://maven.aliyun.com/repository/public/io/grpc/grpc-stub/1.53.0/grpc-stub-1.53.0.jar (51 kB at 25 kB/s)
Downloading from aliyunmaven: https://maven.aliyun.com/repository/public/com/google/errorprone/error_prone_annotations/2.14.0/error_prone_annotations-2.14.0.jar
Downloaded from aliyunmaven: https://maven.aliyun.com/repository/public/io/grpc/grpc-api/1.53.0/grpc-api-1.53.0.jar (262 kB at 129 kB/s)
Downloading from aliyunmaven: https://maven.aliyun.com/repository/public/io/grpc/grpc-netty-shaded/1.53.0/grpc-netty-shaded-1.53.0.jar
Progress (4): 49 kB | 35 kB | 31 kB | 3.4/16 kB
Progress (4): 49 kB | 35 kB | 31 kB | 16 kB    
Progress (5): 49 kB | 35 kB | 31 kB | 16 kB | 0/9.3 MB
Progress (5): 49 kB | 35 kB | 31 kB | 16 kB | 0/9.3 MB
Progress (5): 49 kB | 35 kB | 31 kB | 16 kB | 0/9.3 MB
Progress (5): 49 kB | 35 kB | 31 kB | 16 kB | 0.1/9.3 MB
Progress (5): 49 kB | 35 kB | 31 kB | 16 kB | 0.1/9.3 MB
Progress (5): 49 kB | 35 kB | 31 kB | 16 kB | 0.1/9.3 MB
Progress (5): 49 kB | 35 kB | 31 kB | 16 kB | 0.1/9.3 MB
Progress (5): 49 kB | 35 kB | 31 kB | 16 kB | 0.1/9.3 MB
Progress (5): 49 kB | 35 kB | 31 kB | 16 kB | 0.1/9.3 MB
Progress (5): 49 kB | 35 kB | 31 kB | 16 kB | 0.1/9.3 MB
Progress (5): 49 kB | 35 kB | 31 kB | 16 kB | 0.1/9.3 MB
Progress (5): 49 kB | 35 kB | 31 kB | 16 kB | 0.1/9.3 MB
Progress (5): 49 kB | 35 kB | 31 kB | 16 kB | 0.2/9.3 MB
Progress (5): 49 kB | 35 kB | 31 kB | 16 kB | 0.2/9.3 MB
Progress (5): 49 kB | 35 kB | 31 kB | 16 kB | 0.2/9.3 MB
Progress (5): 49 kB | 35 kB | 31 kB | 16 kB | 0.2/9.3 MB
Progress (5): 49 kB | 35 kB | 31 kB | 16 kB | 0.2/9.3 MB
Progress (5): 49 kB | 35 kB | 31 kB | 16 kB | 0.2/9.3 MB
Progress (5): 49 kB | 35 kB | 31 kB | 16 kB | 0.2/9.3 MB
Progress (5): 49 kB | 35 kB | 31 kB | 16 kB | 0.2/9.3 MB
Progress (5): 49 kB | 35 kB | 31 kB | 16 kB | 0.2/9.3 MB
Progress (5): 49 kB | 35 kB | 31 kB | 16 kB | 0.2/9.3 MB
Progress (5): 49 kB | 35 kB | 31 kB | 16 kB | 0.2/9.3 MB
Progress (5): 49 kB | 35 kB | 31 kB | 16 kB | 0.3/9.3 MB
Progress (5): 49 kB | 35 kB | 31 kB | 16 kB | 0.3/9.3 MB
Progress (5): 49 kB | 35 kB | 31 kB | 16 kB | 0.3/9.3 MB
Progress (5): 49 kB | 35 kB | 31 kB | 16 kB | 0.3/9.3 MB
Progress (5): 49 kB | 35 kB | 31 kB | 16 kB | 0.3/9.3 MB
Progress (5): 49 kB | 35 kB | 31 kB | 16 kB | 0.3/9.3 MB
Progress (5): 49 kB | 35 kB | 31 kB | 16 kB | 0.3/9.3 MB
Progress (5): 49 kB | 35 kB | 31 kB | 16 kB | 0.3/9.3 MB
Progress (5): 49 kB | 35 kB | 31 kB | 16 kB | 0.3/9.3 MB
Progress (5): 49 kB | 35 kB | 31 kB | 16 kB | 0.3/9.3 MB
Progress (5): 49 kB | 35 kB | 31 kB | 16 kB | 0.3/9.3 MB
Progress (5): 49 kB | 35 kB | 31 kB | 16 kB | 0.3/9.3 MB
Progress (5): 49 kB | 35 kB | 31 kB | 16 kB | 0.3/9.3 MB
Progress (5): 49 kB | 35 kB | 31 kB | 16 kB | 0.4/9.3 MB
Progress (5): 49 kB | 35 kB | 31 kB | 16 kB | 0.4/9.3 MB
Progress (5): 49 kB | 35 kB | 31 kB | 16 kB | 0.4/9.3 MB
Progress (5): 49 kB | 35 kB | 31 kB | 16 kB | 0.4/9.3 MB
Progress (5): 49 kB | 35 kB | 31 kB | 16 kB | 0.4/9.3 MB
Progress (5): 49 kB | 35 kB | 31 kB | 16 kB | 0.4/9.3 MB
Progress (5): 49 kB | 35 kB | 31 kB | 16 kB | 0.5/9.3 MB
Progress (5): 49 kB | 35 kB | 31 kB | 16 kB | 0.5/9.3 MB
Progress (5): 49 kB | 35 kB | 31 kB | 16 kB | 0.5/9.3 MB
Progress (5): 49 kB | 35 kB | 31 kB | 16 kB | 0.5/9.3 MB
Progress (5): 49 kB | 35 kB | 31 kB | 16 kB | 0.5/9.3 MB
Progress (5): 49 kB | 35 kB | 31 kB | 16 kB | 0.5/9.3 MB
Progress (5): 49 kB | 35 kB | 31 kB | 16 kB | 0.5/9.3 MB
Progress (5): 49 kB | 35 kB | 31 kB | 16 kB | 0.6/9.3 MB
Progress (5): 49 kB | 35 kB | 31 kB | 16 kB | 0.6/9.3 MB
Progress (5): 49 kB | 35 kB | 31 kB | 16 kB | 0.6/9.3 MB
Progress (5): 49 kB | 35 kB | 31 kB | 16 kB | 0.6/9.3 MB
Progress (5): 49 kB | 35 kB | 31 kB | 16 kB | 0.6/9.3 MB
Progress (5): 49 kB | 35 kB | 31 kB | 16 kB | 0.6/9.3 MB
Progress (5): 49 kB | 35 kB | 31 kB | 16 kB | 0.7/9.3 MB
Progress (5): 49 kB | 35 kB | 31 kB | 16 kB | 0.7/9.3 MB
Progress (5): 49 kB | 35 kB | 31 kB | 16 kB | 0.7/9.3 MB
Progress (5): 49 kB | 35 kB | 31 kB | 16 kB | 0.7/9.3 MB
Progress (5): 49 kB | 35 kB | 31 kB | 16 kB | 0.7/9.3 MB
Progress (5): 49 kB | 35 kB | 31 kB | 16 kB | 0.7/9.3 MB
Progress (5): 49 kB | 35 kB | 31 kB | 16 kB | 0.8/9.3 MB
Progress (5): 49 kB | 35 kB | 31 kB | 16 kB | 0.8/9.3 MB
Progress (5): 49 kB | 35 kB | 31 kB | 16 kB | 0.8/9.3 MB
Progress (5): 49 kB | 35 kB | 31 kB | 16 kB | 0.8/9.3 MB
Progress (5): 49 kB | 35 kB | 31 kB | 16 kB | 0.8/9.3 MB
Progress (5): 49 kB | 35 kB | 31 kB | 16 kB | 0.8/9.3 MB
Progress (5): 49 kB | 35 kB | 31 kB | 16 kB | 0.9/9.3 MB
Progress (5): 49 kB | 35 kB | 31 kB | 16 kB | 0.9/9.3 MB
Progress (5): 49 kB | 35 kB | 31 kB | 16 kB | 0.9/9.3 MB
Progress (5): 49 kB | 35 kB | 31 kB | 16 kB | 0.9/9.3 MB
Progress (5): 49 kB | 35 kB | 31 kB | 16 kB | 0.9/9.3 MB
Progress (5): 49 kB | 35 kB | 31 kB | 16 kB | 0.9/9.3 MB
Progress (5): 49 kB | 35 kB | 31 kB | 16 kB | 0.9/9.3 MB
Progress (5): 49 kB | 35 kB | 31 kB | 16 kB | 1.0/9.3 MB
Progress (5): 49 kB | 35 kB | 31 kB | 16 kB | 1.0/9.3 MB
Progress (5): 49 kB | 35 kB | 31 kB | 16 kB | 1.0/9.3 MB
Progress (5): 49 kB | 35 kB | 31 kB | 16 kB | 1.0/9.3 MB
Progress (5): 49 kB | 35 kB | 31 kB | 16 kB | 1.0/9.3 MB
Progress (5): 49 kB | 35 kB | 31 kB | 16 kB | 1.0/9.3 MB
Progress (5): 49 kB | 35 kB | 31 kB | 16 kB | 1.1/9.3 MB
Progress (5): 49 kB | 35 kB | 31 kB | 16 kB | 1.1/9.3 MB
Progress (5): 49 kB | 35 kB | 31 kB | 16 kB | 1.1/9.3 MB
Progress (5): 49 kB | 35 kB | 31 kB | 16 kB | 1.1/9.3 MB
Progress (5): 49 kB | 35 kB | 31 kB | 16 kB | 1.1/9.3 MB
Progress (5): 49 kB | 35 kB | 31 kB | 16 kB | 1.1/9.3 MB
Progress (5): 49 kB | 35 kB | 31 kB | 16 kB | 1.2/9.3 MB
Progress (5): 49 kB | 35 kB | 31 kB | 16 kB | 1.2/9.3 MB
Progress (5): 49 kB | 35 kB | 31 kB | 16 kB | 1.2/9.3 MB
Progress (5): 49 kB | 35 kB | 31 kB | 16 kB | 1.2/9.3 MB
Progress (5): 49 kB | 35 kB | 31 kB | 16 kB | 1.2/9.3 MB
Progress (5): 49 kB | 35 kB | 31 kB | 16 kB | 1.2/9.3 MB
Progress (5): 49 kB | 35 kB | 31 kB | 16 kB | 1.3/9.3 MB
Progress (5): 49 kB | 35 kB | 31 kB | 16 kB | 1.3/9.3 MB
Progress (5): 49 kB | 35 kB | 31 kB | 16 kB | 1.3/9.3 MB
Progress (5): 49 kB | 35 kB | 31 kB | 16 kB | 1.3/9.3 MB
Progress (5): 49 kB | 35 kB | 31 kB | 16 kB | 1.3/9.3 MB
Progress (5): 49 kB | 35 kB | 31 kB | 16 kB | 1.3/9.3 MB
Progress (5): 49 kB | 35 kB | 31 kB | 16 kB | 1.3/9.3 MB
Progress (5): 49 kB | 35 kB | 31 kB | 16 kB | 1.4/9.3 MB
Progress (5): 49 kB | 35 kB | 31 kB | 16 kB | 1.4/9.3 MB
Progress (5): 49 kB | 35 kB | 31 kB | 16 kB | 1.4/9.3 MB
Progress (5): 49 kB | 35 kB | 31 kB | 16 kB | 1.4/9.3 MB
Progress (5): 49 kB | 35 kB | 31 kB | 16 kB | 1.4/9.3 MB
Progress (5): 49 kB | 35 kB | 31 kB | 16 kB | 1.4/9.3 MB
Progress (5): 49 kB | 35 kB | 31 kB | 16 kB | 1.5/9.3 MB
Progress (5): 49 kB | 35 kB | 31 kB | 16 kB | 1.5/9.3 MB
Progress (5): 49 kB | 35 kB | 31 kB | 16 kB | 1.5/9.3 MB
Progress (5): 49 kB | 35 kB | 31 kB | 16 kB | 1.5/9.3 MB
Progress (5): 49 kB | 35 kB | 31 kB | 16 kB | 1.5/9.3 MB
Progress (5): 49 kB | 35 kB | 31 kB | 16 kB | 1.5/9.3 MB
Progress (5): 49 kB | 35 kB | 31 kB | 16 kB | 1.6/9.3 MB
Progress (5): 49 kB | 35 kB | 31 kB | 16 kB | 1.6/9.3 MB
Progress (5): 49 kB | 35 kB | 31 kB | 16 kB | 1.6/9.3 MB
Progress (5): 49 kB | 35 kB | 31 kB | 16 kB | 1.6/9.3 MB
Progress (5): 49 kB | 35 kB | 31 kB | 16 kB | 1.6/9.3 MB
Progress (5): 49 kB | 35 kB | 31 kB | 16 kB | 1.6/9.3 MB
Progress (5): 49 kB | 35 kB | 31 kB | 16 kB | 1.7/9.3 MB
Progress (5): 49 kB | 35 kB | 31 kB | 16 kB | 1.7/9.3 MB
Progress (5): 49 kB | 35 kB | 31 kB | 16 kB | 1.7/9.3 MB
Progress (5): 49 kB | 35 kB | 31 kB | 16 kB | 1.7/9.3 MB
Progress (5): 49 kB | 35 kB | 31 kB | 16 kB | 1.7/9.3 MB
Progress (5): 49 kB | 35 kB | 31 kB | 16 kB | 1.7/9.3 MB
Progress (5): 49 kB | 35 kB | 31 kB | 16 kB | 1.8/9.3 MB
Progress (5): 49 kB | 35 kB | 31 kB | 16 kB | 1.8/9.3 MB
Progress (5): 49 kB | 35 kB | 31 kB | 16 kB | 1.8/9.3 MB
Progress (5): 49 kB | 35 kB | 31 kB | 16 kB | 1.8/9.3 MB
Progress (5): 49 kB | 35 kB | 31 kB | 16 kB | 1.8/9.3 MB
Progress (5): 49 kB | 35 kB | 31 kB | 16 kB | 1.8/9.3 MB
Progress (5): 49 kB | 35 kB | 31 kB | 16 kB | 1.9/9.3 MB
Progress (5): 49 kB | 35 kB | 31 kB | 16 kB | 1.9/9.3 MB
Progress (5): 49 kB | 35 kB | 31 kB | 16 kB | 1.9/9.3 MB
Progress (5): 49 kB | 35 kB | 31 kB | 16 kB | 1.9/9.3 MB
Progress (5): 49 kB | 35 kB | 31 kB | 16 kB | 1.9/9.3 MB
Progress (5): 49 kB | 35 kB | 31 kB | 16 kB | 1.9/9.3 MB
Progress (5): 49 kB | 35 kB | 31 kB | 16 kB | 2.0/9.3 MB
Progress (5): 49 kB | 35 kB | 31 kB | 16 kB | 2.0/9.3 MB
Progress (5): 49 kB | 35 kB | 31 kB | 16 kB | 2.0/9.3 MB
Progress (5): 49 kB | 35 kB | 31 kB | 16 kB | 2.0/9.3 MB
Progress (5): 49 kB | 35 kB | 31 kB | 16 kB | 2.0/9.3 MB
Progress (5): 49 kB | 35 kB | 31 kB | 16 kB | 2.0/9.3 MB
Progress (5): 49 kB | 35 kB | 31 kB | 16 kB | 2.1/9.3 MB
Progress (5): 49 kB | 35 kB | 31 kB | 16 kB | 2.1/9.3 MB
Progress (5): 49 kB | 35 kB | 31 kB | 16 kB | 2.1/9.3 MB
Progress (5): 49 kB | 35 kB | 31 kB | 16 kB | 2.1/9.3 MB
Progress (5): 49 kB | 35 kB | 31 kB | 16 kB | 2.1/9.3 MB
Progress (5): 49 kB | 35 kB | 31 kB | 16 kB | 2.1/9.3 MB
Progress (5): 49 kB | 35 kB | 31 kB | 16 kB | 2.2/9.3 MB
Progress (5): 49 kB | 35 kB | 31 kB | 16 kB | 2.2/9.3 MB
Progress (5): 49 kB | 35 kB | 31 kB | 16 kB | 2.2/9.3 MB
Progress (5): 49 kB | 35 kB | 31 kB | 16 kB | 2.2/9.3 MB
Progress (5): 49 kB | 35 kB | 31 kB | 16 kB | 2.2/9.3 MB
Progress (5): 49 kB | 35 kB | 31 kB | 16 kB | 2.2/9.3 MB
Progress (5): 49 kB | 35 kB | 31 kB | 16 kB | 2.3/9.3 MB
Progress (5): 49 kB | 35 kB | 31 kB | 16 kB | 2.3/9.3 MB
Progress (5): 49 kB | 35 kB | 31 kB | 16 kB | 2.3/9.3 MB
Progress (5): 49 kB | 35 kB | 31 kB | 16 kB | 2.3/9.3 MB
Progress (5): 49 kB | 35 kB | 31 kB | 16 kB | 2.3/9.3 MB
Progress (5): 49 kB | 35 kB | 31 kB | 16 kB | 2.3/9.3 MB
Progress (5): 49 kB | 35 kB | 31 kB | 16 kB | 2.3/9.3 MB
Progress (5): 49 kB | 35 kB | 31 kB | 16 kB | 2.4/9.3 MB
Progress (5): 49 kB | 35 kB | 31 kB | 16 kB | 2.4/9.3 MB
Progress (5): 49 kB | 35 kB | 31 kB | 16 kB | 2.4/9.3 MB
Progress (5): 49 kB | 35 kB | 31 kB | 16 kB | 2.4/9.3 MB
Progress (5): 49 kB | 35 kB | 31 kB | 16 kB | 2.4/9.3 MB
Progress (5): 49 kB | 35 kB | 31 kB | 16 kB | 2.4/9.3 MB
Progress (5): 49 kB | 35 kB | 31 kB | 16 kB | 2.5/9.3 MB
Progress (5): 49 kB | 35 kB | 31 kB | 16 kB | 2.5/9.3 MB
Progress (5): 49 kB | 35 kB | 31 kB | 16 kB | 2.5/9.3 MB
Progress (5): 49 kB | 35 kB | 31 kB | 16 kB | 2.5/9.3 MB
Progress (5): 49 kB | 35 kB | 31 kB | 16 kB | 2.5/9.3 MB
Progress (5): 49 kB | 35 kB | 31 kB | 16 kB | 2.5/9.3 MB
Progress (5): 49 kB | 35 kB | 31 kB | 16 kB | 2.5/9.3 MB
Progress (5): 49 kB | 35 kB | 31 kB | 16 kB | 2.5/9.3 MB
Progress (5): 49 kB | 35 kB | 31 kB | 16 kB | 2.6/9.3 MB
Progress (5): 49 kB | 35 kB | 31 kB | 16 kB | 2.6/9.3 MB
Progress (5): 49 kB | 35 kB | 31 kB | 16 kB | 2.6/9.3 MB
Progress (5): 49 kB | 35 kB | 31 kB | 16 kB | 2.6/9.3 MB
Progress (5): 49 kB | 35 kB | 31 kB | 16 kB | 2.6/9.3 MB
Progress (5): 49 kB | 35 kB | 31 kB | 16 kB | 2.6/9.3 MB
Progress (5): 49 kB | 35 kB | 31 kB | 16 kB | 2.7/9.3 MB
Progress (5): 49 kB | 35 kB | 31 kB | 16 kB | 2.7/9.3 MB
Progress (5): 49 kB | 35 kB | 31 kB | 16 kB | 2.7/9.3 MB
Progress (5): 49 kB | 35 kB | 31 kB | 16 kB | 2.7/9.3 MB
Progress (5): 49 kB | 35 kB | 31 kB | 16 kB | 2.7/9.3 MB
Progress (5): 49 kB | 35 kB | 31 kB | 16 kB | 2.7/9.3 MB
Progress (5): 49 kB | 35 kB | 31 kB | 16 kB | 2.7/9.3 MB
Progress (5): 49 kB | 35 kB | 31 kB | 16 kB | 2.8/9.3 MB
Progress (5): 49 kB | 35 kB | 31 kB | 16 kB | 2.8/9.3 MB
Progress (5): 49 kB | 35 kB | 31 kB | 16 kB | 2.8/9.3 MB
Progress (5): 49 kB | 35 kB | 31 kB | 16 kB | 2.8/9.3 MB
Progress (5): 49 kB | 35 kB | 31 kB | 16 kB | 2.8/9.3 MB
Progress (5): 49 kB | 35 kB | 31 kB | 16 kB | 2.8/9.3 MB
Progress (5): 49 kB | 35 kB | 31 kB | 16 kB | 2.9/9.3 MB
Progress (5): 49 kB | 35 kB | 31 kB | 16 kB | 2.9/9.3 MB
Progress (5): 49 kB | 35 kB | 31 kB | 16 kB | 2.9/9.3 MB
Progress (5): 49 kB | 35 kB | 31 kB | 16 kB | 2.9/9.3 MB
Progress (5): 49 kB | 35 kB | 31 kB | 16 kB | 2.9/9.3 MB
Progress (5): 49 kB | 35 kB | 31 kB | 16 kB | 2.9/9.3 MB
Progress (5): 49 kB | 35 kB | 31 kB | 16 kB | 3.0/9.3 MB
Progress (5): 49 kB | 35 kB | 31 kB | 16 kB | 3.0/9.3 MB
Progress (5): 49 kB | 35 kB | 31 kB | 16 kB | 3.0/9.3 MB
Progress (5): 49 kB | 35 kB | 31 kB | 16 kB | 3.0/9.3 MB
Progress (5): 49 kB | 35 kB | 31 kB | 16 kB | 3.0/9.3 MB
Progress (5): 49 kB | 35 kB | 31 kB | 16 kB | 3.0/9.3 MB
Progress (5): 49 kB | 35 kB | 31 kB | 16 kB | 3.0/9.3 MB
Progress (5): 49 kB | 35 kB | 31 kB | 16 kB | 3.0/9.3 MB
Progress (5): 49 kB | 35 kB | 31 kB | 16 kB | 3.0/9.3 MB
Progress (5): 49 kB | 35 kB | 31 kB | 16 kB | 3.1/9.3 MB
Progress (5): 49 kB | 35 kB | 31 kB | 16 kB | 3.1/9.3 MB
Progress (5): 49 kB | 35 kB | 31 kB | 16 kB | 3.1/9.3 MB
Progress (5): 49 kB | 35 kB | 31 kB | 16 kB | 3.1/9.3 MB
Progress (5): 49 kB | 35 kB | 31 kB | 16 kB | 3.1/9.3 MB
Progress (5): 49 kB | 35 kB | 31 kB | 16 kB | 3.1/9.3 MB
Progress (5): 49 kB | 35 kB | 31 kB | 16 kB | 3.1/9.3 MB
Progress (5): 49 kB | 35 kB | 31 kB | 16 kB | 3.1/9.3 MB
Progress (5): 49 kB | 35 kB | 31 kB | 16 kB | 3.2/9.3 MB
Progress (5): 49 kB | 35 kB | 31 kB | 16 kB | 3.2/9.3 MB
Progress (5): 49 kB | 35 kB | 31 kB | 16 kB | 3.2/9.3 MB
Progress (5): 49 kB | 35 kB | 31 kB | 16 kB | 3.2/9.3 MB
Progress (5): 49 kB | 35 kB | 31 kB | 16 kB | 3.2/9.3 MB
Progress (5): 49 kB | 35 kB | 31 kB | 16 kB | 3.2/9.3 MB
Progress (5): 49 kB | 35 kB | 31 kB | 16 kB | 3.3/9.3 MB
Progress (5): 49 kB | 35 kB | 31 kB | 16 kB | 3.3/9.3 MB
Progress (5): 49 kB | 35 kB | 31 kB | 16 kB | 3.3/9.3 MB
Progress (5): 49 kB | 35 kB | 31 kB | 16 kB | 3.3/9.3 MB
Progress (5): 49 kB | 35 kB | 31 kB | 16 kB | 3.3/9.3 MB
Progress (5): 49 kB | 35 kB | 31 kB | 16 kB | 3.3/9.3 MB
Progress (5): 49 kB | 35 kB | 31 kB | 16 kB | 3.3/9.3 MB
Progress (5): 49 kB | 35 kB | 31 kB | 16 kB | 3.3/9.3 MB
Progress (5): 49 kB | 35 kB | 31 kB | 16 kB | 3.4/9.3 MB
Progress (5): 49 kB | 35 kB | 31 kB | 16 kB | 3.4/9.3 MB
Progress (5): 49 kB | 35 kB | 31 kB | 16 kB | 3.4/9.3 MB
Progress (5): 49 kB | 35 kB | 31 kB | 16 kB | 3.4/9.3 MB
Progress (5): 49 kB | 35 kB | 31 kB | 16 kB | 3.4/9.3 MB
Progress (5): 49 kB | 35 kB | 31 kB | 16 kB | 3.4/9.3 MB
Progress (5): 49 kB | 35 kB | 31 kB | 16 kB | 3.5/9.3 MB
Progress (5): 49 kB | 35 kB | 31 kB | 16 kB | 3.5/9.3 MB
Progress (5): 49 kB | 35 kB | 31 kB | 16 kB | 3.5/9.3 MB
Progress (5): 49 kB | 35 kB | 31 kB | 16 kB | 3.5/9.3 MB
Progress (5): 49 kB | 35 kB | 31 kB | 16 kB | 3.5/9.3 MB
Progress (5): 49 kB | 35 kB | 31 kB | 16 kB | 3.5/9.3 MB
Progress (5): 49 kB | 35 kB | 31 kB | 16 kB | 3.5/9.3 MB
Progress (5): 49 kB | 35 kB | 31 kB | 16 kB | 3.6/9.3 MB
Progress (5): 49 kB | 35 kB | 31 kB | 16 kB | 3.6/9.3 MB
Progress (5): 49 kB | 35 kB | 31 kB | 16 kB | 3.6/9.3 MB
Progress (5): 49 kB | 35 kB | 31 kB | 16 kB | 3.6/9.3 MB
Progress (5): 49 kB | 35 kB | 31 kB | 16 kB | 3.6/9.3 MB
Progress (5): 49 kB | 35 kB | 31 kB | 16 kB | 3.6/9.3 MB
Progress (5): 49 kB | 35 kB | 31 kB | 16 kB | 3.6/9.3 MB
Progress (5): 49 kB | 35 kB | 31 kB | 16 kB | 3.7/9.3 MB
Progress (5): 49 kB | 35 kB | 31 kB | 16 kB | 3.7/9.3 MB
Progress (5): 49 kB | 35 kB | 31 kB | 16 kB | 3.7/9.3 MB
Progress (5): 49 kB | 35 kB | 31 kB | 16 kB | 3.7/9.3 MB
Progress (5): 49 kB | 35 kB | 31 kB | 16 kB | 3.7/9.3 MB
Progress (5): 49 kB | 35 kB | 31 kB | 16 kB | 3.7/9.3 MB
Progress (5): 49 kB | 35 kB | 31 kB | 16 kB | 3.8/9.3 MB
Progress (5): 49 kB | 35 kB | 31 kB | 16 kB | 3.8/9.3 MB
Progress (5): 49 kB | 35 kB | 31 kB | 16 kB | 3.8/9.3 MB
Progress (5): 49 kB | 35 kB | 31 kB | 16 kB | 3.8/9.3 MB
Progress (5): 49 kB | 35 kB | 31 kB | 16 kB | 3.8/9.3 MB
Progress (5): 49 kB | 35 kB | 31 kB | 16 kB | 3.8/9.3 MB
Progress (5): 49 kB | 35 kB | 31 kB | 16 kB | 3.9/9.3 MB
Progress (5): 49 kB | 35 kB | 31 kB | 16 kB | 3.9/9.3 MB
Progress (5): 49 kB | 35 kB | 31 kB | 16 kB | 3.9/9.3 MB
Progress (5): 49 kB | 35 kB | 31 kB | 16 kB | 3.9/9.3 MB
Progress (5): 49 kB | 35 kB | 31 kB | 16 kB | 3.9/9.3 MB
Progress (5): 49 kB | 35 kB | 31 kB | 16 kB | 3.9/9.3 MB
Progress (5): 49 kB | 35 kB | 31 kB | 16 kB | 3.9/9.3 MB
Progress (5): 49 kB | 35 kB | 31 kB | 16 kB | 4.0/9.3 MB
Progress (5): 49 kB | 35 kB | 31 kB | 16 kB | 4.0/9.3 MB
Progress (5): 49 kB | 35 kB | 31 kB | 16 kB | 4.0/9.3 MB
Progress (5): 49 kB | 35 kB | 31 kB | 16 kB | 4.0/9.3 MB
Progress (5): 49 kB | 35 kB | 31 kB | 16 kB | 4.0/9.3 MB
Progress (5): 49 kB | 35 kB | 31 kB | 16 kB | 4.0/9.3 MB
Progress (5): 49 kB | 35 kB | 31 kB | 16 kB | 4.1/9.3 MB
Progress (5): 49 kB | 35 kB | 31 kB | 16 kB | 4.1/9.3 MB
Progress (5): 49 kB | 35 kB | 31 kB | 16 kB | 4.1/9.3 MB
Progress (5): 49 kB | 35 kB | 31 kB | 16 kB | 4.1/9.3 MB
Progress (5): 49 kB | 35 kB | 31 kB | 16 kB | 4.1/9.3 MB
Progress (5): 49 kB | 35 kB | 31 kB | 16 kB | 4.1/9.3 MB
Progress (5): 49 kB | 35 kB | 31 kB | 16 kB | 4.2/9.3 MB
Progress (5): 49 kB | 35 kB | 31 kB | 16 kB | 4.2/9.3 MB
Progress (5): 49 kB | 35 kB | 31 kB | 16 kB | 4.2/9.3 MB
Progress (5): 49 kB | 35 kB | 31 kB | 16 kB | 4.2/9.3 MB
Progress (5): 49 kB | 35 kB | 31 kB | 16 kB | 4.2/9.3 MB
Progress (5): 49 kB | 35 kB | 31 kB | 16 kB | 4.2/9.3 MB
Progress (5): 49 kB | 35 kB | 31 kB | 16 kB | 4.3/9.3 MB
Progress (5): 49 kB | 35 kB | 31 kB | 16 kB | 4.3/9.3 MB
Progress (5): 49 kB | 35 kB | 31 kB | 16 kB | 4.3/9.3 MB
Progress (5): 49 kB | 35 kB | 31 kB | 16 kB | 4.3/9.3 MB
Progress (5): 49 kB | 35 kB | 31 kB | 16 kB | 4.3/9.3 MB
Progress (5): 49 kB | 35 kB | 31 kB | 16 kB | 4.3/9.3 MB
Progress (5): 49 kB | 35 kB | 31 kB | 16 kB | 4.3/9.3 MB
Progress (5): 49 kB | 35 kB | 31 kB | 16 kB | 4.4/9.3 MB
Progress (5): 49 kB | 35 kB | 31 kB | 16 kB | 4.4/9.3 MB
Progress (5): 49 kB | 35 kB | 31 kB | 16 kB | 4.4/9.3 MB
Progress (5): 49 kB | 35 kB | 31 kB | 16 kB | 4.4/9.3 MB
Progress (5): 49 kB | 35 kB | 31 kB | 16 kB | 4.4/9.3 MB
Progress (5): 49 kB | 35 kB | 31 kB | 16 kB | 4.4/9.3 MB
Progress (5): 49 kB | 35 kB | 31 kB | 16 kB | 4.5/9.3 MB
Progress (5): 49 kB | 35 kB | 31 kB | 16 kB | 4.5/9.3 MB
Progress (5): 49 kB | 35 kB | 31 kB | 16 kB | 4.5/9.3 MB
Progress (5): 49 kB | 35 kB | 31 kB | 16 kB | 4.5/9.3 MB
Progress (5): 49 kB | 35 kB | 31 kB | 16 kB | 4.5/9.3 MB
Progress (5): 49 kB | 35 kB | 31 kB | 16 kB | 4.5/9.3 MB
Progress (5): 49 kB | 35 kB | 31 kB | 16 kB | 4.6/9.3 MB
Progress (5): 49 kB | 35 kB | 31 kB | 16 kB | 4.6/9.3 MB
Progress (5): 49 kB | 35 kB | 31 kB | 16 kB | 4.6/9.3 MB
Progress (5): 49 kB | 35 kB | 31 kB | 16 kB | 4.6/9.3 MB
Progress (5): 49 kB | 35 kB | 31 kB | 16 kB | 4.6/9.3 MB
Progress (5): 49 kB | 35 kB | 31 kB | 16 kB | 4.6/9.3 MB
Progress (5): 49 kB | 35 kB | 31 kB | 16 kB | 4.7/9.3 MB
Progress (5): 49 kB | 35 kB | 31 kB | 16 kB | 4.7/9.3 MB
Progress (5): 49 kB | 35 kB | 31 kB | 16 kB | 4.7/9.3 MB
Progress (5): 49 kB | 35 kB | 31 kB | 16 kB | 4.7/9.3 MB
Progress (5): 49 kB | 35 kB | 31 kB | 16 kB | 4.7/9.3 MB
Progress (5): 49 kB | 35 kB | 31 kB | 16 kB | 4.7/9.3 MB
Progress (5): 49 kB | 35 kB | 31 kB | 16 kB | 4.8/9.3 MB
Progress (5): 49 kB | 35 kB | 31 kB | 16 kB | 4.8/9.3 MB
Progress (5): 49 kB | 35 kB | 31 kB | 16 kB | 4.8/9.3 MB
Progress (5): 49 kB | 35 kB | 31 kB | 16 kB | 4.8/9.3 MB
Progress (5): 49 kB | 35 kB | 31 kB | 16 kB | 4.8/9.3 MB
Progress (5): 49 kB | 35 kB | 31 kB | 16 kB | 4.8/9.3 MB
Progress (5): 49 kB | 35 kB | 31 kB | 16 kB | 4.9/9.3 MB
Progress (5): 49 kB | 35 kB | 31 kB | 16 kB | 4.9/9.3 MB
Progress (5): 49 kB | 35 kB | 31 kB | 16 kB | 4.9/9.3 MB
Progress (5): 49 kB | 35 kB | 31 kB | 16 kB | 4.9/9.3 MB
Progress (5): 49 kB | 35 kB | 31 kB | 16 kB | 4.9/9.3 MB
Progress (5): 49 kB | 35 kB | 31 kB | 16 kB | 4.9/9.3 MB
Progress (5): 49 kB | 35 kB | 31 kB | 16 kB | 5.0/9.3 MB
Progress (5): 49 kB | 35 kB | 31 kB | 16 kB | 5.0/9.3 MB
Progress (5): 49 kB | 35 kB | 31 kB | 16 kB | 5.0/9.3 MB
Progress (5): 49 kB | 35 kB | 31 kB | 16 kB | 5.0/9.3 MB
Progress (5): 49 kB | 35 kB | 31 kB | 16 kB | 5.0/9.3 MB
Progress (5): 49 kB | 35 kB | 31 kB | 16 kB | 5.0/9.3 MB
Progress (5): 49 kB | 35 kB | 31 kB | 16 kB | 5.1/9.3 MB
Progress (5): 49 kB | 35 kB | 31 kB | 16 kB | 5.1/9.3 MB
Progress (5): 49 kB | 35 kB | 31 kB | 16 kB | 5.1/9.3 MB
Progress (5): 49 kB | 35 kB | 31 kB | 16 kB | 5.1/9.3 MB
Progress (5): 49 kB | 35 kB | 31 kB | 16 kB | 5.1/9.3 MB
Progress (5): 49 kB | 35 kB | 31 kB | 16 kB | 5.1/9.3 MB
Progress (5): 49 kB | 35 kB | 31 kB | 16 kB | 5.2/9.3 MB
Progress (5): 49 kB | 35 kB | 31 kB | 16 kB | 5.2/9.3 MB
Progress (5): 49 kB | 35 kB | 31 kB | 16 kB | 5.2/9.3 MB
Progress (5): 49 kB | 35 kB | 31 kB | 16 kB | 5.2/9.3 MB
Progress (5): 49 kB | 35 kB | 31 kB | 16 kB | 5.2/9.3 MB
Progress (5): 49 kB | 35 kB | 31 kB | 16 kB | 5.2/9.3 MB
Progress (5): 49 kB | 35 kB | 31 kB | 16 kB | 5.3/9.3 MB
Progress (5): 49 kB | 35 kB | 31 kB | 16 kB | 5.3/9.3 MB
Progress (5): 49 kB | 35 kB | 31 kB | 16 kB | 5.3/9.3 MB
Progress (5): 49 kB | 35 kB | 31 kB | 16 kB | 5.3/9.3 MB
Progress (5): 49 kB | 35 kB | 31 kB | 16 kB | 5.3/9.3 MB
Progress (5): 49 kB | 35 kB | 31 kB | 16 kB | 5.3/9.3 MB
Progress (5): 49 kB | 35 kB | 31 kB | 16 kB | 5.3/9.3 MB
Progress (5): 49 kB | 35 kB | 31 kB | 16 kB | 5.4/9.3 MB
Progress (5): 49 kB | 35 kB | 31 kB | 16 kB | 5.4/9.3 MB
Progress (5): 49 kB | 35 kB | 31 kB | 16 kB | 5.4/9.3 MB
Progress (5): 49 kB | 35 kB | 31 kB | 16 kB | 5.4/9.3 MB
Progress (5): 49 kB | 35 kB | 31 kB | 16 kB | 5.4/9.3 MB
Progress (5): 49 kB | 35 kB | 31 kB | 16 kB | 5.4/9.3 MB
Progress (5): 49 kB | 35 kB | 31 kB | 16 kB | 5.5/9.3 MB
Progress (5): 49 kB | 35 kB | 31 kB | 16 kB | 5.5/9.3 MB
Progress (5): 49 kB | 35 kB | 31 kB | 16 kB | 5.5/9.3 MB
Progress (5): 49 kB | 35 kB | 31 kB | 16 kB | 5.5/9.3 MB
Progress (5): 49 kB | 35 kB | 31 kB | 16 kB | 5.5/9.3 MB
Progress (5): 49 kB | 35 kB | 31 kB | 16 kB | 5.5/9.3 MB
Progress (5): 49 kB | 35 kB | 31 kB | 16 kB | 5.6/9.3 MB
Progress (5): 49 kB | 35 kB | 31 kB | 16 kB | 5.6/9.3 MB
Progress (5): 49 kB | 35 kB | 31 kB | 16 kB | 5.6/9.3 MB
Progress (5): 49 kB | 35 kB | 31 kB | 16 kB | 5.6/9.3 MB
Progress (5): 49 kB | 35 kB | 31 kB | 16 kB | 5.6/9.3 MB
Progress (5): 49 kB | 35 kB | 31 kB | 16 kB | 5.6/9.3 MB
Progress (5): 49 kB | 35 kB | 31 kB | 16 kB | 5.7/9.3 MB
Progress (5): 49 kB | 35 kB | 31 kB | 16 kB | 5.7/9.3 MB
Progress (5): 49 kB | 35 kB | 31 kB | 16 kB | 5.7/9.3 MB
Progress (5): 49 kB | 35 kB | 31 kB | 16 kB | 5.7/9.3 MB
Progress (5): 49 kB | 35 kB | 31 kB | 16 kB | 5.7/9.3 MB
Progress (5): 49 kB | 35 kB | 31 kB | 16 kB | 5.7/9.3 MB
Progress (5): 49 kB | 35 kB | 31 kB | 16 kB | 5.8/9.3 MB
Progress (5): 49 kB | 35 kB | 31 kB | 16 kB | 5.8/9.3 MB
Progress (5): 49 kB | 35 kB | 31 kB | 16 kB | 5.8/9.3 MB
Progress (5): 49 kB | 35 kB | 31 kB | 16 kB | 5.8/9.3 MB
Progress (5): 49 kB | 35 kB | 31 kB | 16 kB | 5.8/9.3 MB
Progress (5): 49 kB | 35 kB | 31 kB | 16 kB | 5.8/9.3 MB
Progress (5): 49 kB | 35 kB | 31 kB | 16 kB | 5.9/9.3 MB
Progress (5): 49 kB | 35 kB | 31 kB | 16 kB | 5.9/9.3 MB
Progress (5): 49 kB | 35 kB | 31 kB | 16 kB | 5.9/9.3 MB
Progress (5): 49 kB | 35 kB | 31 kB | 16 kB | 5.9/9.3 MB
Progress (5): 49 kB | 35 kB | 31 kB | 16 kB | 5.9/9.3 MB
Progress (5): 49 kB | 35 kB | 31 kB | 16 kB | 5.9/9.3 MB
Progress (5): 49 kB | 35 kB | 31 kB | 16 kB | 6.0/9.3 MB
Progress (5): 49 kB | 35 kB | 31 kB | 16 kB | 6.0/9.3 MB
Progress (5): 49 kB | 35 kB | 31 kB | 16 kB | 6.0/9.3 MB
Progress (5): 49 kB | 35 kB | 31 kB | 16 kB | 6.0/9.3 MB
Progress (5): 49 kB | 35 kB | 31 kB | 16 kB | 6.0/9.3 MB
Progress (5): 49 kB | 35 kB | 31 kB | 16 kB | 6.0/9.3 MB
Progress (5): 49 kB | 35 kB | 31 kB | 16 kB | 6.1/9.3 MB
Progress (5): 49 kB | 35 kB | 31 kB | 16 kB | 6.1/9.3 MB
Progress (5): 49 kB | 35 kB | 31 kB | 16 kB | 6.1/9.3 MB
Progress (5): 49 kB | 35 kB | 31 kB | 16 kB | 6.1/9.3 MB
Progress (5): 49 kB | 35 kB | 31 kB | 16 kB | 6.1/9.3 MB
Progress (5): 49 kB | 35 kB | 31 kB | 16 kB | 6.1/9.3 MB
Progress (5): 49 kB | 35 kB | 31 kB | 16 kB | 6.2/9.3 MB
Progress (5): 49 kB | 35 kB | 31 kB | 16 kB | 6.2/9.3 MB
Progress (5): 49 kB | 35 kB | 31 kB | 16 kB | 6.2/9.3 MB
Progress (5): 49 kB | 35 kB | 31 kB | 16 kB | 6.2/9.3 MB
Progress (5): 49 kB | 35 kB | 31 kB | 16 kB | 6.2/9.3 MB
Progress (5): 49 kB | 35 kB | 31 kB | 16 kB | 6.2/9.3 MB
Progress (5): 49 kB | 35 kB | 31 kB | 16 kB | 6.2/9.3 MB
Progress (5): 49 kB | 35 kB | 31 kB | 16 kB | 6.3/9.3 MB
Progress (5): 49 kB | 35 kB | 31 kB | 16 kB | 6.3/9.3 MB
Progress (5): 49 kB | 35 kB | 31 kB | 16 kB | 6.3/9.3 MB
Progress (5): 49 kB | 35 kB | 31 kB | 16 kB | 6.3/9.3 MB
Progress (5): 49 kB | 35 kB | 31 kB | 16 kB | 6.3/9.3 MB
Progress (5): 49 kB | 35 kB | 31 kB | 16 kB | 6.3/9.3 MB
Progress (5): 49 kB | 35 kB | 31 kB | 16 kB | 6.4/9.3 MB
Progress (5): 49 kB | 35 kB | 31 kB | 16 kB | 6.4/9.3 MB
Progress (5): 49 kB | 35 kB | 31 kB | 16 kB | 6.4/9.3 MB
Progress (5): 49 kB | 35 kB | 31 kB | 16 kB | 6.4/9.3 MB
Progress (5): 49 kB | 35 kB | 31 kB | 16 kB | 6.4/9.3 MB
Progress (5): 49 kB | 35 kB | 31 kB | 16 kB | 6.4/9.3 MB
Progress (5): 49 kB | 35 kB | 31 kB | 16 kB | 6.5/9.3 MB
Progress (5): 49 kB | 35 kB | 31 kB | 16 kB | 6.5/9.3 MB
Progress (5): 49 kB | 35 kB | 31 kB | 16 kB | 6.5/9.3 MB
Progress (5): 49 kB | 35 kB | 31 kB | 16 kB | 6.5/9.3 MB
Progress (5): 49 kB | 35 kB | 31 kB | 16 kB | 6.5/9.3 MB
Progress (5): 49 kB | 35 kB | 31 kB | 16 kB | 6.5/9.3 MB
Progress (5): 49 kB | 35 kB | 31 kB | 16 kB | 6.6/9.3 MB
Progress (5): 49 kB | 35 kB | 31 kB | 16 kB | 6.6/9.3 MB
Progress (5): 49 kB | 35 kB | 31 kB | 16 kB | 6.6/9.3 MB
Progress (5): 49 kB | 35 kB | 31 kB | 16 kB | 6.6/9.3 MB
Progress (5): 49 kB | 35 kB | 31 kB | 16 kB | 6.6/9.3 MB
Progress (5): 49 kB | 35 kB | 31 kB | 16 kB | 6.6/9.3 MB
Progress (5): 49 kB | 35 kB | 31 kB | 16 kB | 6.7/9.3 MB
Progress (5): 49 kB | 35 kB | 31 kB | 16 kB | 6.7/9.3 MB
Progress (5): 49 kB | 35 kB | 31 kB | 16 kB | 6.7/9.3 MB
Progress (5): 49 kB | 35 kB | 31 kB | 16 kB | 6.7/9.3 MB
Progress (5): 49 kB | 35 kB | 31 kB | 16 kB | 6.7/9.3 MB
Progress (5): 49 kB | 35 kB | 31 kB | 16 kB | 6.7/9.3 MB
Progress (5): 49 kB | 35 kB | 31 kB | 16 kB | 6.8/9.3 MB
Progress (5): 49 kB | 35 kB | 31 kB | 16 kB | 6.8/9.3 MB
Progress (5): 49 kB | 35 kB | 31 kB | 16 kB | 6.8/9.3 MB
Progress (5): 49 kB | 35 kB | 31 kB | 16 kB | 6.8/9.3 MB
Progress (5): 49 kB | 35 kB | 31 kB | 16 kB | 6.8/9.3 MB
Progress (5): 49 kB | 35 kB | 31 kB | 16 kB | 6.8/9.3 MB
Progress (5): 49 kB | 35 kB | 31 kB | 16 kB | 6.9/9.3 MB
Progress (5): 49 kB | 35 kB | 31 kB | 16 kB | 6.9/9.3 MB
Progress (5): 49 kB | 35 kB | 31 kB | 16 kB | 6.9/9.3 MB
Progress (5): 49 kB | 35 kB | 31 kB | 16 kB | 6.9/9.3 MB
Progress (5): 49 kB | 35 kB | 31 kB | 16 kB | 6.9/9.3 MB
Progress (5): 49 kB | 35 kB | 31 kB | 16 kB | 6.9/9.3 MB
Progress (5): 49 kB | 35 kB | 31 kB | 16 kB | 7.0/9.3 MB
Progress (5): 49 kB | 35 kB | 31 kB | 16 kB | 7.0/9.3 MB
Progress (5): 49 kB | 35 kB | 31 kB | 16 kB | 7.0/9.3 MB
Progress (5): 49 kB | 35 kB | 31 kB | 16 kB | 7.0/9.3 MB
Progress (5): 49 kB | 35 kB | 31 kB | 16 kB | 7.0/9.3 MB
Progress (5): 49 kB | 35 kB | 31 kB | 16 kB | 7.0/9.3 MB
Progress (5): 49 kB | 35 kB | 31 kB | 16 kB | 7.1/9.3 MB
Progress (5): 49 kB | 35 kB | 31 kB | 16 kB | 7.1/9.3 MB
Progress (5): 49 kB | 35 kB | 31 kB | 16 kB | 7.1/9.3 MB
Progress (5): 49 kB | 35 kB | 31 kB | 16 kB | 7.1/9.3 MB
Progress (5): 49 kB | 35 kB | 31 kB | 16 kB | 7.1/9.3 MB
Progress (5): 49 kB | 35 kB | 31 kB | 16 kB | 7.1/9.3 MB
Progress (5): 49 kB | 35 kB | 31 kB | 16 kB | 7.2/9.3 MB
Progress (5): 49 kB | 35 kB | 31 kB | 16 kB | 7.2/9.3 MB
Progress (5): 49 kB | 35 kB | 31 kB | 16 kB | 7.2/9.3 MB
Progress (5): 49 kB | 35 kB | 31 kB | 16 kB | 7.2/9.3 MB
Progress (5): 49 kB | 35 kB | 31 kB | 16 kB | 7.2/9.3 MB
Progress (5): 49 kB | 35 kB | 31 kB | 16 kB | 7.2/9.3 MB
Progress (5): 49 kB | 35 kB | 31 kB | 16 kB | 7.2/9.3 MB
Progress (5): 49 kB | 35 kB | 31 kB | 16 kB | 7.3/9.3 MB
Progress (5): 49 kB | 35 kB | 31 kB | 16 kB | 7.3/9.3 MB
Progress (5): 49 kB | 35 kB | 31 kB | 16 kB | 7.3/9.3 MB
Progress (5): 49 kB | 35 kB | 31 kB | 16 kB | 7.3/9.3 MB
Progress (5): 49 kB | 35 kB | 31 kB | 16 kB | 7.3/9.3 MB
Progress (5): 49 kB | 35 kB | 31 kB | 16 kB | 7.3/9.3 MB
Progress (5): 49 kB | 35 kB | 31 kB | 16 kB | 7.4/9.3 MB
Progress (5): 49 kB | 35 kB | 31 kB | 16 kB | 7.4/9.3 MB
Progress (5): 49 kB | 35 kB | 31 kB | 16 kB | 7.4/9.3 MB
Progress (5): 49 kB | 35 kB | 31 kB | 16 kB | 7.4/9.3 MB
Progress (5): 49 kB | 35 kB | 31 kB | 16 kB | 7.4/9.3 MB
Progress (5): 49 kB | 35 kB | 31 kB | 16 kB | 7.4/9.3 MB
Progress (5): 49 kB | 35 kB | 31 kB | 16 kB | 7.5/9.3 MB
Progress (5): 49 kB | 35 kB | 31 kB | 16 kB | 7.5/9.3 MB
Progress (5): 49 kB | 35 kB | 31 kB | 16 kB | 7.5/9.3 MB
Progress (5): 49 kB | 35 kB | 31 kB | 16 kB | 7.5/9.3 MB
Progress (5): 49 kB | 35 kB | 31 kB | 16 kB | 7.5/9.3 MB
Progress (5): 49 kB | 35 kB | 31 kB | 16 kB | 7.5/9.3 MB
Progress (5): 49 kB | 35 kB | 31 kB | 16 kB | 7.6/9.3 MB
Progress (5): 49 kB | 35 kB | 31 kB | 16 kB | 7.6/9.3 MB
Progress (5): 49 kB | 35 kB | 31 kB | 16 kB | 7.6/9.3 MB
Progress (5): 49 kB | 35 kB | 31 kB | 16 kB | 7.6/9.3 MB
Progress (5): 49 kB | 35 kB | 31 kB | 16 kB | 7.6/9.3 MB
Progress (5): 49 kB | 35 kB | 31 kB | 16 kB | 7.6/9.3 MB
Progress (5): 49 kB | 35 kB | 31 kB | 16 kB | 7.7/9.3 MB
Progress (5): 49 kB | 35 kB | 31 kB | 16 kB | 7.7/9.3 MB
Progress (5): 49 kB | 35 kB | 31 kB | 16 kB | 7.7/9.3 MB
Progress (5): 49 kB | 35 kB | 31 kB | 16 kB | 7.7/9.3 MB
Progress (5): 49 kB | 35 kB | 31 kB | 16 kB | 7.7/9.3 MB
Progress (5): 49 kB | 35 kB | 31 kB | 16 kB | 7.7/9.3 MB
Progress (5): 49 kB | 35 kB | 31 kB | 16 kB | 7.8/9.3 MB
Progress (5): 49 kB | 35 kB | 31 kB | 16 kB | 7.8/9.3 MB
Progress (5): 49 kB | 35 kB | 31 kB | 16 kB | 7.8/9.3 MB
Progress (5): 49 kB | 35 kB | 31 kB | 16 kB | 7.8/9.3 MB
Progress (5): 49 kB | 35 kB | 31 kB | 16 kB | 7.8/9.3 MB
Progress (5): 49 kB | 35 kB | 31 kB | 16 kB | 7.8/9.3 MB
Progress (5): 49 kB | 35 kB | 31 kB | 16 kB | 7.9/9.3 MB
Progress (5): 49 kB | 35 kB | 31 kB | 16 kB | 7.9/9.3 MB
Progress (5): 49 kB | 35 kB | 31 kB | 16 kB | 7.9/9.3 MB
Progress (5): 49 kB | 35 kB | 31 kB | 16 kB | 7.9/9.3 MB
Progress (5): 49 kB | 35 kB | 31 kB | 16 kB | 7.9/9.3 MB
Progress (5): 49 kB | 35 kB | 31 kB | 16 kB | 7.9/9.3 MB
Progress (5): 49 kB | 35 kB | 31 kB | 16 kB | 8.0/9.3 MB
Progress (5): 49 kB | 35 kB | 31 kB | 16 kB | 8.0/9.3 MB
Progress (5): 49 kB | 35 kB | 31 kB | 16 kB | 8.0/9.3 MB
Progress (5): 49 kB | 35 kB | 31 kB | 16 kB | 8.0/9.3 MB
Progress (5): 49 kB | 35 kB | 31 kB | 16 kB | 8.0/9.3 MB
Progress (5): 49 kB | 35 kB | 31 kB | 16 kB | 8.0/9.3 MB
Progress (5): 49 kB | 35 kB | 31 kB | 16 kB | 8.1/9.3 MB
Progress (5): 49 kB | 35 kB | 31 kB | 16 kB | 8.1/9.3 MB
Progress (5): 49 kB | 35 kB | 31 kB | 16 kB | 8.1/9.3 MB
Progress (5): 49 kB | 35 kB | 31 kB | 16 kB | 8.1/9.3 MB
Progress (5): 49 kB | 35 kB | 31 kB | 16 kB | 8.1/9.3 MB
Progress (5): 49 kB | 35 kB | 31 kB | 16 kB | 8.1/9.3 MB
Progress (5): 49 kB | 35 kB | 31 kB | 16 kB | 8.2/9.3 MB
Progress (5): 49 kB | 35 kB | 31 kB | 16 kB | 8.2/9.3 MB
Progress (5): 49 kB | 35 kB | 31 kB | 16 kB | 8.2/9.3 MB
Progress (5): 49 kB | 35 kB | 31 kB | 16 kB | 8.2/9.3 MB
Progress (5): 49 kB | 35 kB | 31 kB | 16 kB | 8.2/9.3 MB
Progress (5): 49 kB | 35 kB | 31 kB | 16 kB | 8.2/9.3 MB
Progress (5): 49 kB | 35 kB | 31 kB | 16 kB | 8.2/9.3 MB
Progress (5): 49 kB | 35 kB | 31 kB | 16 kB | 8.3/9.3 MB
Progress (5): 49 kB | 35 kB | 31 kB | 16 kB | 8.3/9.3 MB
Progress (5): 49 kB | 35 kB | 31 kB | 16 kB | 8.3/9.3 MB
Progress (5): 49 kB | 35 kB | 31 kB | 16 kB | 8.3/9.3 MB
Progress (5): 49 kB | 35 kB | 31 kB | 16 kB | 8.3/9.3 MB
Progress (5): 49 kB | 35 kB | 31 kB | 16 kB | 8.3/9.3 MB
Progress (5): 49 kB | 35 kB | 31 kB | 16 kB | 8.4/9.3 MB
Progress (5): 49 kB | 35 kB | 31 kB | 16 kB | 8.4/9.3 MB
Progress (5): 49 kB | 35 kB | 31 kB | 16 kB | 8.4/9.3 MB
Progress (5): 49 kB | 35 kB | 31 kB | 16 kB | 8.4/9.3 MB
Progress (5): 49 kB | 35 kB | 31 kB | 16 kB | 8.4/9.3 MB
Progress (5): 49 kB | 35 kB | 31 kB | 16 kB | 8.4/9.3 MB
Progress (5): 49 kB | 35 kB | 31 kB | 16 kB | 8.5/9.3 MB
Progress (5): 49 kB | 35 kB | 31 kB | 16 kB | 8.5/9.3 MB
Progress (5): 49 kB | 35 kB | 31 kB | 16 kB | 8.5/9.3 MB
Progress (5): 49 kB | 35 kB | 31 kB | 16 kB | 8.5/9.3 MB
Progress (5): 49 kB | 35 kB | 31 kB | 16 kB | 8.5/9.3 MB
Progress (5): 49 kB | 35 kB | 31 kB | 16 kB | 8.5/9.3 MB
Progress (5): 49 kB | 35 kB | 31 kB | 16 kB | 8.6/9.3 MB
Progress (5): 49 kB | 35 kB | 31 kB | 16 kB | 8.6/9.3 MB
Progress (5): 49 kB | 35 kB | 31 kB | 16 kB | 8.6/9.3 MB
Progress (5): 49 kB | 35 kB | 31 kB | 16 kB | 8.6/9.3 MB
Progress (5): 49 kB | 35 kB | 31 kB | 16 kB | 8.6/9.3 MB
Progress (5): 49 kB | 35 kB | 31 kB | 16 kB | 8.6/9.3 MB
Progress (5): 49 kB | 35 kB | 31 kB | 16 kB | 8.7/9.3 MB
Progress (5): 49 kB | 35 kB | 31 kB | 16 kB | 8.7/9.3 MB
Progress (5): 49 kB | 35 kB | 31 kB | 16 kB | 8.7/9.3 MB
Progress (5): 49 kB | 35 kB | 31 kB | 16 kB | 8.7/9.3 MB
Progress (5): 49 kB | 35 kB | 31 kB | 16 kB | 8.7/9.3 MB
Progress (5): 49 kB | 35 kB | 31 kB | 16 kB | 8.7/9.3 MB
Progress (5): 49 kB | 35 kB | 31 kB | 16 kB | 8.8/9.3 MB
Progress (5): 49 kB | 35 kB | 31 kB | 16 kB | 8.8/9.3 MB
Progress (5): 49 kB | 35 kB | 31 kB | 16 kB | 8.8/9.3 MB
Progress (5): 49 kB | 35 kB | 31 kB | 16 kB | 8.8/9.3 MB
Progress (5): 49 kB | 35 kB | 31 kB | 16 kB | 8.8/9.3 MB
Progress (5): 49 kB | 35 kB | 31 kB | 16 kB | 8.8/9.3 MB
Progress (5): 49 kB | 35 kB | 31 kB | 16 kB | 8.9/9.3 MB
Progress (5): 49 kB | 35 kB | 31 kB | 16 kB | 8.9/9.3 MB
Progress (5): 49 kB | 35 kB | 31 kB | 16 kB | 8.9/9.3 MB
Progress (5): 49 kB | 35 kB | 31 kB | 16 kB | 8.9/9.3 MB
Progress (5): 49 kB | 35 kB | 31 kB | 16 kB | 8.9/9.3 MB
Progress (5): 49 kB | 35 kB | 31 kB | 16 kB | 8.9/9.3 MB
Progress (5): 49 kB | 35 kB | 31 kB | 16 kB | 9.0/9.3 MB
Progress (5): 49 kB | 35 kB | 31 kB | 16 kB | 9.0/9.3 MB
Progress (5): 49 kB | 35 kB | 31 kB | 16 kB | 9.0/9.3 MB
Progress (5): 49 kB | 35 kB | 31 kB | 16 kB | 9.0/9.3 MB
Progress (5): 49 kB | 35 kB | 31 kB | 16 kB | 9.0/9.3 MB
Progress (5): 49 kB | 35 kB | 31 kB | 16 kB | 9.0/9.3 MB
Progress (5): 49 kB | 35 kB | 31 kB | 16 kB | 9.1/9.3 MB
Progress (5): 49 kB | 35 kB | 31 kB | 16 kB | 9.1/9.3 MB
Progress (5): 49 kB | 35 kB | 31 kB | 16 kB | 9.1/9.3 MB
Progress (5): 49 kB | 35 kB | 31 kB | 16 kB | 9.1/9.3 MB
Progress (5): 49 kB | 35 kB | 31 kB | 16 kB | 9.1/9.3 MB
Progress (5): 49 kB | 35 kB | 31 kB | 16 kB | 9.1/9.3 MB
Progress (5): 49 kB | 35 kB | 31 kB | 16 kB | 9.1/9.3 MB
Progress (5): 49 kB | 35 kB | 31 kB | 16 kB | 9.2/9.3 MB
Progress (5): 49 kB | 35 kB | 31 kB | 16 kB | 9.2/9.3 MB
Progress (5): 49 kB | 35 kB | 31 kB | 16 kB | 9.2/9.3 MB
Progress (5): 49 kB | 35 kB | 31 kB | 16 kB | 9.2/9.3 MB
Progress (5): 49 kB | 35 kB | 31 kB | 16 kB | 9.2/9.3 MB
Progress (5): 49 kB | 35 kB | 31 kB | 16 kB | 9.2/9.3 MB
Progress (5): 49 kB | 35 kB | 31 kB | 16 kB | 9.3/9.3 MB
Progress (5): 49 kB | 35 kB | 31 kB | 16 kB | 9.3/9.3 MB
Progress (5): 49 kB | 35 kB | 31 kB | 16 kB | 9.3/9.3 MB
Progress (5): 49 kB | 35 kB | 31 kB | 16 kB | 9.3/9.3 MB
Progress (5): 49 kB | 35 kB | 31 kB | 16 kB | 9.3/9.3 MB
Progress (5): 49 kB | 35 kB | 31 kB | 16 kB | 9.3 MB    
                                                    
Downloaded from aliyunmaven: https://maven.aliyun.com/repository/public/io/opentelemetry/opentelemetry-exporter-logging-otlp/1.49.0/opentelemetry-exporter-logging-otlp-1.49.0.jar (35 kB at 15 kB/s)
Downloading from aliyunmaven: https://maven.aliyun.com/repository/public/io/perfmark/perfmark-api/0.25.0/perfmark-api-0.25.0.jar
Downloaded from aliyunmaven: https://maven.aliyun.com/repository/public/io/grpc/grpc-context/1.53.0/grpc-context-1.53.0.jar (31 kB at 14 kB/s)
Downloading from aliyunmaven: https://maven.aliyun.com/repository/public/io/grpc/grpc-core/1.53.0/grpc-core-1.53.0.jar
Progress (4): 49 kB | 16 kB | 9.3 MB | 6.7 kB
Progress (5): 49 kB | 16 kB | 9.3 MB | 6.7 kB | 3.4/731 kB
Progress (5): 49 kB | 16 kB | 9.3 MB | 6.7 kB | 20/731 kB 
Progress (5): 49 kB | 16 kB | 9.3 MB | 6.7 kB | 36/731 kB
Progress (5): 49 kB | 16 kB | 9.3 MB | 6.7 kB | 53/731 kB
Progress (5): 49 kB | 16 kB | 9.3 MB | 6.7 kB | 69/731 kB
Progress (5): 49 kB | 16 kB | 9.3 MB | 6.7 kB | 85/731 kB
Progress (5): 49 kB | 16 kB | 9.3 MB | 6.7 kB | 102/731 kB
Progress (5): 49 kB | 16 kB | 9.3 MB | 6.7 kB | 118/731 kB
Progress (5): 49 kB | 16 kB | 9.3 MB | 6.7 kB | 134/731 kB
Progress (5): 49 kB | 16 kB | 9.3 MB | 6.7 kB | 151/731 kB
Progress (5): 49 kB | 16 kB | 9.3 MB | 6.7 kB | 167/731 kB
Progress (5): 49 kB | 16 kB | 9.3 MB | 6.7 kB | 184/731 kB
Progress (5): 49 kB | 16 kB | 9.3 MB | 6.7 kB | 200/731 kB
Progress (5): 49 kB | 16 kB | 9.3 MB | 6.7 kB | 216/731 kB
Progress (5): 49 kB | 16 kB | 9.3 MB | 6.7 kB | 233/731 kB
Progress (5): 49 kB | 16 kB | 9.3 MB | 6.7 kB | 249/731 kB
Progress (5): 49 kB | 16 kB | 9.3 MB | 6.7 kB | 266/731 kB
Progress (5): 49 kB | 16 kB | 9.3 MB | 6.7 kB | 282/731 kB
Progress (5): 49 kB | 16 kB | 9.3 MB | 6.7 kB | 298/731 kB
Progress (5): 49 kB | 16 kB | 9.3 MB | 6.7 kB | 315/731 kB
Progress (5): 49 kB | 16 kB | 9.3 MB | 6.7 kB | 331/731 kB
Progress (5): 49 kB | 16 kB | 9.3 MB | 6.7 kB | 347/731 kB
Progress (5): 49 kB | 16 kB | 9.3 MB | 6.7 kB | 364/731 kB
Progress (5): 49 kB | 16 kB | 9.3 MB | 6.7 kB | 380/731 kB
Progress (5): 49 kB | 16 kB | 9.3 MB | 6.7 kB | 397/731 kB
Progress (5): 49 kB | 16 kB | 9.3 MB | 6.7 kB | 413/731 kB
Progress (5): 49 kB | 16 kB | 9.3 MB | 6.7 kB | 429/731 kB
Progress (5): 49 kB | 16 kB | 9.3 MB | 6.7 kB | 446/731 kB
Progress (5): 49 kB | 16 kB | 9.3 MB | 6.7 kB | 462/731 kB
Progress (5): 49 kB | 16 kB | 9.3 MB | 6.7 kB | 479/731 kB
Progress (5): 49 kB | 16 kB | 9.3 MB | 6.7 kB | 495/731 kB
Progress (5): 49 kB | 16 kB | 9.3 MB | 6.7 kB | 511/731 kB
Progress (5): 49 kB | 16 kB | 9.3 MB | 6.7 kB | 524/731 kB
Progress (5): 49 kB | 16 kB | 9.3 MB | 6.7 kB | 536/731 kB
Progress (5): 49 kB | 16 kB | 9.3 MB | 6.7 kB | 552/731 kB
Progress (5): 49 kB | 16 kB | 9.3 MB | 6.7 kB | 569/731 kB
Progress (5): 49 kB | 16 kB | 9.3 MB | 6.7 kB | 585/731 kB
Progress (5): 49 kB | 16 kB | 9.3 MB | 6.7 kB | 602/731 kB
Progress (5): 49 kB | 16 kB | 9.3 MB | 6.7 kB | 618/731 kB
Progress (5): 49 kB | 16 kB | 9.3 MB | 6.7 kB | 634/731 kB
Progress (5): 49 kB | 16 kB | 9.3 MB | 6.7 kB | 651/731 kB
Progress (5): 49 kB | 16 kB | 9.3 MB | 6.7 kB | 667/731 kB
Progress (5): 49 kB | 16 kB | 9.3 MB | 6.7 kB | 683/731 kB
Progress (5): 49 kB | 16 kB | 9.3 MB | 6.7 kB | 700/731 kB
Progress (5): 49 kB | 16 kB | 9.3 MB | 6.7 kB | 716/731 kB
Progress (5): 49 kB | 16 kB | 9.3 MB | 6.7 kB | 731 kB    
                                                      
Downloaded from aliyunmaven: https://maven.aliyun.com/repository/public/io/grpc/grpc-netty-shaded/1.53.0/grpc-netty-shaded-1.53.0.jar (9.3 MB at 4.1 MB/s)
Downloading from aliyunmaven: https://maven.aliyun.com/repository/public/com/google/code/gson/gson/2.13.2/gson-2.13.2.jar
Progress (5): 49 kB | 16 kB | 6.7 kB | 731 kB | 1.9/290 kB
Progress (5): 49 kB | 16 kB | 6.7 kB | 731 kB | 18/290 kB 
Progress (5): 49 kB | 16 kB | 6.7 kB | 731 kB | 34/290 kB
Progress (5): 49 kB | 16 kB | 6.7 kB | 731 kB | 44/290 kB
Progress (5): 49 kB | 16 kB | 6.7 kB | 731 kB | 51/290 kB
Progress (5): 49 kB | 16 kB | 6.7 kB | 731 kB | 56/290 kB
Progress (5): 49 kB | 16 kB | 6.7 kB | 731 kB | 62/290 kB
Progress (5): 49 kB | 16 kB | 6.7 kB | 731 kB | 69/290 kB
Progress (5): 49 kB | 16 kB | 6.7 kB | 731 kB | 75/290 kB
Progress (5): 49 kB | 16 kB | 6.7 kB | 731 kB | 84/290 kB
Progress (5): 49 kB | 16 kB | 6.7 kB | 731 kB | 88/290 kB
Progress (5): 49 kB | 16 kB | 6.7 kB | 731 kB | 92/290 kB
Progress (5): 49 kB | 16 kB | 6.7 kB | 731 kB | 95/290 kB
Progress (5): 49 kB | 16 kB | 6.7 kB | 731 kB | 98/290 kB
Progress (5): 49 kB | 16 kB | 6.7 kB | 731 kB | 100/290 kB
Progress (5): 49 kB | 16 kB | 6.7 kB | 731 kB | 103/290 kB
Progress (5): 49 kB | 16 kB | 6.7 kB | 731 kB | 106/290 kB
Progress (5): 49 kB | 16 kB | 6.7 kB | 731 kB | 107/290 kB
Progress (5): 49 kB | 16 kB | 6.7 kB | 731 kB | 110/290 kB
Progress (5): 49 kB | 16 kB | 6.7 kB | 731 kB | 116/290 kB
Progress (5): 49 kB | 16 kB | 6.7 kB | 731 kB | 120/290 kB
Progress (5): 49 kB | 16 kB | 6.7 kB | 731 kB | 123/290 kB
Progress (5): 49 kB | 16 kB | 6.7 kB | 731 kB | 127/290 kB
Progress (5): 49 kB | 16 kB | 6.7 kB | 731 kB | 129/290 kB
Progress (5): 49 kB | 16 kB | 6.7 kB | 731 kB | 130/290 kB
Progress (5): 49 kB | 16 kB | 6.7 kB | 731 kB | 132/290 kB
Progress (5): 49 kB | 16 kB | 6.7 kB | 731 kB | 133/290 kB
Progress (5): 49 kB | 16 kB | 6.7 kB | 731 kB | 138/290 kB
Progress (5): 49 kB | 16 kB | 6.7 kB | 731 kB | 139/290 kB
Progress (5): 49 kB | 16 kB | 6.7 kB | 731 kB | 143/290 kB
Progress (5): 49 kB | 16 kB | 6.7 kB | 731 kB | 145/290 kB
Progress (5): 49 kB | 16 kB | 6.7 kB | 731 kB | 149/290 kB
Progress (5): 49 kB | 16 kB | 6.7 kB | 731 kB | 166/290 kB
Progress (5): 49 kB | 16 kB | 6.7 kB | 731 kB | 170/290 kB
Progress (5): 49 kB | 16 kB | 6.7 kB | 731 kB | 177/290 kB
Progress (5): 49 kB | 16 kB | 6.7 kB | 731 kB | 187/290 kB
Progress (5): 49 kB | 16 kB | 6.7 kB | 731 kB | 192/290 kB
Progress (5): 49 kB | 16 kB | 6.7 kB | 731 kB | 193/290 kB
Progress (5): 49 kB | 16 kB | 6.7 kB | 731 kB | 195/290 kB
Progress (5): 49 kB | 16 kB | 6.7 kB | 731 kB | 197/290 kB
Progress (5): 49 kB | 16 kB | 6.7 kB | 731 kB | 200/290 kB
Progress (5): 49 kB | 16 kB | 6.7 kB | 731 kB | 202/290 kB
Progress (5): 49 kB | 16 kB | 6.7 kB | 731 kB | 203/290 kB
Progress (5): 49 kB | 16 kB | 6.7 kB | 731 kB | 206/290 kB
Progress (5): 49 kB | 16 kB | 6.7 kB | 731 kB | 208/290 kB
Progress (5): 49 kB | 16 kB | 6.7 kB | 731 kB | 209/290 kB
Progress (5): 49 kB | 16 kB | 6.7 kB | 731 kB | 212/290 kB
Progress (5): 49 kB | 16 kB | 6.7 kB | 731 kB | 215/290 kB
Progress (5): 49 kB | 16 kB | 6.7 kB | 731 kB | 216/290 kB
Progress (5): 49 kB | 16 kB | 6.7 kB | 731 kB | 219/290 kB
Progress (5): 49 kB | 16 kB | 6.7 kB | 731 kB | 222/290 kB
Progress (5): 49 kB | 16 kB | 6.7 kB | 731 kB | 224/290 kB
Progress (5): 49 kB | 16 kB | 6.7 kB | 731 kB | 225/290 kB
Progress (5): 49 kB | 16 kB | 6.7 kB | 731 kB | 227/290 kB
Progress (5): 49 kB | 16 kB | 6.7 kB | 731 kB | 228/290 kB
Progress (5): 49 kB | 16 kB | 6.7 kB | 731 kB | 233/290 kB
Progress (5): 49 kB | 16 kB | 6.7 kB | 731 kB | 234/290 kB
Progress (5): 49 kB | 16 kB | 6.7 kB | 731 kB | 237/290 kB
Progress (5): 49 kB | 16 kB | 6.7 kB | 731 kB | 238/290 kB
Progress (5): 49 kB | 16 kB | 6.7 kB | 731 kB | 240/290 kB
Progress (5): 49 kB | 16 kB | 6.7 kB | 731 kB | 243/290 kB
Progress (5): 49 kB | 16 kB | 6.7 kB | 731 kB | 247/290 kB
Progress (5): 49 kB | 16 kB | 6.7 kB | 731 kB | 252/290 kB
Progress (5): 49 kB | 16 kB | 6.7 kB | 731 kB | 256/290 kB
Progress (5): 49 kB | 16 kB | 6.7 kB | 731 kB | 259/290 kB
Progress (5): 49 kB | 16 kB | 6.7 kB | 731 kB | 266/290 kB
Progress (5): 49 kB | 16 kB | 6.7 kB | 731 kB | 272/290 kB
Progress (5): 49 kB | 16 kB | 6.7 kB | 731 kB | 275/290 kB
Progress (5): 49 kB | 16 kB | 6.7 kB | 731 kB | 278/290 kB
Progress (5): 49 kB | 16 kB | 6.7 kB | 731 kB | 282/290 kB
Progress (5): 49 kB | 16 kB | 6.7 kB | 731 kB | 285/290 kB
Progress (5): 49 kB | 16 kB | 6.7 kB | 731 kB | 288/290 kB
Progress (5): 49 kB | 16 kB | 6.7 kB | 731 kB | 290 kB    
                                                      
Downloaded from aliyunmaven: https://maven.aliyun.com/repository/public/io/opentelemetry/opentelemetry-context/1.49.0/opentelemetry-context-1.49.0.jar (49 kB at 21 kB/s)
Downloading from aliyunmaven: https://maven.aliyun.com/repository/public/com/google/android/annotations/4.1.1.4/annotations-4.1.1.4.jar
Progress (5): 16 kB | 6.7 kB | 731 kB | 290 kB | 3.1 kB
                                                       
Downloaded from aliyunmaven: https://maven.aliyun.com/repository/public/io/grpc/grpc-core/1.53.0/grpc-core-1.53.0.jar (731 kB at 315 kB/s)
Downloading from aliyunmaven: https://maven.aliyun.com/repository/public/org/codehaus/mojo/animal-sniffer-annotations/1.21/animal-sniffer-annotations-1.21.jar
Downloaded from aliyunmaven: https://maven.aliyun.com/repository/public/io/perfmark/perfmark-api/0.25.0/perfmark-api-0.25.0.jar (6.7 kB at 2.9 kB/s)
Downloading from aliyunmaven: https://maven.aliyun.com/repository/public/com/squareup/okio/okio-jvm/3.4.0/okio-jvm-3.4.0.jar
Progress (4): 16 kB | 290 kB | 3.1 kB | 3.3 kB
                                              
Downloaded from aliyunmaven: https://maven.aliyun.com/repository/public/com/google/code/gson/gson/2.13.2/gson-2.13.2.jar (290 kB at 123 kB/s)
Downloading from aliyunmaven: https://maven.aliyun.com/repository/public/org/apache/rocketmq/rocketmq-rocksdb/1.0.2/rocketmq-rocksdb-1.0.2.jar
Downloaded from aliyunmaven: https://maven.aliyun.com/repository/public/com/google/android/annotations/4.1.1.4/annotations-4.1.1.4.jar (3.1 kB at 1.3 kB/s)
Downloading from aliyunmaven: https://maven.aliyun.com/repository/public/org/apache/rocketmq/rocketmq-srvutil/5.3.1/rocketmq-srvutil-5.3.1.jar
Progress (3): 16 kB | 3.3 kB | 7.2/19 kB
Progress (3): 16 kB | 3.3 kB | 7.7/19 kB
Progress (3): 16 kB | 3.3 kB | 19 kB    
Progress (4): 16 kB | 3.3 kB | 19 kB | 0/30 MB
Progress (4): 16 kB | 3.3 kB | 19 kB | 0/30 MB
Progress (4): 16 kB | 3.3 kB | 19 kB | 0/30 MB
Progress (4): 16 kB | 3.3 kB | 19 kB | 0/30 MB
Progress (4): 16 kB | 3.3 kB | 19 kB | 0.1/30 MB
Progress (4): 16 kB | 3.3 kB | 19 kB | 0.1/30 MB
Progress (4): 16 kB | 3.3 kB | 19 kB | 0.1/30 MB
Progress (4): 16 kB | 3.3 kB | 19 kB | 0.1/30 MB
Progress (4): 16 kB | 3.3 kB | 19 kB | 0.1/30 MB
Progress (4): 16 kB | 3.3 kB | 19 kB | 0.1/30 MB
Progress (4): 16 kB | 3.3 kB | 19 kB | 0.2/30 MB
Progress (4): 16 kB | 3.3 kB | 19 kB | 0.2/30 MB
Progress (4): 16 kB | 3.3 kB | 19 kB | 0.2/30 MB
Progress (4): 16 kB | 3.3 kB | 19 kB | 0.2/30 MB
Progress (4): 16 kB | 3.3 kB | 19 kB | 0.2/30 MB
Progress (4): 16 kB | 3.3 kB | 19 kB | 0.2/30 MB
Progress (4): 16 kB | 3.3 kB | 19 kB | 0.3/30 MB
Progress (4): 16 kB | 3.3 kB | 19 kB | 0.3/30 MB
Progress (4): 16 kB | 3.3 kB | 19 kB | 0.3/30 MB
Progress (4): 16 kB | 3.3 kB | 19 kB | 0.3/30 MB
Progress (4): 16 kB | 3.3 kB | 19 kB | 0.3/30 MB
Progress (4): 16 kB | 3.3 kB | 19 kB | 0.3/30 MB
Progress (4): 16 kB | 3.3 kB | 19 kB | 0.4/30 MB
Progress (4): 16 kB | 3.3 kB | 19 kB | 0.4/30 MB
Progress (4): 16 kB | 3.3 kB | 19 kB | 0.4/30 MB
Progress (4): 16 kB | 3.3 kB | 19 kB | 0.4/30 MB
Progress (4): 16 kB | 3.3 kB | 19 kB | 0.4/30 MB
Progress (4): 16 kB | 3.3 kB | 19 kB | 0.4/30 MB
Progress (4): 16 kB | 3.3 kB | 19 kB | 0.5/30 MB
Progress (4): 16 kB | 3.3 kB | 19 kB | 0.5/30 MB
Progress (4): 16 kB | 3.3 kB | 19 kB | 0.5/30 MB
Progress (4): 16 kB | 3.3 kB | 19 kB | 0.5/30 MB
Progress (4): 16 kB | 3.3 kB | 19 kB | 0.5/30 MB
Progress (4): 16 kB | 3.3 kB | 19 kB | 0.5/30 MB
Progress (4): 16 kB | 3.3 kB | 19 kB | 0.6/30 MB
Progress (4): 16 kB | 3.3 kB | 19 kB | 0.6/30 MB
Progress (4): 16 kB | 3.3 kB | 19 kB | 0.6/30 MB
Progress (4): 16 kB | 3.3 kB | 19 kB | 0.6/30 MB
Progress (4): 16 kB | 3.3 kB | 19 kB | 0.6/30 MB
Progress (4): 16 kB | 3.3 kB | 19 kB | 0.6/30 MB
Progress (4): 16 kB | 3.3 kB | 19 kB | 0.7/30 MB
Progress (4): 16 kB | 3.3 kB | 19 kB | 0.7/30 MB
Progress (4): 16 kB | 3.3 kB | 19 kB | 0.7/30 MB
Progress (4): 16 kB | 3.3 kB | 19 kB | 0.7/30 MB
Progress (4): 16 kB | 3.3 kB | 19 kB | 0.7/30 MB
Progress (4): 16 kB | 3.3 kB | 19 kB | 0.7/30 MB
Progress (4): 16 kB | 3.3 kB | 19 kB | 0.8/30 MB
Progress (4): 16 kB | 3.3 kB | 19 kB | 0.8/30 MB
Progress (4): 16 kB | 3.3 kB | 19 kB | 0.8/30 MB
Progress (4): 16 kB | 3.3 kB | 19 kB | 0.8/30 MB
Progress (4): 16 kB | 3.3 kB | 19 kB | 0.8/30 MB
Progress (4): 16 kB | 3.3 kB | 19 kB | 0.8/30 MB
Progress (4): 16 kB | 3.3 kB | 19 kB | 0.9/30 MB
Progress (4): 16 kB | 3.3 kB | 19 kB | 0.9/30 MB
Progress (4): 16 kB | 3.3 kB | 19 kB | 0.9/30 MB
Progress (4): 16 kB | 3.3 kB | 19 kB | 0.9/30 MB
Progress (4): 16 kB | 3.3 kB | 19 kB | 0.9/30 MB
Progress (4): 16 kB | 3.3 kB | 19 kB | 0.9/30 MB
Progress (4): 16 kB | 3.3 kB | 19 kB | 0.9/30 MB
Progress (4): 16 kB | 3.3 kB | 19 kB | 1.0/30 MB
Progress (4): 16 kB | 3.3 kB | 19 kB | 1.0/30 MB
Progress (4): 16 kB | 3.3 kB | 19 kB | 1.0/30 MB
Progress (4): 16 kB | 3.3 kB | 19 kB | 1.0/30 MB
Progress (4): 16 kB | 3.3 kB | 19 kB | 1.0/30 MB
Progress (4): 16 kB | 3.3 kB | 19 kB | 1.0/30 MB
Progress (4): 16 kB | 3.3 kB | 19 kB | 1.1/30 MB
Progress (4): 16 kB | 3.3 kB | 19 kB | 1.1/30 MB
Progress (4): 16 kB | 3.3 kB | 19 kB | 1.1/30 MB
Progress (4): 16 kB | 3.3 kB | 19 kB | 1.1/30 MB
Progress (4): 16 kB | 3.3 kB | 19 kB | 1.1/30 MB
Progress (4): 16 kB | 3.3 kB | 19 kB | 1.1/30 MB
Progress (4): 16 kB | 3.3 kB | 19 kB | 1.2/30 MB
Progress (4): 16 kB | 3.3 kB | 19 kB | 1.2/30 MB
Progress (4): 16 kB | 3.3 kB | 19 kB | 1.2/30 MB
Progress (4): 16 kB | 3.3 kB | 19 kB | 1.2/30 MB
Progress (4): 16 kB | 3.3 kB | 19 kB | 1.2/30 MB
Progress (4): 16 kB | 3.3 kB | 19 kB | 1.2/30 MB
Progress (4): 16 kB | 3.3 kB | 19 kB | 1.3/30 MB
Progress (4): 16 kB | 3.3 kB | 19 kB | 1.3/30 MB
Progress (4): 16 kB | 3.3 kB | 19 kB | 1.3/30 MB
Progress (4): 16 kB | 3.3 kB | 19 kB | 1.3/30 MB
Progress (4): 16 kB | 3.3 kB | 19 kB | 1.3/30 MB
Progress (4): 16 kB | 3.3 kB | 19 kB | 1.3/30 MB
Progress (4): 16 kB | 3.3 kB | 19 kB | 1.4/30 MB
Progress (4): 16 kB | 3.3 kB | 19 kB | 1.4/30 MB
Progress (4): 16 kB | 3.3 kB | 19 kB | 1.4/30 MB
Progress (4): 16 kB | 3.3 kB | 19 kB | 1.4/30 MB
Progress (4): 16 kB | 3.3 kB | 19 kB | 1.4/30 MB
Progress (4): 16 kB | 3.3 kB | 19 kB | 1.4/30 MB
Progress (4): 16 kB | 3.3 kB | 19 kB | 1.5/30 MB
Progress (4): 16 kB | 3.3 kB | 19 kB | 1.5/30 MB
Progress (4): 16 kB | 3.3 kB | 19 kB | 1.5/30 MB
Progress (4): 16 kB | 3.3 kB | 19 kB | 1.5/30 MB
Progress (4): 16 kB | 3.3 kB | 19 kB | 1.5/30 MB
Progress (4): 16 kB | 3.3 kB | 19 kB | 1.5/30 MB
Progress (4): 16 kB | 3.3 kB | 19 kB | 1.6/30 MB
Progress (4): 16 kB | 3.3 kB | 19 kB | 1.6/30 MB
Progress (4): 16 kB | 3.3 kB | 19 kB | 1.6/30 MB
Progress (4): 16 kB | 3.3 kB | 19 kB | 1.6/30 MB
Progress (4): 16 kB | 3.3 kB | 19 kB | 1.6/30 MB
Progress (4): 16 kB | 3.3 kB | 19 kB | 1.6/30 MB
Progress (4): 16 kB | 3.3 kB | 19 kB | 1.7/30 MB
                                                
Downloaded from aliyunmaven: https://maven.aliyun.com/repository/public/com/google/errorprone/error_prone_annotations/2.14.0/error_prone_annotations-2.14.0.jar (16 kB at 6.6 kB/s)
Downloading from aliyunmaven: https://maven.aliyun.com/repository/public/commons-cli/commons-cli/1.5.0/commons-cli-1.5.0.jar
Progress (3): 3.3 kB | 19 kB | 1.7/30 MB
Progress (3): 3.3 kB | 19 kB | 1.7/30 MB
Progress (3): 3.3 kB | 19 kB | 1.7/30 MB
Progress (3): 3.3 kB | 19 kB | 1.7/30 MB
Progress (3): 3.3 kB | 19 kB | 1.7/30 MB
Progress (3): 3.3 kB | 19 kB | 1.8/30 MB
Progress (3): 3.3 kB | 19 kB | 1.8/30 MB
Progress (3): 3.3 kB | 19 kB | 1.8/30 MB
Progress (3): 3.3 kB | 19 kB | 1.8/30 MB
Progress (3): 3.3 kB | 19 kB | 1.8/30 MB
Progress (3): 3.3 kB | 19 kB | 1.8/30 MB
Progress (3): 3.3 kB | 19 kB | 1.9/30 MB
Progress (3): 3.3 kB | 19 kB | 1.9/30 MB
Progress (3): 3.3 kB | 19 kB | 1.9/30 MB
Progress (3): 3.3 kB | 19 kB | 1.9/30 MB
Progress (3): 3.3 kB | 19 kB | 1.9/30 MB
Progress (3): 3.3 kB | 19 kB | 1.9/30 MB
Progress (3): 3.3 kB | 19 kB | 1.9/30 MB
Progress (3): 3.3 kB | 19 kB | 2.0/30 MB
Progress (3): 3.3 kB | 19 kB | 2.0/30 MB
Progress (3): 3.3 kB | 19 kB | 2.0/30 MB
Progress (3): 3.3 kB | 19 kB | 2.0/30 MB
Progress (3): 3.3 kB | 19 kB | 2.0/30 MB
Progress (3): 3.3 kB | 19 kB | 2.0/30 MB
Progress (3): 3.3 kB | 19 kB | 2.1/30 MB
Progress (3): 3.3 kB | 19 kB | 2.1/30 MB
Progress (3): 3.3 kB | 19 kB | 2.1/30 MB
Progress (3): 3.3 kB | 19 kB | 2.1/30 MB
Progress (3): 3.3 kB | 19 kB | 2.1/30 MB
Progress (3): 3.3 kB | 19 kB | 2.1/30 MB
Progress (3): 3.3 kB | 19 kB | 2.2/30 MB
Progress (3): 3.3 kB | 19 kB | 2.2/30 MB
Progress (3): 3.3 kB | 19 kB | 2.2/30 MB
Progress (4): 3.3 kB | 19 kB | 2.2/30 MB | 7.3/360 kB
Progress (4): 3.3 kB | 19 kB | 2.2/30 MB | 16/360 kB 
Progress (4): 3.3 kB | 19 kB | 2.2/30 MB | 32/360 kB
Progress (4): 3.3 kB | 19 kB | 2.2/30 MB | 48/360 kB
Progress (4): 3.3 kB | 19 kB | 2.2/30 MB | 65/360 kB
Progress (4): 3.3 kB | 19 kB | 2.2/30 MB | 81/360 kB
Progress (4): 3.3 kB | 19 kB | 2.2/30 MB | 97/360 kB
Progress (4): 3.3 kB | 19 kB | 2.2/30 MB | 114/360 kB
Progress (5): 3.3 kB | 19 kB | 2.2/30 MB | 114/360 kB | 7.3/58 kB
Progress (5): 3.3 kB | 19 kB | 2.2/30 MB | 114/360 kB | 15/58 kB 
Progress (5): 3.3 kB | 19 kB | 2.2/30 MB | 130/360 kB | 15/58 kB
Progress (5): 3.3 kB | 19 kB | 2.2/30 MB | 130/360 kB | 32/58 kB
Progress (5): 3.3 kB | 19 kB | 2.2/30 MB | 130/360 kB | 48/58 kB
Progress (5): 3.3 kB | 19 kB | 2.2/30 MB | 130/360 kB | 58 kB   
Progress (5): 3.3 kB | 19 kB | 2.2/30 MB | 146/360 kB | 58 kB
Progress (5): 3.3 kB | 19 kB | 2.2/30 MB | 146/360 kB | 58 kB
Progress (5): 3.3 kB | 19 kB | 2.2/30 MB | 163/360 kB | 58 kB
Progress (5): 3.3 kB | 19 kB | 2.2/30 MB | 163/360 kB | 58 kB
Progress (5): 3.3 kB | 19 kB | 2.2/30 MB | 179/360 kB | 58 kB
Progress (5): 3.3 kB | 19 kB | 2.2/30 MB | 196/360 kB | 58 kB
Progress (5): 3.3 kB | 19 kB | 2.2/30 MB | 212/360 kB | 58 kB
Progress (5): 3.3 kB | 19 kB | 2.2/30 MB | 212/360 kB | 58 kB
Progress (5): 3.3 kB | 19 kB | 2.3/30 MB | 212/360 kB | 58 kB
Progress (5): 3.3 kB | 19 kB | 2.3/30 MB | 212/360 kB | 58 kB
Progress (5): 3.3 kB | 19 kB | 2.3/30 MB | 228/360 kB | 58 kB
Progress (5): 3.3 kB | 19 kB | 2.3/30 MB | 228/360 kB | 58 kB
Progress (5): 3.3 kB | 19 kB | 2.3/30 MB | 228/360 kB | 58 kB
Progress (5): 3.3 kB | 19 kB | 2.3/30 MB | 228/360 kB | 58 kB
Progress (5): 3.3 kB | 19 kB | 2.3/30 MB | 228/360 kB | 58 kB
Progress (5): 3.3 kB | 19 kB | 2.4/30 MB | 228/360 kB | 58 kB
Progress (5): 3.3 kB | 19 kB | 2.4/30 MB | 228/360 kB | 58 kB
Progress (5): 3.3 kB | 19 kB | 2.4/30 MB | 228/360 kB | 58 kB
Progress (5): 3.3 kB | 19 kB | 2.4/30 MB | 228/360 kB | 58 kB
Progress (5): 3.3 kB | 19 kB | 2.4/30 MB | 228/360 kB | 58 kB
Progress (5): 3.3 kB | 19 kB | 2.4/30 MB | 228/360 kB | 58 kB
Progress (5): 3.3 kB | 19 kB | 2.5/30 MB | 228/360 kB | 58 kB
Progress (5): 3.3 kB | 19 kB | 2.5/30 MB | 228/360 kB | 58 kB
Progress (5): 3.3 kB | 19 kB | 2.5/30 MB | 228/360 kB | 58 kB
Progress (5): 3.3 kB | 19 kB | 2.5/30 MB | 228/360 kB | 58 kB
Progress (5): 3.3 kB | 19 kB | 2.5/30 MB | 228/360 kB | 58 kB
Progress (5): 3.3 kB | 19 kB | 2.5/30 MB | 228/360 kB | 58 kB
Progress (5): 3.3 kB | 19 kB | 2.6/30 MB | 228/360 kB | 58 kB
Progress (5): 3.3 kB | 19 kB | 2.6/30 MB | 228/360 kB | 58 kB
Progress (5): 3.3 kB | 19 kB | 2.6/30 MB | 228/360 kB | 58 kB
Progress (5): 3.3 kB | 19 kB | 2.6/30 MB | 228/360 kB | 58 kB
Progress (5): 3.3 kB | 19 kB | 2.6/30 MB | 228/360 kB | 58 kB
Progress (5): 3.3 kB | 19 kB | 2.6/30 MB | 228/360 kB | 58 kB
Progress (5): 3.3 kB | 19 kB | 2.7/30 MB | 228/360 kB | 58 kB
Progress (5): 3.3 kB | 19 kB | 2.7/30 MB | 228/360 kB | 58 kB
Progress (5): 3.3 kB | 19 kB | 2.7/30 MB | 228/360 kB | 58 kB
Progress (5): 3.3 kB | 19 kB | 2.7/30 MB | 228/360 kB | 58 kB
Progress (5): 3.3 kB | 19 kB | 2.7/30 MB | 228/360 kB | 58 kB
Progress (5): 3.3 kB | 19 kB | 2.7/30 MB | 228/360 kB | 58 kB
Progress (5): 3.3 kB | 19 kB | 2.8/30 MB | 228/360 kB | 58 kB
Progress (5): 3.3 kB | 19 kB | 2.8/30 MB | 228/360 kB | 58 kB
Progress (5): 3.3 kB | 19 kB | 2.8/30 MB | 228/360 kB | 58 kB
Progress (5): 3.3 kB | 19 kB | 2.8/30 MB | 228/360 kB | 58 kB
Progress (5): 3.3 kB | 19 kB | 2.8/30 MB | 228/360 kB | 58 kB
Progress (5): 3.3 kB | 19 kB | 2.8/30 MB | 228/360 kB | 58 kB
Progress (5): 3.3 kB | 19 kB | 2.8/30 MB | 228/360 kB | 58 kB
Progress (5): 3.3 kB | 19 kB | 2.9/30 MB | 228/360 kB | 58 kB
Progress (5): 3.3 kB | 19 kB | 2.9/30 MB | 228/360 kB | 58 kB
Progress (5): 3.3 kB | 19 kB | 2.9/30 MB | 228/360 kB | 58 kB
Progress (5): 3.3 kB | 19 kB | 2.9/30 MB | 228/360 kB | 58 kB
Progress (5): 3.3 kB | 19 kB | 2.9/30 MB | 228/360 kB | 58 kB
Progress (5): 3.3 kB | 19 kB | 2.9/30 MB | 228/360 kB | 58 kB
Progress (5): 3.3 kB | 19 kB | 3.0/30 MB | 228/360 kB | 58 kB
Progress (5): 3.3 kB | 19 kB | 3.0/30 MB | 228/360 kB | 58 kB
Progress (5): 3.3 kB | 19 kB | 3.0/30 MB | 228/360 kB | 58 kB
Progress (5): 3.3 kB | 19 kB | 3.0/30 MB | 228/360 kB | 58 kB
Progress (5): 3.3 kB | 19 kB | 3.0/30 MB | 228/360 kB | 58 kB
Progress (5): 3.3 kB | 19 kB | 3.0/30 MB | 228/360 kB | 58 kB
Progress (5): 3.3 kB | 19 kB | 3.1/30 MB | 228/360 kB | 58 kB
Progress (5): 3.3 kB | 19 kB | 3.1/30 MB | 228/360 kB | 58 kB
Progress (5): 3.3 kB | 19 kB | 3.1/30 MB | 228/360 kB | 58 kB
Progress (5): 3.3 kB | 19 kB | 3.1/30 MB | 228/360 kB | 58 kB
Progress (5): 3.3 kB | 19 kB | 3.1/30 MB | 228/360 kB | 58 kB
Progress (5): 3.3 kB | 19 kB | 3.1/30 MB | 228/360 kB | 58 kB
Progress (5): 3.3 kB | 19 kB | 3.2/30 MB | 228/360 kB | 58 kB
Progress (5): 3.3 kB | 19 kB | 3.2/30 MB | 228/360 kB | 58 kB
Progress (5): 3.3 kB | 19 kB | 3.2/30 MB | 228/360 kB | 58 kB
Progress (5): 3.3 kB | 19 kB | 3.2/30 MB | 228/360 kB | 58 kB
Progress (5): 3.3 kB | 19 kB | 3.2/30 MB | 228/360 kB | 58 kB
Progress (5): 3.3 kB | 19 kB | 3.2/30 MB | 228/360 kB | 58 kB
Progress (5): 3.3 kB | 19 kB | 3.3/30 MB | 228/360 kB | 58 kB
Progress (5): 3.3 kB | 19 kB | 3.3/30 MB | 228/360 kB | 58 kB
Progress (5): 3.3 kB | 19 kB | 3.3/30 MB | 228/360 kB | 58 kB
Progress (5): 3.3 kB | 19 kB | 3.3/30 MB | 228/360 kB | 58 kB
Progress (5): 3.3 kB | 19 kB | 3.3/30 MB | 228/360 kB | 58 kB
Progress (5): 3.3 kB | 19 kB | 3.3/30 MB | 228/360 kB | 58 kB
Progress (5): 3.3 kB | 19 kB | 3.4/30 MB | 228/360 kB | 58 kB
Progress (5): 3.3 kB | 19 kB | 3.4/30 MB | 228/360 kB | 58 kB
Progress (5): 3.3 kB | 19 kB | 3.4/30 MB | 228/360 kB | 58 kB
Progress (5): 3.3 kB | 19 kB | 3.4/30 MB | 228/360 kB | 58 kB
Progress (5): 3.3 kB | 19 kB | 3.4/30 MB | 228/360 kB | 58 kB
Progress (5): 3.3 kB | 19 kB | 3.4/30 MB | 228/360 kB | 58 kB
Progress (5): 3.3 kB | 19 kB | 3.5/30 MB | 228/360 kB | 58 kB
Progress (5): 3.3 kB | 19 kB | 3.5/30 MB | 228/360 kB | 58 kB
Progress (5): 3.3 kB | 19 kB | 3.5/30 MB | 228/360 kB | 58 kB
Progress (5): 3.3 kB | 19 kB | 3.5/30 MB | 228/360 kB | 58 kB
Progress (5): 3.3 kB | 19 kB | 3.5/30 MB | 228/360 kB | 58 kB
Progress (5): 3.3 kB | 19 kB | 3.5/30 MB | 228/360 kB | 58 kB
Progress (5): 3.3 kB | 19 kB | 3.6/30 MB | 228/360 kB | 58 kB
Progress (5): 3.3 kB | 19 kB | 3.6/30 MB | 228/360 kB | 58 kB
Progress (5): 3.3 kB | 19 kB | 3.6/30 MB | 228/360 kB | 58 kB
Progress (5): 3.3 kB | 19 kB | 3.6/30 MB | 228/360 kB | 58 kB
Progress (5): 3.3 kB | 19 kB | 3.6/30 MB | 228/360 kB | 58 kB
Progress (5): 3.3 kB | 19 kB | 3.6/30 MB | 228/360 kB | 58 kB
Progress (5): 3.3 kB | 19 kB | 3.7/30 MB | 228/360 kB | 58 kB
Progress (5): 3.3 kB | 19 kB | 3.7/30 MB | 228/360 kB | 58 kB
Progress (5): 3.3 kB | 19 kB | 3.7/30 MB | 228/360 kB | 58 kB
Progress (5): 3.3 kB | 19 kB | 3.7/30 MB | 228/360 kB | 58 kB
Progress (5): 3.3 kB | 19 kB | 3.7/30 MB | 228/360 kB | 58 kB
Progress (5): 3.3 kB | 19 kB | 3.7/30 MB | 228/360 kB | 58 kB
Progress (5): 3.3 kB | 19 kB | 3.8/30 MB | 228/360 kB | 58 kB
Progress (5): 3.3 kB | 19 kB | 3.8/30 MB | 228/360 kB | 58 kB
Progress (5): 3.3 kB | 19 kB | 3.8/30 MB | 228/360 kB | 58 kB
Progress (5): 3.3 kB | 19 kB | 3.8/30 MB | 228/360 kB | 58 kB
Progress (5): 3.3 kB | 19 kB | 3.8/30 MB | 228/360 kB | 58 kB
Progress (5): 3.3 kB | 19 kB | 3.8/30 MB | 228/360 kB | 58 kB
Progress (5): 3.3 kB | 19 kB | 3.8/30 MB | 228/360 kB | 58 kB
Progress (5): 3.3 kB | 19 kB | 3.9/30 MB | 228/360 kB | 58 kB
Progress (5): 3.3 kB | 19 kB | 3.9/30 MB | 245/360 kB | 58 kB
Progress (5): 3.3 kB | 19 kB | 3.9/30 MB | 261/360 kB | 58 kB
Progress (5): 3.3 kB | 19 kB | 3.9/30 MB | 278/360 kB | 58 kB
Progress (5): 3.3 kB | 19 kB | 3.9/30 MB | 294/360 kB | 58 kB
Progress (5): 3.3 kB | 19 kB | 3.9/30 MB | 294/360 kB | 58 kB
Progress (5): 3.3 kB | 19 kB | 3.9/30 MB | 294/360 kB | 58 kB
Progress (5): 3.3 kB | 19 kB | 3.9/30 MB | 294/360 kB | 58 kB
Progress (5): 3.3 kB | 19 kB | 3.9/30 MB | 294/360 kB | 58 kB
Progress (5): 3.3 kB | 19 kB | 3.9/30 MB | 310/360 kB | 58 kB
Progress (5): 3.3 kB | 19 kB | 3.9/30 MB | 327/360 kB | 58 kB
Progress (5): 3.3 kB | 19 kB | 3.9/30 MB | 343/360 kB | 58 kB
Progress (5): 3.3 kB | 19 kB | 3.9/30 MB | 359/360 kB | 58 kB
Progress (5): 3.3 kB | 19 kB | 3.9/30 MB | 360 kB | 58 kB    
Progress (5): 3.3 kB | 19 kB | 3.9/30 MB | 360 kB | 58 kB
Progress (5): 3.3 kB | 19 kB | 4.0/30 MB | 360 kB | 58 kB
Progress (5): 3.3 kB | 19 kB | 4.0/30 MB | 360 kB | 58 kB
Progress (5): 3.3 kB | 19 kB | 4.0/30 MB | 360 kB | 58 kB
Progress (5): 3.3 kB | 19 kB | 4.0/30 MB | 360 kB | 58 kB
Progress (5): 3.3 kB | 19 kB | 4.0/30 MB | 360 kB | 58 kB
Progress (5): 3.3 kB | 19 kB | 4.0/30 MB | 360 kB | 58 kB
Progress (5): 3.3 kB | 19 kB | 4.1/30 MB | 360 kB | 58 kB
Progress (5): 3.3 kB | 19 kB | 4.1/30 MB | 360 kB | 58 kB
Progress (5): 3.3 kB | 19 kB | 4.1/30 MB | 360 kB | 58 kB
Progress (5): 3.3 kB | 19 kB | 4.1/30 MB | 360 kB | 58 kB
Progress (5): 3.3 kB | 19 kB | 4.1/30 MB | 360 kB | 58 kB
Progress (5): 3.3 kB | 19 kB | 4.1/30 MB | 360 kB | 58 kB
Progress (5): 3.3 kB | 19 kB | 4.2/30 MB | 360 kB | 58 kB
Progress (5): 3.3 kB | 19 kB | 4.2/30 MB | 360 kB | 58 kB
Progress (5): 3.3 kB | 19 kB | 4.2/30 MB | 360 kB | 58 kB
Progress (5): 3.3 kB | 19 kB | 4.2/30 MB | 360 kB | 58 kB
                                                         
Downloaded from aliyunmaven: https://maven.aliyun.com/repository/public/commons-cli/commons-cli/1.5.0/commons-cli-1.5.0.jar (58 kB at 24 kB/s)
Downloading from aliyunmaven: https://maven.aliyun.com/repository/public/com/googlecode/concurrentlinkedhashmap/concurrentlinkedhashmap-lru/1.4.2/concurrentlinkedhashmap-lru-1.4.2.jar
Progress (4): 3.3 kB | 19 kB | 4.2/30 MB | 360 kB
Progress (4): 3.3 kB | 19 kB | 4.2/30 MB | 360 kB
Progress (4): 3.3 kB | 19 kB | 4.3/30 MB | 360 kB
Progress (4): 3.3 kB | 19 kB | 4.3/30 MB | 360 kB
Progress (4): 3.3 kB | 19 kB | 4.3/30 MB | 360 kB
Progress (4): 3.3 kB | 19 kB | 4.3/30 MB | 360 kB
Progress (4): 3.3 kB | 19 kB | 4.3/30 MB | 360 kB
Progress (4): 3.3 kB | 19 kB | 4.3/30 MB | 360 kB
Progress (4): 3.3 kB | 19 kB | 4.4/30 MB | 360 kB
Progress (4): 3.3 kB | 19 kB | 4.4/30 MB | 360 kB
Progress (4): 3.3 kB | 19 kB | 4.4/30 MB | 360 kB
Progress (4): 3.3 kB | 19 kB | 4.4/30 MB | 360 kB
Progress (4): 3.3 kB | 19 kB | 4.4/30 MB | 360 kB
Progress (4): 3.3 kB | 19 kB | 4.4/30 MB | 360 kB
Progress (4): 3.3 kB | 19 kB | 4.5/30 MB | 360 kB
Progress (4): 3.3 kB | 19 kB | 4.5/30 MB | 360 kB
Progress (4): 3.3 kB | 19 kB | 4.5/30 MB | 360 kB
Progress (4): 3.3 kB | 19 kB | 4.5/30 MB | 360 kB
Progress (4): 3.3 kB | 19 kB | 4.5/30 MB | 360 kB
Progress (4): 3.3 kB | 19 kB | 4.5/30 MB | 360 kB
Progress (4): 3.3 kB | 19 kB | 4.6/30 MB | 360 kB
Progress (4): 3.3 kB | 19 kB | 4.6/30 MB | 360 kB
Progress (4): 3.3 kB | 19 kB | 4.6/30 MB | 360 kB
Progress (4): 3.3 kB | 19 kB | 4.6/30 MB | 360 kB
Progress (4): 3.3 kB | 19 kB | 4.6/30 MB | 360 kB
Progress (4): 3.3 kB | 19 kB | 4.6/30 MB | 360 kB
Progress (4): 3.3 kB | 19 kB | 4.7/30 MB | 360 kB
Progress (4): 3.3 kB | 19 kB | 4.7/30 MB | 360 kB
Progress (4): 3.3 kB | 19 kB | 4.7/30 MB | 360 kB
Progress (4): 3.3 kB | 19 kB | 4.7/30 MB | 360 kB
Progress (4): 3.3 kB | 19 kB | 4.7/30 MB | 360 kB
Progress (4): 3.3 kB | 19 kB | 4.7/30 MB | 360 kB
Progress (4): 3.3 kB | 19 kB | 4.8/30 MB | 360 kB
Progress (4): 3.3 kB | 19 kB | 4.8/30 MB | 360 kB
Progress (4): 3.3 kB | 19 kB | 4.8/30 MB | 360 kB
Progress (4): 3.3 kB | 19 kB | 4.8/30 MB | 360 kB
Progress (4): 3.3 kB | 19 kB | 4.8/30 MB | 360 kB
Progress (4): 3.3 kB | 19 kB | 4.8/30 MB | 360 kB
Progress (4): 3.3 kB | 19 kB | 4.8/30 MB | 360 kB
Progress (4): 3.3 kB | 19 kB | 4.9/30 MB | 360 kB
Progress (4): 3.3 kB | 19 kB | 4.9/30 MB | 360 kB
Progress (4): 3.3 kB | 19 kB | 4.9/30 MB | 360 kB
Progress (4): 3.3 kB | 19 kB | 4.9/30 MB | 360 kB
Progress (4): 3.3 kB | 19 kB | 4.9/30 MB | 360 kB
Progress (4): 3.3 kB | 19 kB | 4.9/30 MB | 360 kB
Progress (4): 3.3 kB | 19 kB | 5.0/30 MB | 360 kB
Progress (4): 3.3 kB | 19 kB | 5.0/30 MB | 360 kB
Progress (4): 3.3 kB | 19 kB | 5.0/30 MB | 360 kB
Progress (4): 3.3 kB | 19 kB | 5.0/30 MB | 360 kB
Progress (4): 3.3 kB | 19 kB | 5.0/30 MB | 360 kB
Progress (4): 3.3 kB | 19 kB | 5.0/30 MB | 360 kB
Progress (4): 3.3 kB | 19 kB | 5.1/30 MB | 360 kB
Progress (4): 3.3 kB | 19 kB | 5.1/30 MB | 360 kB
Progress (4): 3.3 kB | 19 kB | 5.1/30 MB | 360 kB
Progress (4): 3.3 kB | 19 kB | 5.1/30 MB | 360 kB
Progress (4): 3.3 kB | 19 kB | 5.1/30 MB | 360 kB
Progress (4): 3.3 kB | 19 kB | 5.1/30 MB | 360 kB
Progress (4): 3.3 kB | 19 kB | 5.2/30 MB | 360 kB
Progress (4): 3.3 kB | 19 kB | 5.2/30 MB | 360 kB
Progress (4): 3.3 kB | 19 kB | 5.2/30 MB | 360 kB
Progress (4): 3.3 kB | 19 kB | 5.2/30 MB | 360 kB
Progress (4): 3.3 kB | 19 kB | 5.2/30 MB | 360 kB
Progress (4): 3.3 kB | 19 kB | 5.2/30 MB | 360 kB
Progress (4): 3.3 kB | 19 kB | 5.3/30 MB | 360 kB
Progress (4): 3.3 kB | 19 kB | 5.3/30 MB | 360 kB
Progress (4): 3.3 kB | 19 kB | 5.3/30 MB | 360 kB
Progress (4): 3.3 kB | 19 kB | 5.3/30 MB | 360 kB
Progress (4): 3.3 kB | 19 kB | 5.3/30 MB | 360 kB
Progress (4): 3.3 kB | 19 kB | 5.3/30 MB | 360 kB
Progress (4): 3.3 kB | 19 kB | 5.4/30 MB | 360 kB
Progress (4): 3.3 kB | 19 kB | 5.4/30 MB | 360 kB
Progress (4): 3.3 kB | 19 kB | 5.4/30 MB | 360 kB
Progress (4): 3.3 kB | 19 kB | 5.4/30 MB | 360 kB
Progress (4): 3.3 kB | 19 kB | 5.4/30 MB | 360 kB
Progress (4): 3.3 kB | 19 kB | 5.4/30 MB | 360 kB
Progress (4): 3.3 kB | 19 kB | 5.5/30 MB | 360 kB
Progress (4): 3.3 kB | 19 kB | 5.5/30 MB | 360 kB
Progress (4): 3.3 kB | 19 kB | 5.5/30 MB | 360 kB
Progress (4): 3.3 kB | 19 kB | 5.5/30 MB | 360 kB
Progress (4): 3.3 kB | 19 kB | 5.5/30 MB | 360 kB
Progress (4): 3.3 kB | 19 kB | 5.5/30 MB | 360 kB
Progress (4): 3.3 kB | 19 kB | 5.6/30 MB | 360 kB
Progress (4): 3.3 kB | 19 kB | 5.6/30 MB | 360 kB
Progress (4): 3.3 kB | 19 kB | 5.6/30 MB | 360 kB
Progress (4): 3.3 kB | 19 kB | 5.6/30 MB | 360 kB
Progress (4): 3.3 kB | 19 kB | 5.6/30 MB | 360 kB
Progress (4): 3.3 kB | 19 kB | 5.6/30 MB | 360 kB
Progress (4): 3.3 kB | 19 kB | 5.7/30 MB | 360 kB
Progress (4): 3.3 kB | 19 kB | 5.7/30 MB | 360 kB
Progress (4): 3.3 kB | 19 kB | 5.7/30 MB | 360 kB
Progress (4): 3.3 kB | 19 kB | 5.7/30 MB | 360 kB
Progress (4): 3.3 kB | 19 kB | 5.7/30 MB | 360 kB
Progress (4): 3.3 kB | 19 kB | 5.7/30 MB | 360 kB
Progress (4): 3.3 kB | 19 kB | 5.7/30 MB | 360 kB
Progress (4): 3.3 kB | 19 kB | 5.8/30 MB | 360 kB
Progress (4): 3.3 kB | 19 kB | 5.8/30 MB | 360 kB
Progress (4): 3.3 kB | 19 kB | 5.8/30 MB | 360 kB
Progress (4): 3.3 kB | 19 kB | 5.8/30 MB | 360 kB
Progress (4): 3.3 kB | 19 kB | 5.8/30 MB | 360 kB
Progress (4): 3.3 kB | 19 kB | 5.8/30 MB | 360 kB
Progress (4): 3.3 kB | 19 kB | 5.9/30 MB | 360 kB
Progress (4): 3.3 kB | 19 kB | 5.9/30 MB | 360 kB
Progress (4): 3.3 kB | 19 kB | 5.9/30 MB | 360 kB
Progress (4): 3.3 kB | 19 kB | 5.9/30 MB | 360 kB
Progress (4): 3.3 kB | 19 kB | 5.9/30 MB | 360 kB
Progress (4): 3.3 kB | 19 kB | 5.9/30 MB | 360 kB
Progress (4): 3.3 kB | 19 kB | 6.0/30 MB | 360 kB
Progress (4): 3.3 kB | 19 kB | 6.0/30 MB | 360 kB
Progress (4): 3.3 kB | 19 kB | 6.0/30 MB | 360 kB
Progress (4): 3.3 kB | 19 kB | 6.0/30 MB | 360 kB
Progress (4): 3.3 kB | 19 kB | 6.0/30 MB | 360 kB
Progress (4): 3.3 kB | 19 kB | 6.0/30 MB | 360 kB
Progress (4): 3.3 kB | 19 kB | 6.1/30 MB | 360 kB
Progress (4): 3.3 kB | 19 kB | 6.1/30 MB | 360 kB
Progress (4): 3.3 kB | 19 kB | 6.1/30 MB | 360 kB
Progress (4): 3.3 kB | 19 kB | 6.1/30 MB | 360 kB
Progress (4): 3.3 kB | 19 kB | 6.1/30 MB | 360 kB
Progress (4): 3.3 kB | 19 kB | 6.1/30 MB | 360 kB
Progress (4): 3.3 kB | 19 kB | 6.2/30 MB | 360 kB
Progress (4): 3.3 kB | 19 kB | 6.2/30 MB | 360 kB
Progress (4): 3.3 kB | 19 kB | 6.2/30 MB | 360 kB
Progress (4): 3.3 kB | 19 kB | 6.2/30 MB | 360 kB
Progress (4): 3.3 kB | 19 kB | 6.2/30 MB | 360 kB
Progress (4): 3.3 kB | 19 kB | 6.2/30 MB | 360 kB
Progress (4): 3.3 kB | 19 kB | 6.3/30 MB | 360 kB
Progress (4): 3.3 kB | 19 kB | 6.3/30 MB | 360 kB
Progress (4): 3.3 kB | 19 kB | 6.3/30 MB | 360 kB
Progress (4): 3.3 kB | 19 kB | 6.3/30 MB | 360 kB
Progress (4): 3.3 kB | 19 kB | 6.3/30 MB | 360 kB
Progress (4): 3.3 kB | 19 kB | 6.3/30 MB | 360 kB
Progress (4): 3.3 kB | 19 kB | 6.4/30 MB | 360 kB
Progress (4): 3.3 kB | 19 kB | 6.4/30 MB | 360 kB
Progress (4): 3.3 kB | 19 kB | 6.4/30 MB | 360 kB
Progress (4): 3.3 kB | 19 kB | 6.4/30 MB | 360 kB
Progress (4): 3.3 kB | 19 kB | 6.4/30 MB | 360 kB
Progress (4): 3.3 kB | 19 kB | 6.4/30 MB | 360 kB
Progress (4): 3.3 kB | 19 kB | 6.5/30 MB | 360 kB
Progress (4): 3.3 kB | 19 kB | 6.5/30 MB | 360 kB
Progress (4): 3.3 kB | 19 kB | 6.5/30 MB | 360 kB
Progress (4): 3.3 kB | 19 kB | 6.5/30 MB | 360 kB
Progress (4): 3.3 kB | 19 kB | 6.5/30 MB | 360 kB
Progress (4): 3.3 kB | 19 kB | 6.5/30 MB | 360 kB
Progress (4): 3.3 kB | 19 kB | 6.6/30 MB | 360 kB
Progress (4): 3.3 kB | 19 kB | 6.6/30 MB | 360 kB
Progress (4): 3.3 kB | 19 kB | 6.6/30 MB | 360 kB
Progress (4): 3.3 kB | 19 kB | 6.6/30 MB | 360 kB
Progress (4): 3.3 kB | 19 kB | 6.6/30 MB | 360 kB
Progress (4): 3.3 kB | 19 kB | 6.6/30 MB | 360 kB
Progress (4): 3.3 kB | 19 kB | 6.7/30 MB | 360 kB
Progress (4): 3.3 kB | 19 kB | 6.7/30 MB | 360 kB
Progress (4): 3.3 kB | 19 kB | 6.7/30 MB | 360 kB
Progress (4): 3.3 kB | 19 kB | 6.7/30 MB | 360 kB
Progress (4): 3.3 kB | 19 kB | 6.7/30 MB | 360 kB
Progress (4): 3.3 kB | 19 kB | 6.7/30 MB | 360 kB
Progress (4): 3.3 kB | 19 kB | 6.7/30 MB | 360 kB
Progress (4): 3.3 kB | 19 kB | 6.8/30 MB | 360 kB
Progress (4): 3.3 kB | 19 kB | 6.8/30 MB | 360 kB
Progress (4): 3.3 kB | 19 kB | 6.8/30 MB | 360 kB
Progress (4): 3.3 kB | 19 kB | 6.8/30 MB | 360 kB
Progress (4): 3.3 kB | 19 kB | 6.8/30 MB | 360 kB
Progress (4): 3.3 kB | 19 kB | 6.8/30 MB | 360 kB
Progress (4): 3.3 kB | 19 kB | 6.9/30 MB | 360 kB
Progress (4): 3.3 kB | 19 kB | 6.9/30 MB | 360 kB
Progress (4): 3.3 kB | 19 kB | 6.9/30 MB | 360 kB
Progress (4): 3.3 kB | 19 kB | 6.9/30 MB | 360 kB
Progress (4): 3.3 kB | 19 kB | 6.9/30 MB | 360 kB
Progress (4): 3.3 kB | 19 kB | 6.9/30 MB | 360 kB
Progress (4): 3.3 kB | 19 kB | 7.0/30 MB | 360 kB
Progress (4): 3.3 kB | 19 kB | 7.0/30 MB | 360 kB
Progress (4): 3.3 kB | 19 kB | 7.0/30 MB | 360 kB
Progress (4): 3.3 kB | 19 kB | 7.0/30 MB | 360 kB
Progress (4): 3.3 kB | 19 kB | 7.0/30 MB | 360 kB
Progress (4): 3.3 kB | 19 kB | 7.0/30 MB | 360 kB
Progress (4): 3.3 kB | 19 kB | 7.1/30 MB | 360 kB
Progress (4): 3.3 kB | 19 kB | 7.1/30 MB | 360 kB
Progress (4): 3.3 kB | 19 kB | 7.1/30 MB | 360 kB
Progress (4): 3.3 kB | 19 kB | 7.1/30 MB | 360 kB
Progress (4): 3.3 kB | 19 kB | 7.1/30 MB | 360 kB
Progress (4): 3.3 kB | 19 kB | 7.1/30 MB | 360 kB
Progress (4): 3.3 kB | 19 kB | 7.2/30 MB | 360 kB
Progress (4): 3.3 kB | 19 kB | 7.2/30 MB | 360 kB
Progress (4): 3.3 kB | 19 kB | 7.2/30 MB | 360 kB
Progress (4): 3.3 kB | 19 kB | 7.2/30 MB | 360 kB
Progress (4): 3.3 kB | 19 kB | 7.2/30 MB | 360 kB
Progress (4): 3.3 kB | 19 kB | 7.2/30 MB | 360 kB
Progress (4): 3.3 kB | 19 kB | 7.3/30 MB | 360 kB
Progress (4): 3.3 kB | 19 kB | 7.3/30 MB | 360 kB
Progress (4): 3.3 kB | 19 kB | 7.3/30 MB | 360 kB
Progress (4): 3.3 kB | 19 kB | 7.3/30 MB | 360 kB
Progress (4): 3.3 kB | 19 kB | 7.3/30 MB | 360 kB
Progress (4): 3.3 kB | 19 kB | 7.3/30 MB | 360 kB
Progress (4): 3.3 kB | 19 kB | 7.4/30 MB | 360 kB
Progress (4): 3.3 kB | 19 kB | 7.4/30 MB | 360 kB
Progress (4): 3.3 kB | 19 kB | 7.4/30 MB | 360 kB
Progress (4): 3.3 kB | 19 kB | 7.4/30 MB | 360 kB
Progress (4): 3.3 kB | 19 kB | 7.4/30 MB | 360 kB
Progress (4): 3.3 kB | 19 kB | 7.4/30 MB | 360 kB
Progress (4): 3.3 kB | 19 kB | 7.5/30 MB | 360 kB
Progress (4): 3.3 kB | 19 kB | 7.5/30 MB | 360 kB
Progress (4): 3.3 kB | 19 kB | 7.5/30 MB | 360 kB
Progress (4): 3.3 kB | 19 kB | 7.5/30 MB | 360 kB
Progress (4): 3.3 kB | 19 kB | 7.5/30 MB | 360 kB
Progress (4): 3.3 kB | 19 kB | 7.5/30 MB | 360 kB
Progress (4): 3.3 kB | 19 kB | 7.6/30 MB | 360 kB
Progress (4): 3.3 kB | 19 kB | 7.6/30 MB | 360 kB
Progress (4): 3.3 kB | 19 kB | 7.6/30 MB | 360 kB
Progress (4): 3.3 kB | 19 kB | 7.6/30 MB | 360 kB
Progress (4): 3.3 kB | 19 kB | 7.6/30 MB | 360 kB
Progress (4): 3.3 kB | 19 kB | 7.6/30 MB | 360 kB
Progress (4): 3.3 kB | 19 kB | 7.7/30 MB | 360 kB
Progress (4): 3.3 kB | 19 kB | 7.7/30 MB | 360 kB
Progress (4): 3.3 kB | 19 kB | 7.7/30 MB | 360 kB
Progress (4): 3.3 kB | 19 kB | 7.7/30 MB | 360 kB
Progress (4): 3.3 kB | 19 kB | 7.7/30 MB | 360 kB
Progress (4): 3.3 kB | 19 kB | 7.7/30 MB | 360 kB
Progress (4): 3.3 kB | 19 kB | 7.7/30 MB | 360 kB
Progress (4): 3.3 kB | 19 kB | 7.8/30 MB | 360 kB
Progress (4): 3.3 kB | 19 kB | 7.8/30 MB | 360 kB
Progress (4): 3.3 kB | 19 kB | 7.8/30 MB | 360 kB
Progress (4): 3.3 kB | 19 kB | 7.8/30 MB | 360 kB
Progress (4): 3.3 kB | 19 kB | 7.8/30 MB | 360 kB
Progress (4): 3.3 kB | 19 kB | 7.8/30 MB | 360 kB
Progress (4): 3.3 kB | 19 kB | 7.9/30 MB | 360 kB
Progress (4): 3.3 kB | 19 kB | 7.9/30 MB | 360 kB
Progress (4): 3.3 kB | 19 kB | 7.9/30 MB | 360 kB
Progress (4): 3.3 kB | 19 kB | 7.9/30 MB | 360 kB
Progress (4): 3.3 kB | 19 kB | 7.9/30 MB | 360 kB
Progress (4): 3.3 kB | 19 kB | 7.9/30 MB | 360 kB
Progress (4): 3.3 kB | 19 kB | 7.9/30 MB | 360 kB
Progress (4): 3.3 kB | 19 kB | 8.0/30 MB | 360 kB
Progress (4): 3.3 kB | 19 kB | 8.0/30 MB | 360 kB
Progress (4): 3.3 kB | 19 kB | 8.0/30 MB | 360 kB
Progress (4): 3.3 kB | 19 kB | 8.0/30 MB | 360 kB
Progress (4): 3.3 kB | 19 kB | 8.0/30 MB | 360 kB
Progress (4): 3.3 kB | 19 kB | 8.0/30 MB | 360 kB
Progress (4): 3.3 kB | 19 kB | 8.1/30 MB | 360 kB
Progress (4): 3.3 kB | 19 kB | 8.1/30 MB | 360 kB
Progress (4): 3.3 kB | 19 kB | 8.1/30 MB | 360 kB
Progress (4): 3.3 kB | 19 kB | 8.1/30 MB | 360 kB
Progress (4): 3.3 kB | 19 kB | 8.1/30 MB | 360 kB
Progress (4): 3.3 kB | 19 kB | 8.1/30 MB | 360 kB
Progress (4): 3.3 kB | 19 kB | 8.2/30 MB | 360 kB
Progress (4): 3.3 kB | 19 kB | 8.2/30 MB | 360 kB
Progress (4): 3.3 kB | 19 kB | 8.2/30 MB | 360 kB
Progress (4): 3.3 kB | 19 kB | 8.2/30 MB | 360 kB
Progress (4): 3.3 kB | 19 kB | 8.2/30 MB | 360 kB
Progress (4): 3.3 kB | 19 kB | 8.2/30 MB | 360 kB
Progress (4): 3.3 kB | 19 kB | 8.3/30 MB | 360 kB
Progress (4): 3.3 kB | 19 kB | 8.3/30 MB | 360 kB
Progress (4): 3.3 kB | 19 kB | 8.3/30 MB | 360 kB
Progress (4): 3.3 kB | 19 kB | 8.3/30 MB | 360 kB
Progress (4): 3.3 kB | 19 kB | 8.3/30 MB | 360 kB
Progress (4): 3.3 kB | 19 kB | 8.3/30 MB | 360 kB
Progress (4): 3.3 kB | 19 kB | 8.4/30 MB | 360 kB
Progress (4): 3.3 kB | 19 kB | 8.4/30 MB | 360 kB
Progress (4): 3.3 kB | 19 kB | 8.4/30 MB | 360 kB
Progress (4): 3.3 kB | 19 kB | 8.4/30 MB | 360 kB
                                                 
Downloaded from aliyunmaven: https://maven.aliyun.com/repository/public/org/codehaus/mojo/animal-sniffer-annotations/1.21/animal-sniffer-annotations-1.21.jar (3.3 kB at 1.3 kB/s)
Downloading from aliyunmaven: https://maven.aliyun.com/repository/public/commons-codec/commons-codec/1.18.0/commons-codec-1.18.0.jar
Progress (3): 19 kB | 8.4/30 MB | 360 kB
Progress (3): 19 kB | 8.4/30 MB | 360 kB
Progress (3): 19 kB | 8.4/30 MB | 360 kB
Progress (3): 19 kB | 8.5/30 MB | 360 kB
Progress (3): 19 kB | 8.5/30 MB | 360 kB
Progress (3): 19 kB | 8.5/30 MB | 360 kB
Progress (3): 19 kB | 8.5/30 MB | 360 kB
Progress (3): 19 kB | 8.5/30 MB | 360 kB
Progress (3): 19 kB | 8.5/30 MB | 360 kB
Progress (3): 19 kB | 8.6/30 MB | 360 kB
Progress (3): 19 kB | 8.6/30 MB | 360 kB
Progress (3): 19 kB | 8.6/30 MB | 360 kB
Progress (3): 19 kB | 8.6/30 MB | 360 kB
Progress (3): 19 kB | 8.6/30 MB | 360 kB
Progress (3): 19 kB | 8.6/30 MB | 360 kB
Progress (3): 19 kB | 8.7/30 MB | 360 kB
Progress (3): 19 kB | 8.7/30 MB | 360 kB
Progress (3): 19 kB | 8.7/30 MB | 360 kB
Progress (3): 19 kB | 8.7/30 MB | 360 kB
Progress (3): 19 kB | 8.7/30 MB | 360 kB
Progress (3): 19 kB | 8.7/30 MB | 360 kB
Progress (3): 19 kB | 8.7/30 MB | 360 kB
Progress (3): 19 kB | 8.8/30 MB | 360 kB
Progress (3): 19 kB | 8.8/30 MB | 360 kB
Progress (3): 19 kB | 8.8/30 MB | 360 kB
Progress (3): 19 kB | 8.8/30 MB | 360 kB
Progress (3): 19 kB | 8.8/30 MB | 360 kB
Progress (3): 19 kB | 8.8/30 MB | 360 kB
Progress (3): 19 kB | 8.9/30 MB | 360 kB
Progress (3): 19 kB | 8.9/30 MB | 360 kB
Progress (3): 19 kB | 8.9/30 MB | 360 kB
Progress (3): 19 kB | 8.9/30 MB | 360 kB
Progress (4): 19 kB | 8.9/30 MB | 360 kB | 1.9/373 kB
Progress (4): 19 kB | 8.9/30 MB | 360 kB | 18/373 kB 
Progress (4): 19 kB | 8.9/30 MB | 360 kB | 35/373 kB
Progress (4): 19 kB | 8.9/30 MB | 360 kB | 51/373 kB
Progress (4): 19 kB | 8.9/30 MB | 360 kB | 67/373 kB
Progress (4): 19 kB | 8.9/30 MB | 360 kB | 84/373 kB
Progress (4): 19 kB | 8.9/30 MB | 360 kB | 100/373 kB
Progress (4): 19 kB | 8.9/30 MB | 360 kB | 117/373 kB
Progress (4): 19 kB | 8.9/30 MB | 360 kB | 125/373 kB
Progress (4): 19 kB | 8.9/30 MB | 360 kB | 127/373 kB
Progress (4): 19 kB | 8.9/30 MB | 360 kB | 138/373 kB
Progress (4): 19 kB | 8.9/30 MB | 360 kB | 151/373 kB
Progress (4): 19 kB | 8.9/30 MB | 360 kB | 157/373 kB
Progress (4): 19 kB | 8.9/30 MB | 360 kB | 160/373 kB
Progress (4): 19 kB | 8.9/30 MB | 360 kB | 164/373 kB
Progress (4): 19 kB | 8.9/30 MB | 360 kB | 168/373 kB
Progress (4): 19 kB | 8.9/30 MB | 360 kB | 171/373 kB
Progress (4): 19 kB | 8.9/30 MB | 360 kB | 174/373 kB
Progress (4): 19 kB | 8.9/30 MB | 360 kB | 177/373 kB
Progress (4): 19 kB | 8.9/30 MB | 360 kB | 180/373 kB
Progress (4): 19 kB | 8.9/30 MB | 360 kB | 183/373 kB
Progress (4): 19 kB | 8.9/30 MB | 360 kB | 186/373 kB
Progress (4): 19 kB | 8.9/30 MB | 360 kB | 189/373 kB
Progress (4): 19 kB | 8.9/30 MB | 360 kB | 192/373 kB
Progress (4): 19 kB | 8.9/30 MB | 360 kB | 193/373 kB
Progress (4): 19 kB | 8.9/30 MB | 360 kB | 198/373 kB
Progress (4): 19 kB | 8.9/30 MB | 360 kB | 202/373 kB
Progress (4): 19 kB | 8.9/30 MB | 360 kB | 208/373 kB
Progress (4): 19 kB | 8.9/30 MB | 360 kB | 212/373 kB
Progress (4): 19 kB | 8.9/30 MB | 360 kB | 215/373 kB
Progress (4): 19 kB | 8.9/30 MB | 360 kB | 219/373 kB
Progress (4): 19 kB | 8.9/30 MB | 360 kB | 225/373 kB
Progress (4): 19 kB | 8.9/30 MB | 360 kB | 234/373 kB
Progress (4): 19 kB | 8.9/30 MB | 360 kB | 250/373 kB
Progress (4): 19 kB | 8.9/30 MB | 360 kB | 253/373 kB
Progress (4): 19 kB | 8.9/30 MB | 360 kB | 269/373 kB
Progress (4): 19 kB | 8.9/30 MB | 360 kB | 271/373 kB
Progress (4): 19 kB | 8.9/30 MB | 360 kB | 271/373 kB
Progress (4): 19 kB | 8.9/30 MB | 360 kB | 285/373 kB
Progress (4): 19 kB | 8.9/30 MB | 360 kB | 290/373 kB
Progress (4): 19 kB | 8.9/30 MB | 360 kB | 300/373 kB
Progress (4): 19 kB | 8.9/30 MB | 360 kB | 300/373 kB
Progress (4): 19 kB | 8.9/30 MB | 360 kB | 316/373 kB
Progress (4): 19 kB | 8.9/30 MB | 360 kB | 320/373 kB
Progress (4): 19 kB | 9.0/30 MB | 360 kB | 320/373 kB
Progress (4): 19 kB | 9.0/30 MB | 360 kB | 320/373 kB
Progress (4): 19 kB | 9.0/30 MB | 360 kB | 337/373 kB
Progress (4): 19 kB | 9.0/30 MB | 360 kB | 344/373 kB
Progress (4): 19 kB | 9.0/30 MB | 360 kB | 360/373 kB
Progress (4): 19 kB | 9.0/30 MB | 360 kB | 368/373 kB
Progress (4): 19 kB | 9.0/30 MB | 360 kB | 373 kB    
Progress (4): 19 kB | 9.0/30 MB | 360 kB | 373 kB
Progress (4): 19 kB | 9.0/30 MB | 360 kB | 373 kB
Progress (4): 19 kB | 9.0/30 MB | 360 kB | 373 kB
Progress (4): 19 kB | 9.0/30 MB | 360 kB | 373 kB
Progress (4): 19 kB | 9.1/30 MB | 360 kB | 373 kB
Progress (4): 19 kB | 9.1/30 MB | 360 kB | 373 kB
Progress (4): 19 kB | 9.1/30 MB | 360 kB | 373 kB
Progress (4): 19 kB | 9.1/30 MB | 360 kB | 373 kB
Progress (4): 19 kB | 9.1/30 MB | 360 kB | 373 kB
Progress (5): 19 kB | 9.1/30 MB | 360 kB | 373 kB | 7.3/117 kB
Progress (5): 19 kB | 9.1/30 MB | 360 kB | 373 kB | 16/117 kB 
Progress (5): 19 kB | 9.1/30 MB | 360 kB | 373 kB | 32/117 kB
Progress (5): 19 kB | 9.1/30 MB | 360 kB | 373 kB | 48/117 kB
Progress (5): 19 kB | 9.1/30 MB | 360 kB | 373 kB | 65/117 kB
Progress (5): 19 kB | 9.1/30 MB | 360 kB | 373 kB | 81/117 kB
Progress (5): 19 kB | 9.1/30 MB | 360 kB | 373 kB | 97/117 kB
Progress (5): 19 kB | 9.1/30 MB | 360 kB | 373 kB | 114/117 kB
Progress (5): 19 kB | 9.1/30 MB | 360 kB | 373 kB | 117 kB    
Progress (5): 19 kB | 9.1/30 MB | 360 kB | 373 kB | 117 kB
Progress (5): 19 kB | 9.2/30 MB | 360 kB | 373 kB | 117 kB
Progress (5): 19 kB | 9.2/30 MB | 360 kB | 373 kB | 117 kB
Progress (5): 19 kB | 9.2/30 MB | 360 kB | 373 kB | 117 kB
Progress (5): 19 kB | 9.2/30 MB | 360 kB | 373 kB | 117 kB
Progress (5): 19 kB | 9.2/30 MB | 360 kB | 373 kB | 117 kB
Progress (5): 19 kB | 9.2/30 MB | 360 kB | 373 kB | 117 kB
Progress (5): 19 kB | 9.3/30 MB | 360 kB | 373 kB | 117 kB
Progress (5): 19 kB | 9.3/30 MB | 360 kB | 373 kB | 117 kB
Progress (5): 19 kB | 9.3/30 MB | 360 kB | 373 kB | 117 kB
Progress (5): 19 kB | 9.3/30 MB | 360 kB | 373 kB | 117 kB
Progress (5): 19 kB | 9.3/30 MB | 360 kB | 373 kB | 117 kB
Progress (5): 19 kB | 9.3/30 MB | 360 kB | 373 kB | 117 kB
Progress (5): 19 kB | 9.4/30 MB | 360 kB | 373 kB | 117 kB
Progress (5): 19 kB | 9.4/30 MB | 360 kB | 373 kB | 117 kB
Progress (5): 19 kB | 9.4/30 MB | 360 kB | 373 kB | 117 kB
Progress (5): 19 kB | 9.4/30 MB | 360 kB | 373 kB | 117 kB
Progress (5): 19 kB | 9.4/30 MB | 360 kB | 373 kB | 117 kB
Progress (5): 19 kB | 9.4/30 MB | 360 kB | 373 kB | 117 kB
Progress (5): 19 kB | 9.5/30 MB | 360 kB | 373 kB | 117 kB
Progress (5): 19 kB | 9.5/30 MB | 360 kB | 373 kB | 117 kB
Progress (5): 19 kB | 9.5/30 MB | 360 kB | 373 kB | 117 kB
Progress (5): 19 kB | 9.5/30 MB | 360 kB | 373 kB | 117 kB
Progress (5): 19 kB | 9.5/30 MB | 360 kB | 373 kB | 117 kB
Progress (5): 19 kB | 9.5/30 MB | 360 kB | 373 kB | 117 kB
Progress (5): 19 kB | 9.6/30 MB | 360 kB | 373 kB | 117 kB
Progress (5): 19 kB | 9.6/30 MB | 360 kB | 373 kB | 117 kB
Progress (5): 19 kB | 9.6/30 MB | 360 kB | 373 kB | 117 kB
Progress (5): 19 kB | 9.6/30 MB | 360 kB | 373 kB | 117 kB
Progress (5): 19 kB | 9.6/30 MB | 360 kB | 373 kB | 117 kB
Progress (5): 19 kB | 9.6/30 MB | 360 kB | 373 kB | 117 kB
Progress (5): 19 kB | 9.7/30 MB | 360 kB | 373 kB | 117 kB
Progress (5): 19 kB | 9.7/30 MB | 360 kB | 373 kB | 117 kB
Progress (5): 19 kB | 9.7/30 MB | 360 kB | 373 kB | 117 kB
Progress (5): 19 kB | 9.7/30 MB | 360 kB | 373 kB | 117 kB
Progress (5): 19 kB | 9.7/30 MB | 360 kB | 373 kB | 117 kB
Progress (5): 19 kB | 9.7/30 MB | 360 kB | 373 kB | 117 kB
Progress (5): 19 kB | 9.7/30 MB | 360 kB | 373 kB | 117 kB
Progress (5): 19 kB | 9.8/30 MB | 360 kB | 373 kB | 117 kB
Progress (5): 19 kB | 9.8/30 MB | 360 kB | 373 kB | 117 kB
Progress (5): 19 kB | 9.8/30 MB | 360 kB | 373 kB | 117 kB
Progress (5): 19 kB | 9.8/30 MB | 360 kB | 373 kB | 117 kB
Progress (5): 19 kB | 9.8/30 MB | 360 kB | 373 kB | 117 kB
Progress (5): 19 kB | 9.8/30 MB | 360 kB | 373 kB | 117 kB
Progress (5): 19 kB | 9.9/30 MB | 360 kB | 373 kB | 117 kB
Progress (5): 19 kB | 9.9/30 MB | 360 kB | 373 kB | 117 kB
Progress (5): 19 kB | 9.9/30 MB | 360 kB | 373 kB | 117 kB
Progress (5): 19 kB | 9.9/30 MB | 360 kB | 373 kB | 117 kB
Progress (5): 19 kB | 9.9/30 MB | 360 kB | 373 kB | 117 kB
Progress (5): 19 kB | 9.9/30 MB | 360 kB | 373 kB | 117 kB
Progress (5): 19 kB | 10.0/30 MB | 360 kB | 373 kB | 117 kB
Progress (5): 19 kB | 10.0/30 MB | 360 kB | 373 kB | 117 kB
Progress (5): 19 kB | 10.0/30 MB | 360 kB | 373 kB | 117 kB
Progress (5): 19 kB | 10/30 MB | 360 kB | 373 kB | 117 kB  
Progress (5): 19 kB | 10/30 MB | 360 kB | 373 kB | 117 kB
Progress (5): 19 kB | 10/30 MB | 360 kB | 373 kB | 117 kB
Progress (5): 19 kB | 10/30 MB | 360 kB | 373 kB | 117 kB
Progress (5): 19 kB | 10/30 MB | 360 kB | 373 kB | 117 kB
Progress (5): 19 kB | 10/30 MB | 360 kB | 373 kB | 117 kB
Progress (5): 19 kB | 10/30 MB | 360 kB | 373 kB | 117 kB
Progress (5): 19 kB | 10/30 MB | 360 kB | 373 kB | 117 kB
Progress (5): 19 kB | 10/30 MB | 360 kB | 373 kB | 117 kB
Progress (5): 19 kB | 10/30 MB | 360 kB | 373 kB | 117 kB
Progress (5): 19 kB | 10/30 MB | 360 kB | 373 kB | 117 kB
Progress (5): 19 kB | 10/30 MB | 360 kB | 373 kB | 117 kB
Progress (5): 19 kB | 10/30 MB | 360 kB | 373 kB | 117 kB
Progress (5): 19 kB | 10/30 MB | 360 kB | 373 kB | 117 kB
Progress (5): 19 kB | 10/30 MB | 360 kB | 373 kB | 117 kB
Progress (5): 19 kB | 10/30 MB | 360 kB | 373 kB | 117 kB
Progress (5): 19 kB | 10/30 MB | 360 kB | 373 kB | 117 kB
Progress (5): 19 kB | 10/30 MB | 360 kB | 373 kB | 117 kB
Progress (5): 19 kB | 10/30 MB | 360 kB | 373 kB | 117 kB
Progress (5): 19 kB | 10/30 MB | 360 kB | 373 kB | 117 kB
Progress (5): 19 kB | 10/30 MB | 360 kB | 373 kB | 117 kB
Progress (5): 19 kB | 10/30 MB | 360 kB | 373 kB | 117 kB
Progress (5): 19 kB | 10/30 MB | 360 kB | 373 kB | 117 kB
Progress (5): 19 kB | 10/30 MB | 360 kB | 373 kB | 117 kB
Progress (5): 19 kB | 10/30 MB | 360 kB | 373 kB | 117 kB
Progress (5): 19 kB | 10/30 MB | 360 kB | 373 kB | 117 kB
Progress (5): 19 kB | 10/30 MB | 360 kB | 373 kB | 117 kB
Progress (5): 19 kB | 10/30 MB | 360 kB | 373 kB | 117 kB
Progress (5): 19 kB | 10/30 MB | 360 kB | 373 kB | 117 kB
Progress (5): 19 kB | 10/30 MB | 360 kB | 373 kB | 117 kB
Progress (5): 19 kB | 11/30 MB | 360 kB | 373 kB | 117 kB
Progress (5): 19 kB | 11/30 MB | 360 kB | 373 kB | 117 kB
Progress (5): 19 kB | 11/30 MB | 360 kB | 373 kB | 117 kB
Progress (5): 19 kB | 11/30 MB | 360 kB | 373 kB | 117 kB
Progress (5): 19 kB | 11/30 MB | 360 kB | 373 kB | 117 kB
Progress (5): 19 kB | 11/30 MB | 360 kB | 373 kB | 117 kB
Progress (5): 19 kB | 11/30 MB | 360 kB | 373 kB | 117 kB
Progress (5): 19 kB | 11/30 MB | 360 kB | 373 kB | 117 kB
Progress (5): 19 kB | 11/30 MB | 360 kB | 373 kB | 117 kB
Progress (5): 19 kB | 11/30 MB | 360 kB | 373 kB | 117 kB
Progress (5): 19 kB | 11/30 MB | 360 kB | 373 kB | 117 kB
Progress (5): 19 kB | 11/30 MB | 360 kB | 373 kB | 117 kB
Progress (5): 19 kB | 11/30 MB | 360 kB | 373 kB | 117 kB
Progress (5): 19 kB | 11/30 MB | 360 kB | 373 kB | 117 kB
Progress (5): 19 kB | 11/30 MB | 360 kB | 373 kB | 117 kB
Progress (5): 19 kB | 11/30 MB | 360 kB | 373 kB | 117 kB
Progress (5): 19 kB | 11/30 MB | 360 kB | 373 kB | 117 kB
Progress (5): 19 kB | 11/30 MB | 360 kB | 373 kB | 117 kB
Progress (5): 19 kB | 11/30 MB | 360 kB | 373 kB | 117 kB
Progress (5): 19 kB | 11/30 MB | 360 kB | 373 kB | 117 kB
Progress (5): 19 kB | 11/30 MB | 360 kB | 373 kB | 117 kB
Progress (5): 19 kB | 11/30 MB | 360 kB | 373 kB | 117 kB
Progress (5): 19 kB | 11/30 MB | 360 kB | 373 kB | 117 kB
Progress (5): 19 kB | 11/30 MB | 360 kB | 373 kB | 117 kB
Progress (5): 19 kB | 11/30 MB | 360 kB | 373 kB | 117 kB
Progress (5): 19 kB | 11/30 MB | 360 kB | 373 kB | 117 kB
Progress (5): 19 kB | 11/30 MB | 360 kB | 373 kB | 117 kB
Progress (5): 19 kB | 11/30 MB | 360 kB | 373 kB | 117 kB
Progress (5): 19 kB | 11/30 MB | 360 kB | 373 kB | 117 kB
Progress (5): 19 kB | 11/30 MB | 360 kB | 373 kB | 117 kB
Progress (5): 19 kB | 11/30 MB | 360 kB | 373 kB | 117 kB
Progress (5): 19 kB | 11/30 MB | 360 kB | 373 kB | 117 kB
Progress (5): 19 kB | 11/30 MB | 360 kB | 373 kB | 117 kB
Progress (5): 19 kB | 11/30 MB | 360 kB | 373 kB | 117 kB
Progress (5): 19 kB | 11/30 MB | 360 kB | 373 kB | 117 kB
Progress (5): 19 kB | 11/30 MB | 360 kB | 373 kB | 117 kB
Progress (5): 19 kB | 11/30 MB | 360 kB | 373 kB | 117 kB
Progress (5): 19 kB | 11/30 MB | 360 kB | 373 kB | 117 kB
Progress (5): 19 kB | 11/30 MB | 360 kB | 373 kB | 117 kB
Progress (5): 19 kB | 11/30 MB | 360 kB | 373 kB | 117 kB
Progress (5): 19 kB | 11/30 MB | 360 kB | 373 kB | 117 kB
Progress (5): 19 kB | 11/30 MB | 360 kB | 373 kB | 117 kB
Progress (5): 19 kB | 11/30 MB | 360 kB | 373 kB | 117 kB
Progress (5): 19 kB | 11/30 MB | 360 kB | 373 kB | 117 kB
Progress (5): 19 kB | 11/30 MB | 360 kB | 373 kB | 117 kB
Progress (5): 19 kB | 11/30 MB | 360 kB | 373 kB | 117 kB
Progress (5): 19 kB | 11/30 MB | 360 kB | 373 kB | 117 kB
Progress (5): 19 kB | 11/30 MB | 360 kB | 373 kB | 117 kB
Progress (5): 19 kB | 11/30 MB | 360 kB | 373 kB | 117 kB
Progress (5): 19 kB | 11/30 MB | 360 kB | 373 kB | 117 kB
Progress (5): 19 kB | 11/30 MB | 360 kB | 373 kB | 117 kB
Progress (5): 19 kB | 11/30 MB | 360 kB | 373 kB | 117 kB
Progress (5): 19 kB | 11/30 MB | 360 kB | 373 kB | 117 kB
Progress (5): 19 kB | 11/30 MB | 360 kB | 373 kB | 117 kB
Progress (5): 19 kB | 11/30 MB | 360 kB | 373 kB | 117 kB
Progress (5): 19 kB | 11/30 MB | 360 kB | 373 kB | 117 kB
Progress (5): 19 kB | 11/30 MB | 360 kB | 373 kB | 117 kB
Progress (5): 19 kB | 11/30 MB | 360 kB | 373 kB | 117 kB
Progress (5): 19 kB | 11/30 MB | 360 kB | 373 kB | 117 kB
Progress (5): 19 kB | 11/30 MB | 360 kB | 373 kB | 117 kB
Progress (5): 19 kB | 11/30 MB | 360 kB | 373 kB | 117 kB
Progress (5): 19 kB | 12/30 MB | 360 kB | 373 kB | 117 kB
Progress (5): 19 kB | 12/30 MB | 360 kB | 373 kB | 117 kB
Progress (5): 19 kB | 12/30 MB | 360 kB | 373 kB | 117 kB
Progress (5): 19 kB | 12/30 MB | 360 kB | 373 kB | 117 kB
Progress (5): 19 kB | 12/30 MB | 360 kB | 373 kB | 117 kB
Progress (5): 19 kB | 12/30 MB | 360 kB | 373 kB | 117 kB
Progress (5): 19 kB | 12/30 MB | 360 kB | 373 kB | 117 kB
Progress (5): 19 kB | 12/30 MB | 360 kB | 373 kB | 117 kB
Progress (5): 19 kB | 12/30 MB | 360 kB | 373 kB | 117 kB
Progress (5): 19 kB | 12/30 MB | 360 kB | 373 kB | 117 kB
Progress (5): 19 kB | 12/30 MB | 360 kB | 373 kB | 117 kB
Progress (5): 19 kB | 12/30 MB | 360 kB | 373 kB | 117 kB
Progress (5): 19 kB | 12/30 MB | 360 kB | 373 kB | 117 kB
Progress (5): 19 kB | 12/30 MB | 360 kB | 373 kB | 117 kB
Progress (5): 19 kB | 12/30 MB | 360 kB | 373 kB | 117 kB
Progress (5): 19 kB | 12/30 MB | 360 kB | 373 kB | 117 kB
Progress (5): 19 kB | 12/30 MB | 360 kB | 373 kB | 117 kB
Progress (5): 19 kB | 12/30 MB | 360 kB | 373 kB | 117 kB
Progress (5): 19 kB | 12/30 MB | 360 kB | 373 kB | 117 kB
Progress (5): 19 kB | 12/30 MB | 360 kB | 373 kB | 117 kB
Progress (5): 19 kB | 12/30 MB | 360 kB | 373 kB | 117 kB
Progress (5): 19 kB | 12/30 MB | 360 kB | 373 kB | 117 kB
                                                         
Downloaded from aliyunmaven: https://maven.aliyun.com/repository/public/com/squareup/okio/okio-jvm/3.4.0/okio-jvm-3.4.0.jar (360 kB at 136 kB/s)
Downloading from aliyunmaven: https://maven.aliyun.com/repository/public/commons-validator/commons-validator/1.7/commons-validator-1.7.jar
Downloaded from aliyunmaven: https://maven.aliyun.com/repository/public/com/googlecode/concurrentlinkedhashmap/concurrentlinkedhashmap-lru/1.4.2/concurrentlinkedhashmap-lru-1.4.2.jar (117 kB at 44 kB/s)
Downloading from aliyunmaven: https://maven.aliyun.com/repository/public/commons-beanutils/commons-beanutils/1.9.4/commons-beanutils-1.9.4.jar
Progress (3): 19 kB | 12/30 MB | 373 kB
Progress (3): 19 kB | 12/30 MB | 373 kB
Progress (3): 19 kB | 12/30 MB | 373 kB
Progress (3): 19 kB | 12/30 MB | 373 kB
Progress (3): 19 kB | 12/30 MB | 373 kB
Progress (3): 19 kB | 12/30 MB | 373 kB
Progress (3): 19 kB | 12/30 MB | 373 kB
Progress (3): 19 kB | 12/30 MB | 373 kB
Progress (3): 19 kB | 12/30 MB | 373 kB
Progress (3): 19 kB | 12/30 MB | 373 kB
Progress (3): 19 kB | 12/30 MB | 373 kB
Progress (3): 19 kB | 12/30 MB | 373 kB
Progress (3): 19 kB | 12/30 MB | 373 kB
Progress (3): 19 kB | 12/30 MB | 373 kB
Progress (3): 19 kB | 12/30 MB | 373 kB
Progress (3): 19 kB | 12/30 MB | 373 kB
Progress (3): 19 kB | 12/30 MB | 373 kB
Progress (3): 19 kB | 12/30 MB | 373 kB
Progress (3): 19 kB | 12/30 MB | 373 kB
Progress (3): 19 kB | 12/30 MB | 373 kB
Progress (3): 19 kB | 12/30 MB | 373 kB
Progress (3): 19 kB | 12/30 MB | 373 kB
Progress (3): 19 kB | 12/30 MB | 373 kB
Progress (3): 19 kB | 12/30 MB | 373 kB
Progress (3): 19 kB | 12/30 MB | 373 kB
Progress (3): 19 kB | 12/30 MB | 373 kB
Progress (3): 19 kB | 12/30 MB | 373 kB
Progress (3): 19 kB | 12/30 MB | 373 kB
Progress (3): 19 kB | 12/30 MB | 373 kB
Progress (3): 19 kB | 12/30 MB | 373 kB
Progress (3): 19 kB | 12/30 MB | 373 kB
Progress (3): 19 kB | 12/30 MB | 373 kB
Progress (3): 19 kB | 12/30 MB | 373 kB
Progress (3): 19 kB | 12/30 MB | 373 kB
Progress (4): 19 kB | 12/30 MB | 373 kB | 7.3/190 kB
Progress (4): 19 kB | 12/30 MB | 373 kB | 15/190 kB 
Progress (4): 19 kB | 12/30 MB | 373 kB | 32/190 kB
Progress (4): 19 kB | 12/30 MB | 373 kB | 48/190 kB
Progress (4): 19 kB | 12/30 MB | 373 kB | 65/190 kB
Progress (4): 19 kB | 12/30 MB | 373 kB | 81/190 kB
Progress (4): 19 kB | 12/30 MB | 373 kB | 97/190 kB
Progress (4): 19 kB | 12/30 MB | 373 kB | 114/190 kB
Progress (4): 19 kB | 12/30 MB | 373 kB | 130/190 kB
Progress (4): 19 kB | 12/30 MB | 373 kB | 146/190 kB
Progress (4): 19 kB | 12/30 MB | 373 kB | 163/190 kB
Progress (4): 19 kB | 12/30 MB | 373 kB | 179/190 kB
Progress (4): 19 kB | 12/30 MB | 373 kB | 190 kB    
Progress (5): 19 kB | 12/30 MB | 373 kB | 190 kB | 7.3/247 kB
Progress (5): 19 kB | 12/30 MB | 373 kB | 190 kB | 16/247 kB 
Progress (5): 19 kB | 12/30 MB | 373 kB | 190 kB | 32/247 kB
Progress (5): 19 kB | 12/30 MB | 373 kB | 190 kB | 48/247 kB
Progress (5): 19 kB | 12/30 MB | 373 kB | 190 kB | 65/247 kB
Progress (5): 19 kB | 12/30 MB | 373 kB | 190 kB | 81/247 kB
Progress (5): 19 kB | 12/30 MB | 373 kB | 190 kB | 97/247 kB
Progress (5): 19 kB | 12/30 MB | 373 kB | 190 kB | 114/247 kB
Progress (5): 19 kB | 12/30 MB | 373 kB | 190 kB | 114/247 kB
Progress (5): 19 kB | 12/30 MB | 373 kB | 190 kB | 114/247 kB
Progress (5): 19 kB | 12/30 MB | 373 kB | 190 kB | 114/247 kB
Progress (5): 19 kB | 12/30 MB | 373 kB | 190 kB | 114/247 kB
Progress (5): 19 kB | 12/30 MB | 373 kB | 190 kB | 114/247 kB
Progress (5): 19 kB | 13/30 MB | 373 kB | 190 kB | 114/247 kB
Progress (5): 19 kB | 13/30 MB | 373 kB | 190 kB | 114/247 kB
Progress (5): 19 kB | 13/30 MB | 373 kB | 190 kB | 130/247 kB
Progress (5): 19 kB | 13/30 MB | 373 kB | 190 kB | 146/247 kB
Progress (5): 19 kB | 13/30 MB | 373 kB | 190 kB | 163/247 kB
Progress (5): 19 kB | 13/30 MB | 373 kB | 190 kB | 179/247 kB
Progress (5): 19 kB | 13/30 MB | 373 kB | 190 kB | 179/247 kB
Progress (5): 19 kB | 13/30 MB | 373 kB | 190 kB | 179/247 kB
Progress (5): 19 kB | 13/30 MB | 373 kB | 190 kB | 179/247 kB
Progress (5): 19 kB | 13/30 MB | 373 kB | 190 kB | 179/247 kB
Progress (5): 19 kB | 13/30 MB | 373 kB | 190 kB | 179/247 kB
Progress (5): 19 kB | 13/30 MB | 373 kB | 190 kB | 179/247 kB
Progress (5): 19 kB | 13/30 MB | 373 kB | 190 kB | 179/247 kB
Progress (5): 19 kB | 13/30 MB | 373 kB | 190 kB | 179/247 kB
Progress (5): 19 kB | 13/30 MB | 373 kB | 190 kB | 196/247 kB
Progress (5): 19 kB | 13/30 MB | 373 kB | 190 kB | 212/247 kB
Progress (5): 19 kB | 13/30 MB | 373 kB | 190 kB | 228/247 kB
Progress (5): 19 kB | 13/30 MB | 373 kB | 190 kB | 245/247 kB
Progress (5): 19 kB | 13/30 MB | 373 kB | 190 kB | 247 kB    
Progress (5): 19 kB | 13/30 MB | 373 kB | 190 kB | 247 kB
Progress (5): 19 kB | 13/30 MB | 373 kB | 190 kB | 247 kB
Progress (5): 19 kB | 13/30 MB | 373 kB | 190 kB | 247 kB
Progress (5): 19 kB | 13/30 MB | 373 kB | 190 kB | 247 kB
Progress (5): 19 kB | 13/30 MB | 373 kB | 190 kB | 247 kB
Progress (5): 19 kB | 13/30 MB | 373 kB | 190 kB | 247 kB
Progress (5): 19 kB | 13/30 MB | 373 kB | 190 kB | 247 kB
Progress (5): 19 kB | 13/30 MB | 373 kB | 190 kB | 247 kB
Progress (5): 19 kB | 13/30 MB | 373 kB | 190 kB | 247 kB
Progress (5): 19 kB | 13/30 MB | 373 kB | 190 kB | 247 kB
Progress (5): 19 kB | 13/30 MB | 373 kB | 190 kB | 247 kB
Progress (5): 19 kB | 13/30 MB | 373 kB | 190 kB | 247 kB
Progress (5): 19 kB | 13/30 MB | 373 kB | 190 kB | 247 kB
Progress (5): 19 kB | 13/30 MB | 373 kB | 190 kB | 247 kB
Progress (5): 19 kB | 13/30 MB | 373 kB | 190 kB | 247 kB
Progress (5): 19 kB | 13/30 MB | 373 kB | 190 kB | 247 kB
Progress (5): 19 kB | 13/30 MB | 373 kB | 190 kB | 247 kB
Progress (5): 19 kB | 13/30 MB | 373 kB | 190 kB | 247 kB
Progress (5): 19 kB | 13/30 MB | 373 kB | 190 kB | 247 kB
Progress (5): 19 kB | 13/30 MB | 373 kB | 190 kB | 247 kB
Progress (5): 19 kB | 13/30 MB | 373 kB | 190 kB | 247 kB
Progress (5): 19 kB | 13/30 MB | 373 kB | 190 kB | 247 kB
Progress (5): 19 kB | 13/30 MB | 373 kB | 190 kB | 247 kB
Progress (5): 19 kB | 13/30 MB | 373 kB | 190 kB | 247 kB
Progress (5): 19 kB | 13/30 MB | 373 kB | 190 kB | 247 kB
Progress (5): 19 kB | 13/30 MB | 373 kB | 190 kB | 247 kB
Progress (5): 19 kB | 13/30 MB | 373 kB | 190 kB | 247 kB
Progress (5): 19 kB | 13/30 MB | 373 kB | 190 kB | 247 kB
Progress (5): 19 kB | 13/30 MB | 373 kB | 190 kB | 247 kB
Progress (5): 19 kB | 13/30 MB | 373 kB | 190 kB | 247 kB
Progress (5): 19 kB | 13/30 MB | 373 kB | 190 kB | 247 kB
Progress (5): 19 kB | 13/30 MB | 373 kB | 190 kB | 247 kB
Progress (5): 19 kB | 13/30 MB | 373 kB | 190 kB | 247 kB
Progress (5): 19 kB | 13/30 MB | 373 kB | 190 kB | 247 kB
Progress (5): 19 kB | 13/30 MB | 373 kB | 190 kB | 247 kB
Progress (5): 19 kB | 13/30 MB | 373 kB | 190 kB | 247 kB
Progress (5): 19 kB | 13/30 MB | 373 kB | 190 kB | 247 kB
Progress (5): 19 kB | 13/30 MB | 373 kB | 190 kB | 247 kB
Progress (5): 19 kB | 13/30 MB | 373 kB | 190 kB | 247 kB
Progress (5): 19 kB | 13/30 MB | 373 kB | 190 kB | 247 kB
Progress (5): 19 kB | 13/30 MB | 373 kB | 190 kB | 247 kB
Progress (5): 19 kB | 13/30 MB | 373 kB | 190 kB | 247 kB
Progress (5): 19 kB | 13/30 MB | 373 kB | 190 kB | 247 kB
Progress (5): 19 kB | 13/30 MB | 373 kB | 190 kB | 247 kB
Progress (5): 19 kB | 13/30 MB | 373 kB | 190 kB | 247 kB
Progress (5): 19 kB | 13/30 MB | 373 kB | 190 kB | 247 kB
Progress (5): 19 kB | 13/30 MB | 373 kB | 190 kB | 247 kB
Progress (5): 19 kB | 13/30 MB | 373 kB | 190 kB | 247 kB
Progress (5): 19 kB | 13/30 MB | 373 kB | 190 kB | 247 kB
Progress (5): 19 kB | 13/30 MB | 373 kB | 190 kB | 247 kB
Progress (5): 19 kB | 13/30 MB | 373 kB | 190 kB | 247 kB
Progress (5): 19 kB | 14/30 MB | 373 kB | 190 kB | 247 kB
Progress (5): 19 kB | 14/30 MB | 373 kB | 190 kB | 247 kB
Progress (5): 19 kB | 14/30 MB | 373 kB | 190 kB | 247 kB
Progress (5): 19 kB | 14/30 MB | 373 kB | 190 kB | 247 kB
Progress (5): 19 kB | 14/30 MB | 373 kB | 190 kB | 247 kB
Progress (5): 19 kB | 14/30 MB | 373 kB | 190 kB | 247 kB
Progress (5): 19 kB | 14/30 MB | 373 kB | 190 kB | 247 kB
Progress (5): 19 kB | 14/30 MB | 373 kB | 190 kB | 247 kB
Progress (5): 19 kB | 14/30 MB | 373 kB | 190 kB | 247 kB
Progress (5): 19 kB | 14/30 MB | 373 kB | 190 kB | 247 kB
Progress (5): 19 kB | 14/30 MB | 373 kB | 190 kB | 247 kB
Progress (5): 19 kB | 14/30 MB | 373 kB | 190 kB | 247 kB
Progress (5): 19 kB | 14/30 MB | 373 kB | 190 kB | 247 kB
Progress (5): 19 kB | 14/30 MB | 373 kB | 190 kB | 247 kB
Progress (5): 19 kB | 14/30 MB | 373 kB | 190 kB | 247 kB
Progress (5): 19 kB | 14/30 MB | 373 kB | 190 kB | 247 kB
Progress (5): 19 kB | 14/30 MB | 373 kB | 190 kB | 247 kB
Progress (5): 19 kB | 14/30 MB | 373 kB | 190 kB | 247 kB
Progress (5): 19 kB | 14/30 MB | 373 kB | 190 kB | 247 kB
Progress (5): 19 kB | 14/30 MB | 373 kB | 190 kB | 247 kB
Progress (5): 19 kB | 14/30 MB | 373 kB | 190 kB | 247 kB
Progress (5): 19 kB | 14/30 MB | 373 kB | 190 kB | 247 kB
Progress (5): 19 kB | 14/30 MB | 373 kB | 190 kB | 247 kB
Progress (5): 19 kB | 14/30 MB | 373 kB | 190 kB | 247 kB
Progress (5): 19 kB | 14/30 MB | 373 kB | 190 kB | 247 kB
Progress (5): 19 kB | 14/30 MB | 373 kB | 190 kB | 247 kB
Progress (5): 19 kB | 14/30 MB | 373 kB | 190 kB | 247 kB
Progress (5): 19 kB | 14/30 MB | 373 kB | 190 kB | 247 kB
Progress (5): 19 kB | 14/30 MB | 373 kB | 190 kB | 247 kB
Progress (5): 19 kB | 14/30 MB | 373 kB | 190 kB | 247 kB
Progress (5): 19 kB | 14/30 MB | 373 kB | 190 kB | 247 kB
Progress (5): 19 kB | 14/30 MB | 373 kB | 190 kB | 247 kB
Progress (5): 19 kB | 14/30 MB | 373 kB | 190 kB | 247 kB
Progress (5): 19 kB | 14/30 MB | 373 kB | 190 kB | 247 kB
Progress (5): 19 kB | 14/30 MB | 373 kB | 190 kB | 247 kB
Progress (5): 19 kB | 14/30 MB | 373 kB | 190 kB | 247 kB
Progress (5): 19 kB | 14/30 MB | 373 kB | 190 kB | 247 kB
Progress (5): 19 kB | 14/30 MB | 373 kB | 190 kB | 247 kB
Progress (5): 19 kB | 14/30 MB | 373 kB | 190 kB | 247 kB
Progress (5): 19 kB | 14/30 MB | 373 kB | 190 kB | 247 kB
Progress (5): 19 kB | 14/30 MB | 373 kB | 190 kB | 247 kB
Progress (5): 19 kB | 14/30 MB | 373 kB | 190 kB | 247 kB
Progress (5): 19 kB | 14/30 MB | 373 kB | 190 kB | 247 kB
Progress (5): 19 kB | 14/30 MB | 373 kB | 190 kB | 247 kB
                                                         
Downloaded from aliyunmaven: https://maven.aliyun.com/repository/public/commons-validator/commons-validator/1.7/commons-validator-1.7.jar (190 kB at 70 kB/s)
Downloading from aliyunmaven: https://maven.aliyun.com/repository/public/commons-digester/commons-digester/2.1/commons-digester-2.1.jar
Progress (4): 19 kB | 14/30 MB | 373 kB | 247 kB
Progress (4): 19 kB | 14/30 MB | 373 kB | 247 kB
Progress (4): 19 kB | 14/30 MB | 373 kB | 247 kB
Progress (4): 19 kB | 14/30 MB | 373 kB | 247 kB
Progress (4): 19 kB | 14/30 MB | 373 kB | 247 kB
Progress (4): 19 kB | 14/30 MB | 373 kB | 247 kB
Progress (4): 19 kB | 14/30 MB | 373 kB | 247 kB
Progress (4): 19 kB | 14/30 MB | 373 kB | 247 kB
Progress (4): 19 kB | 14/30 MB | 373 kB | 247 kB
Progress (4): 19 kB | 14/30 MB | 373 kB | 247 kB
Progress (4): 19 kB | 14/30 MB | 373 kB | 247 kB
Progress (4): 19 kB | 14/30 MB | 373 kB | 247 kB
Progress (4): 19 kB | 14/30 MB | 373 kB | 247 kB
Progress (4): 19 kB | 14/30 MB | 373 kB | 247 kB
Progress (4): 19 kB | 14/30 MB | 373 kB | 247 kB
Progress (4): 19 kB | 14/30 MB | 373 kB | 247 kB
Progress (4): 19 kB | 14/30 MB | 373 kB | 247 kB
Progress (4): 19 kB | 14/30 MB | 373 kB | 247 kB
Progress (4): 19 kB | 15/30 MB | 373 kB | 247 kB
Progress (4): 19 kB | 15/30 MB | 373 kB | 247 kB
Progress (4): 19 kB | 15/30 MB | 373 kB | 247 kB
Progress (4): 19 kB | 15/30 MB | 373 kB | 247 kB
Progress (4): 19 kB | 15/30 MB | 373 kB | 247 kB
Progress (4): 19 kB | 15/30 MB | 373 kB | 247 kB
Progress (4): 19 kB | 15/30 MB | 373 kB | 247 kB
Progress (4): 19 kB | 15/30 MB | 373 kB | 247 kB
Progress (4): 19 kB | 15/30 MB | 373 kB | 247 kB
Progress (4): 19 kB | 15/30 MB | 373 kB | 247 kB
Progress (4): 19 kB | 15/30 MB | 373 kB | 247 kB
Progress (4): 19 kB | 15/30 MB | 373 kB | 247 kB
Progress (4): 19 kB | 15/30 MB | 373 kB | 247 kB
                                                
Downloaded from aliyunmaven: https://maven.aliyun.com/repository/public/commons-beanutils/commons-beanutils/1.9.4/commons-beanutils-1.9.4.jar (247 kB at 91 kB/s)
Downloading from aliyunmaven: https://maven.aliyun.com/repository/public/commons-logging/commons-logging/1.2/commons-logging-1.2.jar
Progress (3): 19 kB | 15/30 MB | 373 kB
Progress (3): 19 kB | 15/30 MB | 373 kB
Progress (3): 19 kB | 15/30 MB | 373 kB
                                       
Downloaded from aliyunmaven: https://maven.aliyun.com/repository/public/org/apache/rocketmq/rocketmq-srvutil/5.3.1/rocketmq-srvutil-5.3.1.jar (19 kB at 6.9 kB/s)
Downloading from aliyunmaven: https://maven.aliyun.com/repository/public/commons-collections/commons-collections/3.2.2/commons-collections-3.2.2.jar
Progress (2): 15/30 MB | 373 kB
Progress (2): 15/30 MB | 373 kB
Progress (2): 15/30 MB | 373 kB
Progress (2): 15/30 MB | 373 kB
Progress (2): 15/30 MB | 373 kB
Progress (2): 15/30 MB | 373 kB
Progress (2): 15/30 MB | 373 kB
Progress (2): 15/30 MB | 373 kB
Progress (2): 15/30 MB | 373 kB
Progress (2): 15/30 MB | 373 kB
Progress (3): 15/30 MB | 373 kB | 1.9/197 kB
Progress (3): 15/30 MB | 373 kB | 18/197 kB 
Progress (3): 15/30 MB | 373 kB | 18/197 kB
Progress (3): 15/30 MB | 373 kB | 35/197 kB
Progress (3): 15/30 MB | 373 kB | 51/197 kB
Progress (3): 15/30 MB | 373 kB | 51/197 kB
Progress (3): 15/30 MB | 373 kB | 67/197 kB
Progress (3): 15/30 MB | 373 kB | 84/197 kB
Progress (3): 15/30 MB | 373 kB | 97/197 kB
Progress (3): 15/30 MB | 373 kB | 113/197 kB
Progress (3): 15/30 MB | 373 kB | 120/197 kB
Progress (3): 15/30 MB | 373 kB | 137/197 kB
Progress (3): 15/30 MB | 373 kB | 145/197 kB
Progress (3): 15/30 MB | 373 kB | 161/197 kB
Progress (3): 15/30 MB | 373 kB | 178/197 kB
Progress (3): 15/30 MB | 373 kB | 194/197 kB
Progress (3): 15/30 MB | 373 kB | 197 kB    
Progress (3): 15/30 MB | 373 kB | 197 kB
Progress (3): 15/30 MB | 373 kB | 197 kB
Progress (3): 15/30 MB | 373 kB | 197 kB
Progress (3): 15/30 MB | 373 kB | 197 kB
Progress (3): 15/30 MB | 373 kB | 197 kB
Progress (3): 15/30 MB | 373 kB | 197 kB
Progress (3): 15/30 MB | 373 kB | 197 kB
Progress (3): 15/30 MB | 373 kB | 197 kB
Progress (3): 15/30 MB | 373 kB | 197 kB
Progress (3): 15/30 MB | 373 kB | 197 kB
Progress (3): 15/30 MB | 373 kB | 197 kB
Progress (3): 15/30 MB | 373 kB | 197 kB
Progress (3): 15/30 MB | 373 kB | 197 kB
Progress (3): 15/30 MB | 373 kB | 197 kB
Progress (3): 15/30 MB | 373 kB | 197 kB
Progress (3): 15/30 MB | 373 kB | 197 kB
Progress (3): 15/30 MB | 373 kB | 197 kB
Progress (3): 15/30 MB | 373 kB | 197 kB
Progress (3): 15/30 MB | 373 kB | 197 kB
Progress (4): 15/30 MB | 373 kB | 197 kB | 1.9/62 kB
Progress (4): 15/30 MB | 373 kB | 197 kB | 18/62 kB 
Progress (4): 15/30 MB | 373 kB | 197 kB | 30/62 kB
Progress (4): 15/30 MB | 373 kB | 197 kB | 30/62 kB
Progress (4): 15/30 MB | 373 kB | 197 kB | 46/62 kB
Progress (4): 15/30 MB | 373 kB | 197 kB | 46/62 kB
Progress (4): 15/30 MB | 373 kB | 197 kB | 62 kB   
Progress (4): 15/30 MB | 373 kB | 197 kB | 62 kB
Progress (5): 15/30 MB | 373 kB | 197 kB | 62 kB | 0.5/588 kB
Progress (5): 15/30 MB | 373 kB | 197 kB | 62 kB | 17/588 kB 
Progress (5): 15/30 MB | 373 kB | 197 kB | 62 kB | 28/588 kB
Progress (5): 15/30 MB | 373 kB | 197 kB | 62 kB | 28/588 kB
Progress (5): 15/30 MB | 373 kB | 197 kB | 62 kB | 45/588 kB
Progress (5): 15/30 MB | 373 kB | 197 kB | 62 kB | 61/588 kB
Progress (5): 15/30 MB | 373 kB | 197 kB | 62 kB | 77/588 kB
Progress (5): 15/30 MB | 373 kB | 197 kB | 62 kB | 77/588 kB
Progress (5): 15/30 MB | 373 kB | 197 kB | 62 kB | 77/588 kB
Progress (5): 15/30 MB | 373 kB | 197 kB | 62 kB | 77/588 kB
Progress (5): 15/30 MB | 373 kB | 197 kB | 62 kB | 77/588 kB
Progress (5): 15/30 MB | 373 kB | 197 kB | 62 kB | 77/588 kB
Progress (5): 15/30 MB | 373 kB | 197 kB | 62 kB | 77/588 kB
Progress (5): 15/30 MB | 373 kB | 197 kB | 62 kB | 94/588 kB
Progress (5): 15/30 MB | 373 kB | 197 kB | 62 kB | 94/588 kB
Progress (5): 15/30 MB | 373 kB | 197 kB | 62 kB | 110/588 kB
Progress (5): 15/30 MB | 373 kB | 197 kB | 62 kB | 122/588 kB
Progress (5): 15/30 MB | 373 kB | 197 kB | 62 kB | 138/588 kB
Progress (5): 15/30 MB | 373 kB | 197 kB | 62 kB | 144/588 kB
Progress (5): 15/30 MB | 373 kB | 197 kB | 62 kB | 144/588 kB
Progress (5): 15/30 MB | 373 kB | 197 kB | 62 kB | 144/588 kB
Progress (5): 15/30 MB | 373 kB | 197 kB | 62 kB | 144/588 kB
Progress (5): 16/30 MB | 373 kB | 197 kB | 62 kB | 144/588 kB
Progress (5): 16/30 MB | 373 kB | 197 kB | 62 kB | 160/588 kB
Progress (5): 16/30 MB | 373 kB | 197 kB | 62 kB | 161/588 kB
Progress (5): 16/30 MB | 373 kB | 197 kB | 62 kB | 177/588 kB
Progress (5): 16/30 MB | 373 kB | 197 kB | 62 kB | 181/588 kB
Progress (5): 16/30 MB | 373 kB | 197 kB | 62 kB | 192/588 kB
Progress (5): 16/30 MB | 373 kB | 197 kB | 62 kB | 195/588 kB
Progress (5): 16/30 MB | 373 kB | 197 kB | 62 kB | 200/588 kB
Progress (5): 16/30 MB | 373 kB | 197 kB | 62 kB | 215/588 kB
Progress (5): 16/30 MB | 373 kB | 197 kB | 62 kB | 231/588 kB
Progress (5): 16/30 MB | 373 kB | 197 kB | 62 kB | 248/588 kB
Progress (5): 16/30 MB | 373 kB | 197 kB | 62 kB | 264/588 kB
Progress (5): 16/30 MB | 373 kB | 197 kB | 62 kB | 281/588 kB
Progress (5): 16/30 MB | 373 kB | 197 kB | 62 kB | 294/588 kB
Progress (5): 16/30 MB | 373 kB | 197 kB | 62 kB | 310/588 kB
Progress (5): 16/30 MB | 373 kB | 197 kB | 62 kB | 311/588 kB
Progress (5): 16/30 MB | 373 kB | 197 kB | 62 kB | 328/588 kB
Progress (5): 16/30 MB | 373 kB | 197 kB | 62 kB | 344/588 kB
Progress (5): 16/30 MB | 373 kB | 197 kB | 62 kB | 361/588 kB
Progress (5): 16/30 MB | 373 kB | 197 kB | 62 kB | 377/588 kB
Progress (5): 16/30 MB | 373 kB | 197 kB | 62 kB | 393/588 kB
Progress (5): 16/30 MB | 373 kB | 197 kB | 62 kB | 410/588 kB
Progress (5): 16/30 MB | 373 kB | 197 kB | 62 kB | 426/588 kB
Progress (5): 16/30 MB | 373 kB | 197 kB | 62 kB | 443/588 kB
Progress (5): 16/30 MB | 373 kB | 197 kB | 62 kB | 459/588 kB
Progress (5): 16/30 MB | 373 kB | 197 kB | 62 kB | 475/588 kB
Progress (5): 16/30 MB | 373 kB | 197 kB | 62 kB | 492/588 kB
Progress (5): 16/30 MB | 373 kB | 197 kB | 62 kB | 508/588 kB
Progress (5): 16/30 MB | 373 kB | 197 kB | 62 kB | 524/588 kB
Progress (5): 16/30 MB | 373 kB | 197 kB | 62 kB | 524/588 kB
Progress (5): 16/30 MB | 373 kB | 197 kB | 62 kB | 524/588 kB
Progress (5): 16/30 MB | 373 kB | 197 kB | 62 kB | 524/588 kB
Progress (5): 16/30 MB | 373 kB | 197 kB | 62 kB | 524/588 kB
Progress (5): 16/30 MB | 373 kB | 197 kB | 62 kB | 524/588 kB
Progress (5): 16/30 MB | 373 kB | 197 kB | 62 kB | 524/588 kB
Progress (5): 16/30 MB | 373 kB | 197 kB | 62 kB | 524/588 kB
Progress (5): 16/30 MB | 373 kB | 197 kB | 62 kB | 524/588 kB
Progress (5): 16/30 MB | 373 kB | 197 kB | 62 kB | 524/588 kB
Progress (5): 16/30 MB | 373 kB | 197 kB | 62 kB | 524/588 kB
Progress (5): 16/30 MB | 373 kB | 197 kB | 62 kB | 524/588 kB
Progress (5): 16/30 MB | 373 kB | 197 kB | 62 kB | 541/588 kB
Progress (5): 16/30 MB | 373 kB | 197 kB | 62 kB | 557/588 kB
Progress (5): 16/30 MB | 373 kB | 197 kB | 62 kB | 557/588 kB
Progress (5): 16/30 MB | 373 kB | 197 kB | 62 kB | 574/588 kB
Progress (5): 16/30 MB | 373 kB | 197 kB | 62 kB | 574/588 kB
Progress (5): 16/30 MB | 373 kB | 197 kB | 62 kB | 574/588 kB
Progress (5): 16/30 MB | 373 kB | 197 kB | 62 kB | 574/588 kB
Progress (5): 16/30 MB | 373 kB | 197 kB | 62 kB | 588 kB    
Progress (5): 16/30 MB | 373 kB | 197 kB | 62 kB | 588 kB
Progress (5): 16/30 MB | 373 kB | 197 kB | 62 kB | 588 kB
Progress (5): 16/30 MB | 373 kB | 197 kB | 62 kB | 588 kB
Progress (5): 16/30 MB | 373 kB | 197 kB | 62 kB | 588 kB
Progress (5): 16/30 MB | 373 kB | 197 kB | 62 kB | 588 kB
Progress (5): 16/30 MB | 373 kB | 197 kB | 62 kB | 588 kB
Progress (5): 16/30 MB | 373 kB | 197 kB | 62 kB | 588 kB
Progress (5): 16/30 MB | 373 kB | 197 kB | 62 kB | 588 kB
Progress (5): 16/30 MB | 373 kB | 197 kB | 62 kB | 588 kB
Progress (5): 16/30 MB | 373 kB | 197 kB | 62 kB | 588 kB
Progress (5): 16/30 MB | 373 kB | 197 kB | 62 kB | 588 kB
Progress (5): 16/30 MB | 373 kB | 197 kB | 62 kB | 588 kB
Progress (5): 16/30 MB | 373 kB | 197 kB | 62 kB | 588 kB
Progress (5): 16/30 MB | 373 kB | 197 kB | 62 kB | 588 kB
Progress (5): 16/30 MB | 373 kB | 197 kB | 62 kB | 588 kB
Progress (5): 16/30 MB | 373 kB | 197 kB | 62 kB | 588 kB
Progress (5): 16/30 MB | 373 kB | 197 kB | 62 kB | 588 kB
Progress (5): 16/30 MB | 373 kB | 197 kB | 62 kB | 588 kB
Progress (5): 16/30 MB | 373 kB | 197 kB | 62 kB | 588 kB
Progress (5): 16/30 MB | 373 kB | 197 kB | 62 kB | 588 kB
                                                         
Downloaded from aliyunmaven: https://maven.aliyun.com/repository/public/commons-codec/commons-codec/1.18.0/commons-codec-1.18.0.jar (373 kB at 137 kB/s)
Downloading from aliyunmaven: https://maven.aliyun.com/repository/public/com/google/protobuf/protobuf-java-util/3.20.1/protobuf-java-util-3.20.1.jar
Progress (4): 16/30 MB | 197 kB | 62 kB | 588 kB
Progress (4): 16/30 MB | 197 kB | 62 kB | 588 kB
Progress (4): 16/30 MB | 197 kB | 62 kB | 588 kB
Progress (4): 16/30 MB | 197 kB | 62 kB | 588 kB
Progress (4): 16/30 MB | 197 kB | 62 kB | 588 kB
Progress (4): 16/30 MB | 197 kB | 62 kB | 588 kB
Progress (4): 16/30 MB | 197 kB | 62 kB | 588 kB
Progress (4): 16/30 MB | 197 kB | 62 kB | 588 kB
Progress (4): 16/30 MB | 197 kB | 62 kB | 588 kB
Progress (4): 16/30 MB | 197 kB | 62 kB | 588 kB
Progress (4): 16/30 MB | 197 kB | 62 kB | 588 kB
Progress (4): 16/30 MB | 197 kB | 62 kB | 588 kB
Progress (4): 16/30 MB | 197 kB | 62 kB | 588 kB
Progress (4): 16/30 MB | 197 kB | 62 kB | 588 kB
Progress (4): 16/30 MB | 197 kB | 62 kB | 588 kB
Progress (4): 16/30 MB | 197 kB | 62 kB | 588 kB
Progress (4): 16/30 MB | 197 kB | 62 kB | 588 kB
Progress (4): 16/30 MB | 197 kB | 62 kB | 588 kB
Progress (4): 16/30 MB | 197 kB | 62 kB | 588 kB
Progress (4): 16/30 MB | 197 kB | 62 kB | 588 kB
Progress (4): 16/30 MB | 197 kB | 62 kB | 588 kB
Progress (4): 16/30 MB | 197 kB | 62 kB | 588 kB
Progress (4): 16/30 MB | 197 kB | 62 kB | 588 kB
Progress (4): 16/30 MB | 197 kB | 62 kB | 588 kB
Progress (4): 16/30 MB | 197 kB | 62 kB | 588 kB
Progress (4): 17/30 MB | 197 kB | 62 kB | 588 kB
Progress (4): 17/30 MB | 197 kB | 62 kB | 588 kB
Progress (4): 17/30 MB | 197 kB | 62 kB | 588 kB
Progress (4): 17/30 MB | 197 kB | 62 kB | 588 kB
Progress (4): 17/30 MB | 197 kB | 62 kB | 588 kB
Progress (4): 17/30 MB | 197 kB | 62 kB | 588 kB
Progress (4): 17/30 MB | 197 kB | 62 kB | 588 kB
Progress (4): 17/30 MB | 197 kB | 62 kB | 588 kB
Progress (5): 17/30 MB | 197 kB | 62 kB | 588 kB | 1.9/74 kB
Progress (5): 17/30 MB | 197 kB | 62 kB | 588 kB | 18/74 kB 
Progress (5): 17/30 MB | 197 kB | 62 kB | 588 kB | 35/74 kB
Progress (5): 17/30 MB | 197 kB | 62 kB | 588 kB | 51/74 kB
Progress (5): 17/30 MB | 197 kB | 62 kB | 588 kB | 67/74 kB
Progress (5): 17/30 MB | 197 kB | 62 kB | 588 kB | 74 kB   
                                                        
Downloaded from aliyunmaven: https://maven.aliyun.com/repository/public/commons-digester/commons-digester/2.1/commons-digester-2.1.jar (197 kB at 72 kB/s)
Downloading from aliyunmaven: https://maven.aliyun.com/repository/public/com/google/protobuf/protobuf-java/3.20.1/protobuf-java-3.20.1.jar
Progress (4): 17/30 MB | 62 kB | 588 kB | 74 kB
Progress (4): 17/30 MB | 62 kB | 588 kB | 74 kB
Progress (4): 17/30 MB | 62 kB | 588 kB | 74 kB
Progress (4): 17/30 MB | 62 kB | 588 kB | 74 kB
Progress (4): 17/30 MB | 62 kB | 588 kB | 74 kB
Progress (4): 17/30 MB | 62 kB | 588 kB | 74 kB
Progress (4): 17/30 MB | 62 kB | 588 kB | 74 kB
Progress (4): 17/30 MB | 62 kB | 588 kB | 74 kB
Progress (4): 17/30 MB | 62 kB | 588 kB | 74 kB
Progress (4): 17/30 MB | 62 kB | 588 kB | 74 kB
Progress (4): 17/30 MB | 62 kB | 588 kB | 74 kB
Progress (4): 17/30 MB | 62 kB | 588 kB | 74 kB
Progress (4): 17/30 MB | 62 kB | 588 kB | 74 kB
Progress (4): 17/30 MB | 62 kB | 588 kB | 74 kB
Progress (4): 17/30 MB | 62 kB | 588 kB | 74 kB
Progress (4): 17/30 MB | 62 kB | 588 kB | 74 kB
Progress (4): 17/30 MB | 62 kB | 588 kB | 74 kB
Progress (4): 17/30 MB | 62 kB | 588 kB | 74 kB
Progress (4): 17/30 MB | 62 kB | 588 kB | 74 kB
Progress (4): 17/30 MB | 62 kB | 588 kB | 74 kB
Progress (4): 17/30 MB | 62 kB | 588 kB | 74 kB
Progress (4): 17/30 MB | 62 kB | 588 kB | 74 kB
Progress (4): 17/30 MB | 62 kB | 588 kB | 74 kB
Progress (4): 17/30 MB | 62 kB | 588 kB | 74 kB
Progress (4): 17/30 MB | 62 kB | 588 kB | 74 kB
Progress (4): 17/30 MB | 62 kB | 588 kB | 74 kB
Progress (4): 17/30 MB | 62 kB | 588 kB | 74 kB
Progress (4): 17/30 MB | 62 kB | 588 kB | 74 kB
Progress (4): 17/30 MB | 62 kB | 588 kB | 74 kB
Progress (4): 17/30 MB | 62 kB | 588 kB | 74 kB
Progress (4): 17/30 MB | 62 kB | 588 kB | 74 kB
Progress (4): 17/30 MB | 62 kB | 588 kB | 74 kB
Progress (4): 17/30 MB | 62 kB | 588 kB | 74 kB
Progress (4): 17/30 MB | 62 kB | 588 kB | 74 kB
Progress (4): 17/30 MB | 62 kB | 588 kB | 74 kB
Progress (4): 17/30 MB | 62 kB | 588 kB | 74 kB
Progress (4): 17/30 MB | 62 kB | 588 kB | 74 kB
Progress (4): 17/30 MB | 62 kB | 588 kB | 74 kB
Progress (4): 17/30 MB | 62 kB | 588 kB | 74 kB
Progress (4): 17/30 MB | 62 kB | 588 kB | 74 kB
Progress (4): 17/30 MB | 62 kB | 588 kB | 74 kB
Progress (4): 17/30 MB | 62 kB | 588 kB | 74 kB
Progress (4): 17/30 MB | 62 kB | 588 kB | 74 kB
Progress (4): 17/30 MB | 62 kB | 588 kB | 74 kB
Progress (4): 17/30 MB | 62 kB | 588 kB | 74 kB
Progress (4): 17/30 MB | 62 kB | 588 kB | 74 kB
Progress (4): 17/30 MB | 62 kB | 588 kB | 74 kB
Progress (4): 17/30 MB | 62 kB | 588 kB | 74 kB
Progress (4): 17/30 MB | 62 kB | 588 kB | 74 kB
Progress (4): 17/30 MB | 62 kB | 588 kB | 74 kB
Progress (4): 17/30 MB | 62 kB | 588 kB | 74 kB
Progress (5): 17/30 MB | 62 kB | 588 kB | 74 kB | 0/1.7 MB
Progress (5): 17/30 MB | 62 kB | 588 kB | 74 kB | 0/1.7 MB
Progress (5): 17/30 MB | 62 kB | 588 kB | 74 kB | 0/1.7 MB
Progress (5): 17/30 MB | 62 kB | 588 kB | 74 kB | 0/1.7 MB
Progress (5): 17/30 MB | 62 kB | 588 kB | 74 kB | 0/1.7 MB
Progress (5): 17/30 MB | 62 kB | 588 kB | 74 kB | 0/1.7 MB
Progress (5): 17/30 MB | 62 kB | 588 kB | 74 kB | 0.1/1.7 MB
Progress (5): 18/30 MB | 62 kB | 588 kB | 74 kB | 0.1/1.7 MB
Progress (5): 18/30 MB | 62 kB | 588 kB | 74 kB | 0.1/1.7 MB
Progress (5): 18/30 MB | 62 kB | 588 kB | 74 kB | 0.1/1.7 MB
Progress (5): 18/30 MB | 62 kB | 588 kB | 74 kB | 0.1/1.7 MB
Progress (5): 18/30 MB | 62 kB | 588 kB | 74 kB | 0.1/1.7 MB
Progress (5): 18/30 MB | 62 kB | 588 kB | 74 kB | 0.1/1.7 MB
Progress (5): 18/30 MB | 62 kB | 588 kB | 74 kB | 0.1/1.7 MB
Progress (5): 18/30 MB | 62 kB | 588 kB | 74 kB | 0.1/1.7 MB
Progress (5): 18/30 MB | 62 kB | 588 kB | 74 kB | 0.1/1.7 MB
Progress (5): 18/30 MB | 62 kB | 588 kB | 74 kB | 0.1/1.7 MB
Progress (5): 18/30 MB | 62 kB | 588 kB | 74 kB | 0.2/1.7 MB
Progress (5): 18/30 MB | 62 kB | 588 kB | 74 kB | 0.2/1.7 MB
Progress (5): 18/30 MB | 62 kB | 588 kB | 74 kB | 0.2/1.7 MB
Progress (5): 18/30 MB | 62 kB | 588 kB | 74 kB | 0.2/1.7 MB
Progress (5): 18/30 MB | 62 kB | 588 kB | 74 kB | 0.2/1.7 MB
Progress (5): 18/30 MB | 62 kB | 588 kB | 74 kB | 0.2/1.7 MB
Progress (5): 18/30 MB | 62 kB | 588 kB | 74 kB | 0.3/1.7 MB
Progress (5): 18/30 MB | 62 kB | 588 kB | 74 kB | 0.3/1.7 MB
Progress (5): 18/30 MB | 62 kB | 588 kB | 74 kB | 0.3/1.7 MB
Progress (5): 18/30 MB | 62 kB | 588 kB | 74 kB | 0.3/1.7 MB
Progress (5): 18/30 MB | 62 kB | 588 kB | 74 kB | 0.3/1.7 MB
Progress (5): 18/30 MB | 62 kB | 588 kB | 74 kB | 0.3/1.7 MB
Progress (5): 18/30 MB | 62 kB | 588 kB | 74 kB | 0.4/1.7 MB
Progress (5): 18/30 MB | 62 kB | 588 kB | 74 kB | 0.4/1.7 MB
Progress (5): 18/30 MB | 62 kB | 588 kB | 74 kB | 0.4/1.7 MB
Progress (5): 18/30 MB | 62 kB | 588 kB | 74 kB | 0.4/1.7 MB
Progress (5): 18/30 MB | 62 kB | 588 kB | 74 kB | 0.4/1.7 MB
Progress (5): 18/30 MB | 62 kB | 588 kB | 74 kB | 0.4/1.7 MB
Progress (5): 18/30 MB | 62 kB | 588 kB | 74 kB | 0.5/1.7 MB
Progress (5): 18/30 MB | 62 kB | 588 kB | 74 kB | 0.5/1.7 MB
Progress (5): 18/30 MB | 62 kB | 588 kB | 74 kB | 0.5/1.7 MB
Progress (5): 18/30 MB | 62 kB | 588 kB | 74 kB | 0.5/1.7 MB
Progress (5): 18/30 MB | 62 kB | 588 kB | 74 kB | 0.5/1.7 MB
Progress (5): 18/30 MB | 62 kB | 588 kB | 74 kB | 0.5/1.7 MB
Progress (5): 18/30 MB | 62 kB | 588 kB | 74 kB | 0.5/1.7 MB
Progress (5): 18/30 MB | 62 kB | 588 kB | 74 kB | 0.5/1.7 MB
Progress (5): 18/30 MB | 62 kB | 588 kB | 74 kB | 0.5/1.7 MB
Progress (5): 18/30 MB | 62 kB | 588 kB | 74 kB | 0.5/1.7 MB
Progress (5): 18/30 MB | 62 kB | 588 kB | 74 kB | 0.5/1.7 MB
Progress (5): 18/30 MB | 62 kB | 588 kB | 74 kB | 0.5/1.7 MB
Progress (5): 18/30 MB | 62 kB | 588 kB | 74 kB | 0.5/1.7 MB
Progress (5): 18/30 MB | 62 kB | 588 kB | 74 kB | 0.5/1.7 MB
Progress (5): 18/30 MB | 62 kB | 588 kB | 74 kB | 0.5/1.7 MB
Progress (5): 18/30 MB | 62 kB | 588 kB | 74 kB | 0.5/1.7 MB
Progress (5): 18/30 MB | 62 kB | 588 kB | 74 kB | 0.5/1.7 MB
Progress (5): 18/30 MB | 62 kB | 588 kB | 74 kB | 0.5/1.7 MB
Progress (5): 18/30 MB | 62 kB | 588 kB | 74 kB | 0.5/1.7 MB
Progress (5): 18/30 MB | 62 kB | 588 kB | 74 kB | 0.5/1.7 MB
Progress (5): 18/30 MB | 62 kB | 588 kB | 74 kB | 0.5/1.7 MB
                                                            
Downloaded from aliyunmaven: https://maven.aliyun.com/repository/public/commons-collections/commons-collections/3.2.2/commons-collections-3.2.2.jar (588 kB at 212 kB/s)
Downloading from aliyunmaven: https://maven.aliyun.com/repository/public/com/google/code/findbugs/jsr305/3.0.2/jsr305-3.0.2.jar
Progress (4): 18/30 MB | 62 kB | 74 kB | 0.5/1.7 MB
Progress (4): 18/30 MB | 62 kB | 74 kB | 0.5/1.7 MB
Progress (4): 18/30 MB | 62 kB | 74 kB | 0.5/1.7 MB
Progress (4): 18/30 MB | 62 kB | 74 kB | 0.5/1.7 MB
Progress (4): 18/30 MB | 62 kB | 74 kB | 0.5/1.7 MB
Progress (4): 18/30 MB | 62 kB | 74 kB | 0.5/1.7 MB
Progress (4): 18/30 MB | 62 kB | 74 kB | 0.5/1.7 MB
Progress (4): 18/30 MB | 62 kB | 74 kB | 0.5/1.7 MB
Progress (4): 18/30 MB | 62 kB | 74 kB | 0.5/1.7 MB
Progress (4): 18/30 MB | 62 kB | 74 kB | 0.5/1.7 MB
Progress (4): 18/30 MB | 62 kB | 74 kB | 0.5/1.7 MB
Progress (4): 18/30 MB | 62 kB | 74 kB | 0.5/1.7 MB
Progress (5): 18/30 MB | 62 kB | 74 kB | 0.5/1.7 MB | 0.5/20 kB
Progress (5): 18/30 MB | 62 kB | 74 kB | 0.5/1.7 MB | 0.5/20 kB
Progress (5): 18/30 MB | 62 kB | 74 kB | 0.5/1.7 MB | 17/20 kB 
Progress (5): 18/30 MB | 62 kB | 74 kB | 0.5/1.7 MB | 20 kB   
Progress (5): 18/30 MB | 62 kB | 74 kB | 0.5/1.7 MB | 20 kB
Progress (5): 18/30 MB | 62 kB | 74 kB | 0.5/1.7 MB | 20 kB
Progress (5): 18/30 MB | 62 kB | 74 kB | 0.5/1.7 MB | 20 kB
Progress (5): 18/30 MB | 62 kB | 74 kB | 0.5/1.7 MB | 20 kB
Progress (5): 18/30 MB | 62 kB | 74 kB | 0.5/1.7 MB | 20 kB
Progress (5): 18/30 MB | 62 kB | 74 kB | 0.5/1.7 MB | 20 kB
Progress (5): 18/30 MB | 62 kB | 74 kB | 0.5/1.7 MB | 20 kB
Progress (5): 18/30 MB | 62 kB | 74 kB | 0.5/1.7 MB | 20 kB
Progress (5): 18/30 MB | 62 kB | 74 kB | 0.5/1.7 MB | 20 kB
Progress (5): 18/30 MB | 62 kB | 74 kB | 0.5/1.7 MB | 20 kB
Progress (5): 18/30 MB | 62 kB | 74 kB | 0.5/1.7 MB | 20 kB
Progress (5): 18/30 MB | 62 kB | 74 kB | 0.5/1.7 MB | 20 kB
Progress (5): 18/30 MB | 62 kB | 74 kB | 0.5/1.7 MB | 20 kB
Progress (5): 18/30 MB | 62 kB | 74 kB | 0.5/1.7 MB | 20 kB
Progress (5): 18/30 MB | 62 kB | 74 kB | 0.5/1.7 MB | 20 kB
Progress (5): 18/30 MB | 62 kB | 74 kB | 0.5/1.7 MB | 20 kB
Progress (5): 18/30 MB | 62 kB | 74 kB | 0.5/1.7 MB | 20 kB
Progress (5): 18/30 MB | 62 kB | 74 kB | 0.5/1.7 MB | 20 kB
Progress (5): 18/30 MB | 62 kB | 74 kB | 0.5/1.7 MB | 20 kB
                                                           
Downloaded from aliyunmaven: https://maven.aliyun.com/repository/public/com/google/protobuf/protobuf-java-util/3.20.1/protobuf-java-util-3.20.1.jar (74 kB at 26 kB/s)
Downloading from aliyunmaven: https://maven.aliyun.com/repository/public/com/alibaba/fastjson/2.0.58/fastjson-2.0.58.jar
Progress (4): 18/30 MB | 62 kB | 0.5/1.7 MB | 20 kB
Progress (4): 18/30 MB | 62 kB | 0.5/1.7 MB | 20 kB
Progress (4): 18/30 MB | 62 kB | 0.5/1.7 MB | 20 kB
Progress (4): 18/30 MB | 62 kB | 0.5/1.7 MB | 20 kB
Progress (4): 18/30 MB | 62 kB | 0.5/1.7 MB | 20 kB
Progress (4): 18/30 MB | 62 kB | 0.5/1.7 MB | 20 kB
Progress (4): 18/30 MB | 62 kB | 0.5/1.7 MB | 20 kB
Progress (4): 18/30 MB | 62 kB | 0.5/1.7 MB | 20 kB
Progress (4): 18/30 MB | 62 kB | 0.5/1.7 MB | 20 kB
Progress (4): 18/30 MB | 62 kB | 0.5/1.7 MB | 20 kB
Progress (4): 18/30 MB | 62 kB | 0.6/1.7 MB | 20 kB
Progress (4): 19/30 MB | 62 kB | 0.6/1.7 MB | 20 kB
Progress (4): 19/30 MB | 62 kB | 0.6/1.7 MB | 20 kB
Progress (4): 19/30 MB | 62 kB | 0.6/1.7 MB | 20 kB
Progress (4): 19/30 MB | 62 kB | 0.6/1.7 MB | 20 kB
Progress (4): 19/30 MB | 62 kB | 0.6/1.7 MB | 20 kB
Progress (4): 19/30 MB | 62 kB | 0.6/1.7 MB | 20 kB
Progress (4): 19/30 MB | 62 kB | 0.6/1.7 MB | 20 kB
Progress (4): 19/30 MB | 62 kB | 0.6/1.7 MB | 20 kB
Progress (4): 19/30 MB | 62 kB | 0.6/1.7 MB | 20 kB
Progress (4): 19/30 MB | 62 kB | 0.6/1.7 MB | 20 kB
Progress (4): 19/30 MB | 62 kB | 0.6/1.7 MB | 20 kB
Progress (4): 19/30 MB | 62 kB | 0.6/1.7 MB | 20 kB
Progress (4): 19/30 MB | 62 kB | 0.6/1.7 MB | 20 kB
Progress (4): 19/30 MB | 62 kB | 0.7/1.7 MB | 20 kB
Progress (4): 19/30 MB | 62 kB | 0.7/1.7 MB | 20 kB
Progress (4): 19/30 MB | 62 kB | 0.7/1.7 MB | 20 kB
Progress (4): 19/30 MB | 62 kB | 0.7/1.7 MB | 20 kB
Progress (4): 19/30 MB | 62 kB | 0.7/1.7 MB | 20 kB
Progress (4): 19/30 MB | 62 kB | 0.7/1.7 MB | 20 kB
Progress (4): 19/30 MB | 62 kB | 0.7/1.7 MB | 20 kB
Progress (4): 19/30 MB | 62 kB | 0.7/1.7 MB | 20 kB
Progress (4): 19/30 MB | 62 kB | 0.7/1.7 MB | 20 kB
Progress (4): 19/30 MB | 62 kB | 0.7/1.7 MB | 20 kB
Progress (4): 19/30 MB | 62 kB | 0.7/1.7 MB | 20 kB
Progress (4): 19/30 MB | 62 kB | 0.7/1.7 MB | 20 kB
Progress (4): 19/30 MB | 62 kB | 0.7/1.7 MB | 20 kB
Progress (4): 19/30 MB | 62 kB | 0.7/1.7 MB | 20 kB
Progress (4): 19/30 MB | 62 kB | 0.7/1.7 MB | 20 kB
Progress (4): 19/30 MB | 62 kB | 0.7/1.7 MB | 20 kB
Progress (4): 19/30 MB | 62 kB | 0.7/1.7 MB | 20 kB
Progress (4): 19/30 MB | 62 kB | 0.7/1.7 MB | 20 kB
Progress (4): 19/30 MB | 62 kB | 0.8/1.7 MB | 20 kB
Progress (4): 19/30 MB | 62 kB | 0.8/1.7 MB | 20 kB
Progress (4): 19/30 MB | 62 kB | 0.8/1.7 MB | 20 kB
Progress (4): 19/30 MB | 62 kB | 0.8/1.7 MB | 20 kB
Progress (4): 19/30 MB | 62 kB | 0.8/1.7 MB | 20 kB
Progress (4): 19/30 MB | 62 kB | 0.8/1.7 MB | 20 kB
Progress (4): 19/30 MB | 62 kB | 0.9/1.7 MB | 20 kB
Progress (4): 19/30 MB | 62 kB | 0.9/1.7 MB | 20 kB
Progress (4): 19/30 MB | 62 kB | 0.9/1.7 MB | 20 kB
Progress (4): 19/30 MB | 62 kB | 0.9/1.7 MB | 20 kB
Progress (4): 19/30 MB | 62 kB | 0.9/1.7 MB | 20 kB
Progress (4): 19/30 MB | 62 kB | 0.9/1.7 MB | 20 kB
Progress (4): 19/30 MB | 62 kB | 0.9/1.7 MB | 20 kB
Progress (4): 19/30 MB | 62 kB | 0.9/1.7 MB | 20 kB
Progress (4): 19/30 MB | 62 kB | 1.0/1.7 MB | 20 kB
Progress (4): 19/30 MB | 62 kB | 1.0/1.7 MB | 20 kB
Progress (4): 19/30 MB | 62 kB | 1.0/1.7 MB | 20 kB
Progress (4): 19/30 MB | 62 kB | 1.0/1.7 MB | 20 kB
Progress (4): 19/30 MB | 62 kB | 1.0/1.7 MB | 20 kB
Progress (4): 19/30 MB | 62 kB | 1.0/1.7 MB | 20 kB
Progress (4): 19/30 MB | 62 kB | 1.1/1.7 MB | 20 kB
Progress (5): 19/30 MB | 62 kB | 1.1/1.7 MB | 20 kB | 3.3/201 kB
Progress (5): 19/30 MB | 62 kB | 1.1/1.7 MB | 20 kB | 20/201 kB 
Progress (5): 19/30 MB | 62 kB | 1.1/1.7 MB | 20 kB | 36/201 kB
Progress (5): 19/30 MB | 62 kB | 1.1/1.7 MB | 20 kB | 52/201 kB
Progress (5): 19/30 MB | 62 kB | 1.1/1.7 MB | 20 kB | 62/201 kB
Progress (5): 19/30 MB | 62 kB | 1.1/1.7 MB | 20 kB | 75/201 kB
Progress (5): 19/30 MB | 62 kB | 1.1/1.7 MB | 20 kB | 89/201 kB
Progress (5): 19/30 MB | 62 kB | 1.1/1.7 MB | 20 kB | 106/201 kB
Progress (5): 19/30 MB | 62 kB | 1.1/1.7 MB | 20 kB | 122/201 kB
Progress (5): 19/30 MB | 62 kB | 1.1/1.7 MB | 20 kB | 138/201 kB
Progress (5): 19/30 MB | 62 kB | 1.1/1.7 MB | 20 kB | 146/201 kB
Progress (5): 19/30 MB | 62 kB | 1.1/1.7 MB | 20 kB | 158/201 kB
Progress (5): 19/30 MB | 62 kB | 1.1/1.7 MB | 20 kB | 168/201 kB
Progress (5): 19/30 MB | 62 kB | 1.1/1.7 MB | 20 kB | 171/201 kB
Progress (5): 19/30 MB | 62 kB | 1.1/1.7 MB | 20 kB | 188/201 kB
Progress (5): 19/30 MB | 62 kB | 1.1/1.7 MB | 20 kB | 201 kB    
Progress (5): 19/30 MB | 62 kB | 1.1/1.7 MB | 20 kB | 201 kB
Progress (5): 19/30 MB | 62 kB | 1.1/1.7 MB | 20 kB | 201 kB
Progress (5): 19/30 MB | 62 kB | 1.1/1.7 MB | 20 kB | 201 kB
                                                            
Downloaded from aliyunmaven: https://maven.aliyun.com/repository/public/commons-logging/commons-logging/1.2/commons-logging-1.2.jar (62 kB at 22 kB/s)
Downloading from aliyunmaven: https://maven.aliyun.com/repository/public/com/alibaba/fastjson2/fastjson2-extension/2.0.58/fastjson2-extension-2.0.58.jar
Progress (4): 19/30 MB | 1.1/1.7 MB | 20 kB | 201 kB
Progress (4): 19/30 MB | 1.1/1.7 MB | 20 kB | 201 kB
Progress (4): 19/30 MB | 1.1/1.7 MB | 20 kB | 201 kB
Progress (4): 19/30 MB | 1.1/1.7 MB | 20 kB | 201 kB
Progress (4): 19/30 MB | 1.1/1.7 MB | 20 kB | 201 kB
Progress (4): 19/30 MB | 1.1/1.7 MB | 20 kB | 201 kB
Progress (4): 19/30 MB | 1.1/1.7 MB | 20 kB | 201 kB
Progress (4): 19/30 MB | 1.1/1.7 MB | 20 kB | 201 kB
Progress (4): 19/30 MB | 1.1/1.7 MB | 20 kB | 201 kB
Progress (4): 19/30 MB | 1.1/1.7 MB | 20 kB | 201 kB
Progress (4): 19/30 MB | 1.1/1.7 MB | 20 kB | 201 kB
Progress (4): 19/30 MB | 1.1/1.7 MB | 20 kB | 201 kB
Progress (4): 19/30 MB | 1.1/1.7 MB | 20 kB | 201 kB
Progress (4): 19/30 MB | 1.1/1.7 MB | 20 kB | 201 kB
Progress (4): 19/30 MB | 1.1/1.7 MB | 20 kB | 201 kB
Progress (4): 19/30 MB | 1.1/1.7 MB | 20 kB | 201 kB
Progress (4): 19/30 MB | 1.1/1.7 MB | 20 kB | 201 kB
Progress (4): 19/30 MB | 1.1/1.7 MB | 20 kB | 201 kB
Progress (4): 19/30 MB | 1.2/1.7 MB | 20 kB | 201 kB
Progress (4): 19/30 MB | 1.2/1.7 MB | 20 kB | 201 kB
Progress (4): 19/30 MB | 1.2/1.7 MB | 20 kB | 201 kB
Progress (4): 19/30 MB | 1.2/1.7 MB | 20 kB | 201 kB
Progress (4): 19/30 MB | 1.2/1.7 MB | 20 kB | 201 kB
Progress (4): 19/30 MB | 1.2/1.7 MB | 20 kB | 201 kB
Progress (4): 19/30 MB | 1.2/1.7 MB | 20 kB | 201 kB
Progress (4): 19/30 MB | 1.2/1.7 MB | 20 kB | 201 kB
Progress (4): 19/30 MB | 1.2/1.7 MB | 20 kB | 201 kB
Progress (4): 19/30 MB | 1.2/1.7 MB | 20 kB | 201 kB
Progress (4): 19/30 MB | 1.2/1.7 MB | 20 kB | 201 kB
Progress (4): 19/30 MB | 1.2/1.7 MB | 20 kB | 201 kB
Progress (4): 19/30 MB | 1.2/1.7 MB | 20 kB | 201 kB
Progress (4): 19/30 MB | 1.3/1.7 MB | 20 kB | 201 kB
Progress (4): 19/30 MB | 1.3/1.7 MB | 20 kB | 201 kB
Progress (4): 19/30 MB | 1.3/1.7 MB | 20 kB | 201 kB
Progress (4): 19/30 MB | 1.3/1.7 MB | 20 kB | 201 kB
Progress (4): 19/30 MB | 1.3/1.7 MB | 20 kB | 201 kB
Progress (4): 19/30 MB | 1.3/1.7 MB | 20 kB | 201 kB
Progress (4): 19/30 MB | 1.3/1.7 MB | 20 kB | 201 kB
Progress (4): 19/30 MB | 1.3/1.7 MB | 20 kB | 201 kB
Progress (4): 19/30 MB | 1.3/1.7 MB | 20 kB | 201 kB
Progress (4): 19/30 MB | 1.3/1.7 MB | 20 kB | 201 kB
Progress (4): 19/30 MB | 1.3/1.7 MB | 20 kB | 201 kB
Progress (4): 19/30 MB | 1.3/1.7 MB | 20 kB | 201 kB
Progress (4): 19/30 MB | 1.3/1.7 MB | 20 kB | 201 kB
Progress (4): 19/30 MB | 1.3/1.7 MB | 20 kB | 201 kB
Progress (4): 19/30 MB | 1.4/1.7 MB | 20 kB | 201 kB
Progress (4): 19/30 MB | 1.4/1.7 MB | 20 kB | 201 kB
Progress (4): 19/30 MB | 1.4/1.7 MB | 20 kB | 201 kB
Progress (4): 19/30 MB | 1.4/1.7 MB | 20 kB | 201 kB
Progress (4): 19/30 MB | 1.4/1.7 MB | 20 kB | 201 kB
Progress (4): 19/30 MB | 1.4/1.7 MB | 20 kB | 201 kB
Progress (4): 19/30 MB | 1.5/1.7 MB | 20 kB | 201 kB
Progress (4): 19/30 MB | 1.5/1.7 MB | 20 kB | 201 kB
Progress (4): 19/30 MB | 1.5/1.7 MB | 20 kB | 201 kB
Progress (4): 19/30 MB | 1.5/1.7 MB | 20 kB | 201 kB
Progress (4): 19/30 MB | 1.5/1.7 MB | 20 kB | 201 kB
Progress (4): 19/30 MB | 1.5/1.7 MB | 20 kB | 201 kB
Progress (4): 19/30 MB | 1.5/1.7 MB | 20 kB | 201 kB
Progress (4): 19/30 MB | 1.5/1.7 MB | 20 kB | 201 kB
Progress (4): 19/30 MB | 1.5/1.7 MB | 20 kB | 201 kB
Progress (4): 19/30 MB | 1.5/1.7 MB | 20 kB | 201 kB
Progress (4): 19/30 MB | 1.5/1.7 MB | 20 kB | 201 kB
Progress (4): 19/30 MB | 1.5/1.7 MB | 20 kB | 201 kB
Progress (4): 19/30 MB | 1.5/1.7 MB | 20 kB | 201 kB
Progress (4): 19/30 MB | 1.5/1.7 MB | 20 kB | 201 kB
Progress (4): 19/30 MB | 1.5/1.7 MB | 20 kB | 201 kB
Progress (4): 19/30 MB | 1.6/1.7 MB | 20 kB | 201 kB
Progress (4): 19/30 MB | 1.6/1.7 MB | 20 kB | 201 kB
Progress (4): 19/30 MB | 1.6/1.7 MB | 20 kB | 201 kB
Progress (4): 19/30 MB | 1.6/1.7 MB | 20 kB | 201 kB
Progress (4): 20/30 MB | 1.6/1.7 MB | 20 kB | 201 kB
Progress (4): 20/30 MB | 1.6/1.7 MB | 20 kB | 201 kB
Progress (4): 20/30 MB | 1.6/1.7 MB | 20 kB | 201 kB
Progress (4): 20/30 MB | 1.6/1.7 MB | 20 kB | 201 kB
Progress (4): 20/30 MB | 1.6/1.7 MB | 20 kB | 201 kB
Progress (4): 20/30 MB | 1.6/1.7 MB | 20 kB | 201 kB
Progress (4): 20/30 MB | 1.6/1.7 MB | 20 kB | 201 kB
Progress (4): 20/30 MB | 1.6/1.7 MB | 20 kB | 201 kB
Progress (4): 20/30 MB | 1.6/1.7 MB | 20 kB | 201 kB
Progress (4): 20/30 MB | 1.6/1.7 MB | 20 kB | 201 kB
Progress (4): 20/30 MB | 1.7/1.7 MB | 20 kB | 201 kB
Progress (4): 20/30 MB | 1.7/1.7 MB | 20 kB | 201 kB
Progress (4): 20/30 MB | 1.7/1.7 MB | 20 kB | 201 kB
Progress (4): 20/30 MB | 1.7 MB | 20 kB | 201 kB    
Progress (4): 20/30 MB | 1.7 MB | 20 kB | 201 kB
Progress (4): 20/30 MB | 1.7 MB | 20 kB | 201 kB
Progress (4): 20/30 MB | 1.7 MB | 20 kB | 201 kB
Progress (4): 20/30 MB | 1.7 MB | 20 kB | 201 kB
Progress (4): 20/30 MB | 1.7 MB | 20 kB | 201 kB
Progress (4): 20/30 MB | 1.7 MB | 20 kB | 201 kB
Progress (4): 20/30 MB | 1.7 MB | 20 kB | 201 kB
Progress (4): 20/30 MB | 1.7 MB | 20 kB | 201 kB
Progress (4): 20/30 MB | 1.7 MB | 20 kB | 201 kB
Progress (4): 20/30 MB | 1.7 MB | 20 kB | 201 kB
Progress (4): 20/30 MB | 1.7 MB | 20 kB | 201 kB
Progress (4): 20/30 MB | 1.7 MB | 20 kB | 201 kB
Progress (4): 20/30 MB | 1.7 MB | 20 kB | 201 kB
Progress (4): 20/30 MB | 1.7 MB | 20 kB | 201 kB
Progress (4): 20/30 MB | 1.7 MB | 20 kB | 201 kB
Progress (4): 20/30 MB | 1.7 MB | 20 kB | 201 kB
Progress (4): 20/30 MB | 1.7 MB | 20 kB | 201 kB
Progress (4): 20/30 MB | 1.7 MB | 20 kB | 201 kB
Progress (4): 20/30 MB | 1.7 MB | 20 kB | 201 kB
Progress (4): 20/30 MB | 1.7 MB | 20 kB | 201 kB
Progress (4): 20/30 MB | 1.7 MB | 20 kB | 201 kB
Progress (4): 20/30 MB | 1.7 MB | 20 kB | 201 kB
Progress (4): 20/30 MB | 1.7 MB | 20 kB | 201 kB
Progress (4): 20/30 MB | 1.7 MB | 20 kB | 201 kB
Progress (4): 20/30 MB | 1.7 MB | 20 kB | 201 kB
Progress (4): 20/30 MB | 1.7 MB | 20 kB | 201 kB
Progress (4): 20/30 MB | 1.7 MB | 20 kB | 201 kB
Progress (4): 20/30 MB | 1.7 MB | 20 kB | 201 kB
Progress (4): 20/30 MB | 1.7 MB | 20 kB | 201 kB
Progress (4): 20/30 MB | 1.7 MB | 20 kB | 201 kB
Progress (4): 20/30 MB | 1.7 MB | 20 kB | 201 kB
Progress (4): 20/30 MB | 1.7 MB | 20 kB | 201 kB
Progress (4): 20/30 MB | 1.7 MB | 20 kB | 201 kB
Progress (4): 20/30 MB | 1.7 MB | 20 kB | 201 kB
Progress (4): 20/30 MB | 1.7 MB | 20 kB | 201 kB
Progress (4): 20/30 MB | 1.7 MB | 20 kB | 201 kB
Progress (4): 20/30 MB | 1.7 MB | 20 kB | 201 kB
Progress (4): 20/30 MB | 1.7 MB | 20 kB | 201 kB
Progress (4): 20/30 MB | 1.7 MB | 20 kB | 201 kB
Progress (4): 20/30 MB | 1.7 MB | 20 kB | 201 kB
Progress (4): 20/30 MB | 1.7 MB | 20 kB | 201 kB
Progress (4): 20/30 MB | 1.7 MB | 20 kB | 201 kB
Progress (4): 20/30 MB | 1.7 MB | 20 kB | 201 kB
Progress (4): 20/30 MB | 1.7 MB | 20 kB | 201 kB
Progress (4): 20/30 MB | 1.7 MB | 20 kB | 201 kB
Progress (4): 20/30 MB | 1.7 MB | 20 kB | 201 kB
Progress (4): 20/30 MB | 1.7 MB | 20 kB | 201 kB
Progress (4): 20/30 MB | 1.7 MB | 20 kB | 201 kB
Progress (4): 20/30 MB | 1.7 MB | 20 kB | 201 kB
Progress (4): 20/30 MB | 1.7 MB | 20 kB | 201 kB
Progress (4): 20/30 MB | 1.7 MB | 20 kB | 201 kB
Progress (4): 20/30 MB | 1.7 MB | 20 kB | 201 kB
Progress (4): 20/30 MB | 1.7 MB | 20 kB | 201 kB
Progress (4): 20/30 MB | 1.7 MB | 20 kB | 201 kB
Progress (4): 21/30 MB | 1.7 MB | 20 kB | 201 kB
Progress (4): 21/30 MB | 1.7 MB | 20 kB | 201 kB
Progress (4): 21/30 MB | 1.7 MB | 20 kB | 201 kB
Progress (5): 21/30 MB | 1.7 MB | 20 kB | 201 kB | 7.3/55 kB
Progress (5): 21/30 MB | 1.7 MB | 20 kB | 201 kB | 12/55 kB 
Progress (5): 21/30 MB | 1.7 MB | 20 kB | 201 kB | 28/55 kB
Progress (5): 21/30 MB | 1.7 MB | 20 kB | 201 kB | 28/55 kB
Progress (5): 21/30 MB | 1.7 MB | 20 kB | 201 kB | 45/55 kB
Progress (5): 21/30 MB | 1.7 MB | 20 kB | 201 kB | 55 kB   
Progress (5): 21/30 MB | 1.7 MB | 20 kB | 201 kB | 55 kB
Progress (5): 21/30 MB | 1.7 MB | 20 kB | 201 kB | 55 kB
Progress (5): 21/30 MB | 1.7 MB | 20 kB | 201 kB | 55 kB
Progress (5): 21/30 MB | 1.7 MB | 20 kB | 201 kB | 55 kB
Progress (5): 21/30 MB | 1.7 MB | 20 kB | 201 kB | 55 kB
Progress (5): 21/30 MB | 1.7 MB | 20 kB | 201 kB | 55 kB
Progress (5): 21/30 MB | 1.7 MB | 20 kB | 201 kB | 55 kB
Progress (5): 21/30 MB | 1.7 MB | 20 kB | 201 kB | 55 kB
Progress (5): 21/30 MB | 1.7 MB | 20 kB | 201 kB | 55 kB
Progress (5): 21/30 MB | 1.7 MB | 20 kB | 201 kB | 55 kB
Progress (5): 21/30 MB | 1.7 MB | 20 kB | 201 kB | 55 kB
Progress (5): 21/30 MB | 1.7 MB | 20 kB | 201 kB | 55 kB
Progress (5): 21/30 MB | 1.7 MB | 20 kB | 201 kB | 55 kB
Progress (5): 21/30 MB | 1.7 MB | 20 kB | 201 kB | 55 kB
Progress (5): 21/30 MB | 1.7 MB | 20 kB | 201 kB | 55 kB
Progress (5): 21/30 MB | 1.7 MB | 20 kB | 201 kB | 55 kB
Progress (5): 21/30 MB | 1.7 MB | 20 kB | 201 kB | 55 kB
Progress (5): 21/30 MB | 1.7 MB | 20 kB | 201 kB | 55 kB
Progress (5): 21/30 MB | 1.7 MB | 20 kB | 201 kB | 55 kB
                                                        
Downloaded from aliyunmaven: https://maven.aliyun.com/repository/public/com/alibaba/fastjson/2.0.58/fastjson-2.0.58.jar (201 kB at 71 kB/s)
Progress (4): 21/30 MB | 1.7 MB | 20 kB | 55 kB
Progress (4): 21/30 MB | 1.7 MB | 20 kB | 55 kB
Progress (4): 21/30 MB | 1.7 MB | 20 kB | 55 kB
Progress (4): 21/30 MB | 1.7 MB | 20 kB | 55 kB
Progress (4): 21/30 MB | 1.7 MB | 20 kB | 55 kB
Progress (4): 21/30 MB | 1.7 MB | 20 kB | 55 kB
Progress (4): 21/30 MB | 1.7 MB | 20 kB | 55 kB
Progress (4): 21/30 MB | 1.7 MB | 20 kB | 55 kB
Progress (4): 21/30 MB | 1.7 MB | 20 kB | 55 kB
Progress (4): 21/30 MB | 1.7 MB | 20 kB | 55 kB
Progress (4): 21/30 MB | 1.7 MB | 20 kB | 55 kB
Progress (4): 21/30 MB | 1.7 MB | 20 kB | 55 kB
Progress (4): 21/30 MB | 1.7 MB | 20 kB | 55 kB
Progress (4): 21/30 MB | 1.7 MB | 20 kB | 55 kB
Progress (4): 21/30 MB | 1.7 MB | 20 kB | 55 kB
Progress (4): 21/30 MB | 1.7 MB | 20 kB | 55 kB
Progress (4): 21/30 MB | 1.7 MB | 20 kB | 55 kB
Progress (4): 21/30 MB | 1.7 MB | 20 kB | 55 kB
Progress (4): 21/30 MB | 1.7 MB | 20 kB | 55 kB
Progress (4): 21/30 MB | 1.7 MB | 20 kB | 55 kB
Progress (4): 21/30 MB | 1.7 MB | 20 kB | 55 kB
Progress (4): 21/30 MB | 1.7 MB | 20 kB | 55 kB
Progress (4): 21/30 MB | 1.7 MB | 20 kB | 55 kB
Progress (4): 21/30 MB | 1.7 MB | 20 kB | 55 kB
Progress (4): 21/30 MB | 1.7 MB | 20 kB | 55 kB
Progress (4): 21/30 MB | 1.7 MB | 20 kB | 55 kB
Progress (4): 21/30 MB | 1.7 MB | 20 kB | 55 kB
Progress (4): 21/30 MB | 1.7 MB | 20 kB | 55 kB
Progress (4): 21/30 MB | 1.7 MB | 20 kB | 55 kB
Progress (4): 21/30 MB | 1.7 MB | 20 kB | 55 kB
Progress (4): 21/30 MB | 1.7 MB | 20 kB | 55 kB
Progress (4): 21/30 MB | 1.7 MB | 20 kB | 55 kB
Progress (4): 21/30 MB | 1.7 MB | 20 kB | 55 kB
Progress (4): 21/30 MB | 1.7 MB | 20 kB | 55 kB
Progress (4): 21/30 MB | 1.7 MB | 20 kB | 55 kB
Progress (4): 21/30 MB | 1.7 MB | 20 kB | 55 kB
Progress (4): 21/30 MB | 1.7 MB | 20 kB | 55 kB
Progress (4): 21/30 MB | 1.7 MB | 20 kB | 55 kB
Progress (4): 22/30 MB | 1.7 MB | 20 kB | 55 kB
                                               
Downloaded from aliyunmaven: https://maven.aliyun.com/repository/public/com/google/protobuf/protobuf-java/3.20.1/protobuf-java-3.20.1.jar (1.7 MB at 593 kB/s)
Progress (3): 22/30 MB | 20 kB | 55 kB
Progress (3): 22/30 MB | 20 kB | 55 kB
Progress (3): 22/30 MB | 20 kB | 55 kB
Progress (3): 22/30 MB | 20 kB | 55 kB
Progress (3): 22/30 MB | 20 kB | 55 kB
Progress (3): 22/30 MB | 20 kB | 55 kB
Progress (3): 22/30 MB | 20 kB | 55 kB
Progress (3): 22/30 MB | 20 kB | 55 kB
Progress (3): 22/30 MB | 20 kB | 55 kB
Progress (3): 22/30 MB | 20 kB | 55 kB
Progress (3): 22/30 MB | 20 kB | 55 kB
Progress (3): 22/30 MB | 20 kB | 55 kB
Progress (3): 22/30 MB | 20 kB | 55 kB
Progress (3): 22/30 MB | 20 kB | 55 kB
Progress (3): 22/30 MB | 20 kB | 55 kB
Progress (3): 22/30 MB | 20 kB | 55 kB
Progress (3): 22/30 MB | 20 kB | 55 kB
Progress (3): 22/30 MB | 20 kB | 55 kB
Progress (3): 22/30 MB | 20 kB | 55 kB
Progress (3): 22/30 MB | 20 kB | 55 kB
Progress (3): 22/30 MB | 20 kB | 55 kB
Progress (3): 22/30 MB | 20 kB | 55 kB
Progress (3): 22/30 MB | 20 kB | 55 kB
Progress (3): 22/30 MB | 20 kB | 55 kB
Progress (3): 22/30 MB | 20 kB | 55 kB
Progress (3): 22/30 MB | 20 kB | 55 kB
Progress (3): 22/30 MB | 20 kB | 55 kB
Progress (3): 22/30 MB | 20 kB | 55 kB
Progress (3): 22/30 MB | 20 kB | 55 kB
Progress (3): 22/30 MB | 20 kB | 55 kB
Progress (3): 22/30 MB | 20 kB | 55 kB
Progress (3): 22/30 MB | 20 kB | 55 kB
Progress (3): 22/30 MB | 20 kB | 55 kB
Progress (3): 22/30 MB | 20 kB | 55 kB
Progress (3): 22/30 MB | 20 kB | 55 kB
Progress (3): 22/30 MB | 20 kB | 55 kB
Progress (3): 22/30 MB | 20 kB | 55 kB
Progress (3): 22/30 MB | 20 kB | 55 kB
Progress (3): 22/30 MB | 20 kB | 55 kB
Progress (3): 22/30 MB | 20 kB | 55 kB
Progress (3): 22/30 MB | 20 kB | 55 kB
Progress (3): 22/30 MB | 20 kB | 55 kB
Progress (3): 22/30 MB | 20 kB | 55 kB
Progress (3): 22/30 MB | 20 kB | 55 kB
Progress (3): 22/30 MB | 20 kB | 55 kB
Progress (3): 22/30 MB | 20 kB | 55 kB
Progress (3): 22/30 MB | 20 kB | 55 kB
Progress (3): 22/30 MB | 20 kB | 55 kB
Progress (3): 22/30 MB | 20 kB | 55 kB
Progress (3): 22/30 MB | 20 kB | 55 kB
Progress (3): 22/30 MB | 20 kB | 55 kB
Progress (3): 22/30 MB | 20 kB | 55 kB
Progress (3): 22/30 MB | 20 kB | 55 kB
Progress (3): 22/30 MB | 20 kB | 55 kB
Progress (3): 22/30 MB | 20 kB | 55 kB
Progress (3): 22/30 MB | 20 kB | 55 kB
Progress (3): 22/30 MB | 20 kB | 55 kB
Progress (3): 22/30 MB | 20 kB | 55 kB
Progress (3): 22/30 MB | 20 kB | 55 kB
Progress (3): 22/30 MB | 20 kB | 55 kB
Progress (3): 23/30 MB | 20 kB | 55 kB
Progress (3): 23/30 MB | 20 kB | 55 kB
Progress (3): 23/30 MB | 20 kB | 55 kB
Progress (3): 23/30 MB | 20 kB | 55 kB
Progress (3): 23/30 MB | 20 kB | 55 kB
Progress (3): 23/30 MB | 20 kB | 55 kB
Progress (3): 23/30 MB | 20 kB | 55 kB
Progress (3): 23/30 MB | 20 kB | 55 kB
                                      
Downloaded from aliyunmaven: https://maven.aliyun.com/repository/public/com/alibaba/fastjson2/fastjson2-extension/2.0.58/fastjson2-extension-2.0.58.jar (55 kB at 19 kB/s)
Progress (2): 23/30 MB | 20 kB
Progress (2): 23/30 MB | 20 kB
Progress (2): 23/30 MB | 20 kB
Progress (2): 23/30 MB | 20 kB
Progress (2): 23/30 MB | 20 kB
Progress (2): 23/30 MB | 20 kB
Progress (2): 23/30 MB | 20 kB
Progress (2): 23/30 MB | 20 kB
Progress (2): 23/30 MB | 20 kB
Progress (2): 23/30 MB | 20 kB
Progress (2): 23/30 MB | 20 kB
Progress (2): 23/30 MB | 20 kB
Progress (2): 23/30 MB | 20 kB
Progress (2): 23/30 MB | 20 kB
Progress (2): 23/30 MB | 20 kB
Progress (2): 23/30 MB | 20 kB
Progress (2): 23/30 MB | 20 kB
Progress (2): 23/30 MB | 20 kB
Progress (2): 23/30 MB | 20 kB
Progress (2): 23/30 MB | 20 kB
Progress (2): 23/30 MB | 20 kB
Progress (2): 23/30 MB | 20 kB
Progress (2): 23/30 MB | 20 kB
Progress (2): 23/30 MB | 20 kB
Progress (2): 23/30 MB | 20 kB
Progress (2): 23/30 MB | 20 kB
Progress (2): 23/30 MB | 20 kB
Progress (2): 23/30 MB | 20 kB
Progress (2): 23/30 MB | 20 kB
Progress (2): 23/30 MB | 20 kB
Progress (2): 23/30 MB | 20 kB
Progress (2): 23/30 MB | 20 kB
Progress (2): 23/30 MB | 20 kB
Progress (2): 23/30 MB | 20 kB
Progress (2): 23/30 MB | 20 kB
Progress (2): 23/30 MB | 20 kB
Progress (2): 23/30 MB | 20 kB
Progress (2): 23/30 MB | 20 kB
Progress (2): 23/30 MB | 20 kB
Progress (2): 23/30 MB | 20 kB
Progress (2): 23/30 MB | 20 kB
Progress (2): 23/30 MB | 20 kB
Progress (2): 23/30 MB | 20 kB
Progress (2): 23/30 MB | 20 kB
Progress (2): 23/30 MB | 20 kB
Progress (2): 23/30 MB | 20 kB
Progress (2): 23/30 MB | 20 kB
Progress (2): 23/30 MB | 20 kB
Progress (2): 23/30 MB | 20 kB
Progress (2): 23/30 MB | 20 kB
Progress (2): 23/30 MB | 20 kB
Progress (2): 23/30 MB | 20 kB
Progress (2): 23/30 MB | 20 kB
Progress (2): 24/30 MB | 20 kB
Progress (2): 24/30 MB | 20 kB
Progress (2): 24/30 MB | 20 kB
Progress (2): 24/30 MB | 20 kB
Progress (2): 24/30 MB | 20 kB
Progress (2): 24/30 MB | 20 kB
Progress (2): 24/30 MB | 20 kB
Progress (2): 24/30 MB | 20 kB
Progress (2): 24/30 MB | 20 kB
Progress (2): 24/30 MB | 20 kB
Progress (2): 24/30 MB | 20 kB
Progress (2): 24/30 MB | 20 kB
Progress (2): 24/30 MB | 20 kB
Progress (2): 24/30 MB | 20 kB
Progress (2): 24/30 MB | 20 kB
Progress (2): 24/30 MB | 20 kB
Progress (2): 24/30 MB | 20 kB
Progress (2): 24/30 MB | 20 kB
Progress (2): 24/30 MB | 20 kB
Progress (2): 24/30 MB | 20 kB
Progress (2): 24/30 MB | 20 kB
Progress (2): 24/30 MB | 20 kB
Progress (2): 24/30 MB | 20 kB
Progress (2): 24/30 MB | 20 kB
Progress (2): 24/30 MB | 20 kB
Progress (2): 24/30 MB | 20 kB
Progress (2): 24/30 MB | 20 kB
Progress (2): 24/30 MB | 20 kB
Progress (2): 24/30 MB | 20 kB
Progress (2): 24/30 MB | 20 kB
Progress (2): 24/30 MB | 20 kB
Progress (2): 24/30 MB | 20 kB
Progress (2): 24/30 MB | 20 kB
Progress (2): 24/30 MB | 20 kB
Progress (2): 24/30 MB | 20 kB
Progress (2): 24/30 MB | 20 kB
Progress (2): 24/30 MB | 20 kB
Progress (2): 24/30 MB | 20 kB
Progress (2): 24/30 MB | 20 kB
Progress (2): 24/30 MB | 20 kB
Progress (2): 24/30 MB | 20 kB
Progress (2): 24/30 MB | 20 kB
Progress (2): 24/30 MB | 20 kB
Progress (2): 24/30 MB | 20 kB
Progress (2): 24/30 MB | 20 kB
Progress (2): 24/30 MB | 20 kB
Progress (2): 24/30 MB | 20 kB
Progress (2): 24/30 MB | 20 kB
Progress (2): 24/30 MB | 20 kB
Progress (2): 24/30 MB | 20 kB
Progress (2): 24/30 MB | 20 kB
Progress (2): 24/30 MB | 20 kB
Progress (2): 24/30 MB | 20 kB
Progress (2): 24/30 MB | 20 kB
Progress (2): 24/30 MB | 20 kB
Progress (2): 24/30 MB | 20 kB
Progress (2): 24/30 MB | 20 kB
Progress (2): 24/30 MB | 20 kB
Progress (2): 24/30 MB | 20 kB
Progress (2): 24/30 MB | 20 kB
Progress (2): 24/30 MB | 20 kB
Progress (2): 25/30 MB | 20 kB
Progress (2): 25/30 MB | 20 kB
Progress (2): 25/30 MB | 20 kB
Progress (2): 25/30 MB | 20 kB
Progress (2): 25/30 MB | 20 kB
Progress (2): 25/30 MB | 20 kB
Progress (2): 25/30 MB | 20 kB
Progress (2): 25/30 MB | 20 kB
Progress (2): 25/30 MB | 20 kB
Progress (2): 25/30 MB | 20 kB
Progress (2): 25/30 MB | 20 kB
Progress (2): 25/30 MB | 20 kB
Progress (2): 25/30 MB | 20 kB
Progress (2): 25/30 MB | 20 kB
Progress (2): 25/30 MB | 20 kB
Progress (2): 25/30 MB | 20 kB
Progress (2): 25/30 MB | 20 kB
Progress (2): 25/30 MB | 20 kB
Progress (2): 25/30 MB | 20 kB
Progress (2): 25/30 MB | 20 kB
Progress (2): 25/30 MB | 20 kB
Progress (2): 25/30 MB | 20 kB
Progress (2): 25/30 MB | 20 kB
Progress (2): 25/30 MB | 20 kB
Progress (2): 25/30 MB | 20 kB
Progress (2): 25/30 MB | 20 kB
Progress (2): 25/30 MB | 20 kB
Progress (2): 25/30 MB | 20 kB
Progress (2): 25/30 MB | 20 kB
Progress (2): 25/30 MB | 20 kB
Progress (2): 25/30 MB | 20 kB
Progress (2): 25/30 MB | 20 kB
Progress (2): 25/30 MB | 20 kB
Progress (2): 25/30 MB | 20 kB
Progress (2): 25/30 MB | 20 kB
Progress (2): 25/30 MB | 20 kB
Progress (2): 25/30 MB | 20 kB
Progress (2): 25/30 MB | 20 kB
Progress (2): 25/30 MB | 20 kB
Progress (2): 25/30 MB | 20 kB
Progress (2): 25/30 MB | 20 kB
Progress (2): 25/30 MB | 20 kB
Progress (2): 25/30 MB | 20 kB
Progress (2): 25/30 MB | 20 kB
Progress (2): 25/30 MB | 20 kB
Progress (2): 25/30 MB | 20 kB
Progress (2): 25/30 MB | 20 kB
Progress (2): 25/30 MB | 20 kB
Progress (2): 25/30 MB | 20 kB
Progress (2): 25/30 MB | 20 kB
Progress (2): 25/30 MB | 20 kB
Progress (2): 25/30 MB | 20 kB
Progress (2): 25/30 MB | 20 kB
Progress (2): 25/30 MB | 20 kB
Progress (2): 25/30 MB | 20 kB
Progress (2): 25/30 MB | 20 kB
Progress (2): 25/30 MB | 20 kB
Progress (2): 25/30 MB | 20 kB
Progress (2): 25/30 MB | 20 kB
Progress (2): 25/30 MB | 20 kB
Progress (2): 25/30 MB | 20 kB
Progress (2): 26/30 MB | 20 kB
Progress (2): 26/30 MB | 20 kB
Progress (2): 26/30 MB | 20 kB
Progress (2): 26/30 MB | 20 kB
Progress (2): 26/30 MB | 20 kB
Progress (2): 26/30 MB | 20 kB
Progress (2): 26/30 MB | 20 kB
Progress (2): 26/30 MB | 20 kB
Progress (2): 26/30 MB | 20 kB
Progress (2): 26/30 MB | 20 kB
Progress (2): 26/30 MB | 20 kB
Progress (2): 26/30 MB | 20 kB
Progress (2): 26/30 MB | 20 kB
Progress (2): 26/30 MB | 20 kB
Progress (2): 26/30 MB | 20 kB
Progress (2): 26/30 MB | 20 kB
Progress (2): 26/30 MB | 20 kB
Progress (2): 26/30 MB | 20 kB
Progress (2): 26/30 MB | 20 kB
Progress (2): 26/30 MB | 20 kB
Progress (2): 26/30 MB | 20 kB
Progress (2): 26/30 MB | 20 kB
Progress (2): 26/30 MB | 20 kB
Progress (2): 26/30 MB | 20 kB
Progress (2): 26/30 MB | 20 kB
Progress (2): 26/30 MB | 20 kB
Progress (2): 26/30 MB | 20 kB
Progress (2): 26/30 MB | 20 kB
Progress (2): 26/30 MB | 20 kB
Progress (2): 26/30 MB | 20 kB
Progress (2): 26/30 MB | 20 kB
Progress (2): 26/30 MB | 20 kB
Progress (2): 26/30 MB | 20 kB
Progress (2): 26/30 MB | 20 kB
Progress (2): 26/30 MB | 20 kB
Progress (2): 26/30 MB | 20 kB
Progress (2): 26/30 MB | 20 kB
Progress (2): 26/30 MB | 20 kB
Progress (2): 26/30 MB | 20 kB
Progress (2): 26/30 MB | 20 kB
Progress (2): 26/30 MB | 20 kB
Progress (2): 26/30 MB | 20 kB
Progress (2): 26/30 MB | 20 kB
Progress (2): 26/30 MB | 20 kB
Progress (2): 26/30 MB | 20 kB
Progress (2): 26/30 MB | 20 kB
Progress (2): 26/30 MB | 20 kB
Progress (2): 26/30 MB | 20 kB
Progress (2): 26/30 MB | 20 kB
Progress (2): 26/30 MB | 20 kB
Progress (2): 26/30 MB | 20 kB
Progress (2): 26/30 MB | 20 kB
Progress (2): 26/30 MB | 20 kB
Progress (2): 26/30 MB | 20 kB
Progress (2): 26/30 MB | 20 kB
Progress (2): 26/30 MB | 20 kB
Progress (2): 26/30 MB | 20 kB
Progress (2): 26/30 MB | 20 kB
Progress (2): 26/30 MB | 20 kB
Progress (2): 26/30 MB | 20 kB
Progress (2): 26/30 MB | 20 kB
Progress (2): 27/30 MB | 20 kB
Progress (2): 27/30 MB | 20 kB
Progress (2): 27/30 MB | 20 kB
Progress (2): 27/30 MB | 20 kB
Progress (2): 27/30 MB | 20 kB
Progress (2): 27/30 MB | 20 kB
Progress (2): 27/30 MB | 20 kB
Progress (2): 27/30 MB | 20 kB
Progress (2): 27/30 MB | 20 kB
Progress (2): 27/30 MB | 20 kB
Progress (2): 27/30 MB | 20 kB
Progress (2): 27/30 MB | 20 kB
Progress (2): 27/30 MB | 20 kB
Progress (2): 27/30 MB | 20 kB
Progress (2): 27/30 MB | 20 kB
Progress (2): 27/30 MB | 20 kB
Progress (2): 27/30 MB | 20 kB
Progress (2): 27/30 MB | 20 kB
Progress (2): 27/30 MB | 20 kB
Progress (2): 27/30 MB | 20 kB
Progress (2): 27/30 MB | 20 kB
Progress (2): 27/30 MB | 20 kB
Progress (2): 27/30 MB | 20 kB
Progress (2): 27/30 MB | 20 kB
Progress (2): 27/30 MB | 20 kB
Progress (2): 27/30 MB | 20 kB
Progress (2): 27/30 MB | 20 kB
Progress (2): 27/30 MB | 20 kB
Progress (2): 27/30 MB | 20 kB
Progress (2): 27/30 MB | 20 kB
Progress (2): 27/30 MB | 20 kB
Progress (2): 27/30 MB | 20 kB
Progress (2): 27/30 MB | 20 kB
Progress (2): 27/30 MB | 20 kB
Progress (2): 27/30 MB | 20 kB
Progress (2): 27/30 MB | 20 kB
Progress (2): 27/30 MB | 20 kB
Progress (2): 27/30 MB | 20 kB
Progress (2): 27/30 MB | 20 kB
Progress (2): 27/30 MB | 20 kB
Progress (2): 27/30 MB | 20 kB
Progress (2): 27/30 MB | 20 kB
Progress (2): 27/30 MB | 20 kB
Progress (2): 27/30 MB | 20 kB
Progress (2): 27/30 MB | 20 kB
Progress (2): 27/30 MB | 20 kB
Progress (2): 27/30 MB | 20 kB
Progress (2): 27/30 MB | 20 kB
Progress (2): 27/30 MB | 20 kB
Progress (2): 27/30 MB | 20 kB
Progress (2): 27/30 MB | 20 kB
Progress (2): 27/30 MB | 20 kB
Progress (2): 27/30 MB | 20 kB
Progress (2): 27/30 MB | 20 kB
Progress (2): 27/30 MB | 20 kB
Progress (2): 27/30 MB | 20 kB
Progress (2): 27/30 MB | 20 kB
Progress (2): 27/30 MB | 20 kB
Progress (2): 27/30 MB | 20 kB
Progress (2): 27/30 MB | 20 kB
Progress (2): 27/30 MB | 20 kB
Progress (2): 28/30 MB | 20 kB
Progress (2): 28/30 MB | 20 kB
Progress (2): 28/30 MB | 20 kB
Progress (2): 28/30 MB | 20 kB
Progress (2): 28/30 MB | 20 kB
Progress (2): 28/30 MB | 20 kB
Progress (2): 28/30 MB | 20 kB
Progress (2): 28/30 MB | 20 kB
Progress (2): 28/30 MB | 20 kB
Progress (2): 28/30 MB | 20 kB
Progress (2): 28/30 MB | 20 kB
Progress (2): 28/30 MB | 20 kB
Progress (2): 28/30 MB | 20 kB
Progress (2): 28/30 MB | 20 kB
Progress (2): 28/30 MB | 20 kB
Progress (2): 28/30 MB | 20 kB
Progress (2): 28/30 MB | 20 kB
Progress (2): 28/30 MB | 20 kB
Progress (2): 28/30 MB | 20 kB
Progress (2): 28/30 MB | 20 kB
Progress (2): 28/30 MB | 20 kB
Progress (2): 28/30 MB | 20 kB
Progress (2): 28/30 MB | 20 kB
Progress (2): 28/30 MB | 20 kB
Progress (2): 28/30 MB | 20 kB
Progress (2): 28/30 MB | 20 kB
Progress (2): 28/30 MB | 20 kB
Progress (2): 28/30 MB | 20 kB
Progress (2): 28/30 MB | 20 kB
Progress (2): 28/30 MB | 20 kB
Progress (2): 28/30 MB | 20 kB
Progress (2): 28/30 MB | 20 kB
Progress (2): 28/30 MB | 20 kB
Progress (2): 28/30 MB | 20 kB
Progress (2): 28/30 MB | 20 kB
Progress (2): 28/30 MB | 20 kB
Progress (2): 28/30 MB | 20 kB
Progress (2): 28/30 MB | 20 kB
Progress (2): 28/30 MB | 20 kB
Progress (2): 28/30 MB | 20 kB
Progress (2): 28/30 MB | 20 kB
Progress (2): 28/30 MB | 20 kB
Progress (2): 28/30 MB | 20 kB
Progress (2): 28/30 MB | 20 kB
Progress (2): 28/30 MB | 20 kB
Progress (2): 28/30 MB | 20 kB
Progress (2): 28/30 MB | 20 kB
Progress (2): 28/30 MB | 20 kB
Progress (2): 28/30 MB | 20 kB
Progress (2): 28/30 MB | 20 kB
Progress (2): 28/30 MB | 20 kB
Progress (2): 28/30 MB | 20 kB
Progress (2): 28/30 MB | 20 kB
Progress (2): 28/30 MB | 20 kB
Progress (2): 28/30 MB | 20 kB
Progress (2): 28/30 MB | 20 kB
Progress (2): 28/30 MB | 20 kB
Progress (2): 28/30 MB | 20 kB
Progress (2): 28/30 MB | 20 kB
Progress (2): 28/30 MB | 20 kB
Progress (2): 28/30 MB | 20 kB
Progress (2): 29/30 MB | 20 kB
Progress (2): 29/30 MB | 20 kB
Progress (2): 29/30 MB | 20 kB
Progress (2): 29/30 MB | 20 kB
Progress (2): 29/30 MB | 20 kB
Progress (2): 29/30 MB | 20 kB
Progress (2): 29/30 MB | 20 kB
Progress (2): 29/30 MB | 20 kB
Progress (2): 29/30 MB | 20 kB
Progress (2): 29/30 MB | 20 kB
Progress (2): 29/30 MB | 20 kB
Progress (2): 29/30 MB | 20 kB
Progress (2): 29/30 MB | 20 kB
Progress (2): 29/30 MB | 20 kB
Progress (2): 29/30 MB | 20 kB
Progress (2): 29/30 MB | 20 kB
Progress (2): 29/30 MB | 20 kB
Progress (2): 29/30 MB | 20 kB
Progress (2): 29/30 MB | 20 kB
Progress (2): 29/30 MB | 20 kB
Progress (2): 29/30 MB | 20 kB
Progress (2): 29/30 MB | 20 kB
Progress (2): 29/30 MB | 20 kB
Progress (2): 29/30 MB | 20 kB
Progress (2): 29/30 MB | 20 kB
Progress (2): 29/30 MB | 20 kB
Progress (2): 29/30 MB | 20 kB
Progress (2): 29/30 MB | 20 kB
Progress (2): 29/30 MB | 20 kB
Progress (2): 29/30 MB | 20 kB
Progress (2): 29/30 MB | 20 kB
Progress (2): 29/30 MB | 20 kB
Progress (2): 29/30 MB | 20 kB
Progress (2): 29/30 MB | 20 kB
Progress (2): 29/30 MB | 20 kB
Progress (2): 29/30 MB | 20 kB
Progress (2): 29/30 MB | 20 kB
Progress (2): 29/30 MB | 20 kB
Progress (2): 29/30 MB | 20 kB
Progress (2): 29/30 MB | 20 kB
Progress (2): 29/30 MB | 20 kB
Progress (2): 29/30 MB | 20 kB
Progress (2): 29/30 MB | 20 kB
Progress (2): 29/30 MB | 20 kB
Progress (2): 29/30 MB | 20 kB
Progress (2): 29/30 MB | 20 kB
Progress (2): 29/30 MB | 20 kB
Progress (2): 29/30 MB | 20 kB
Progress (2): 29/30 MB | 20 kB
Progress (2): 29/30 MB | 20 kB
Progress (2): 29/30 MB | 20 kB
Progress (2): 29/30 MB | 20 kB
Progress (2): 29/30 MB | 20 kB
Progress (2): 29/30 MB | 20 kB
Progress (2): 29/30 MB | 20 kB
Progress (2): 29/30 MB | 20 kB
Progress (2): 29/30 MB | 20 kB
Progress (2): 29/30 MB | 20 kB
Progress (2): 29/30 MB | 20 kB
Progress (2): 29/30 MB | 20 kB
Progress (2): 29/30 MB | 20 kB
Progress (2): 30/30 MB | 20 kB
Progress (2): 30/30 MB | 20 kB
Progress (2): 30/30 MB | 20 kB
Progress (2): 30/30 MB | 20 kB
Progress (2): 30/30 MB | 20 kB
Progress (2): 30/30 MB | 20 kB
Progress (2): 30/30 MB | 20 kB
Progress (2): 30/30 MB | 20 kB
Progress (2): 30/30 MB | 20 kB
Progress (2): 30/30 MB | 20 kB
Progress (2): 30/30 MB | 20 kB
Progress (2): 30/30 MB | 20 kB
Progress (2): 30/30 MB | 20 kB
Progress (2): 30/30 MB | 20 kB
Progress (2): 30/30 MB | 20 kB
Progress (2): 30/30 MB | 20 kB
Progress (2): 30/30 MB | 20 kB
Progress (2): 30/30 MB | 20 kB
Progress (2): 30/30 MB | 20 kB
Progress (2): 30/30 MB | 20 kB
Progress (2): 30/30 MB | 20 kB
Progress (2): 30/30 MB | 20 kB
Progress (2): 30/30 MB | 20 kB
Progress (2): 30/30 MB | 20 kB
Progress (2): 30/30 MB | 20 kB
Progress (2): 30/30 MB | 20 kB
Progress (2): 30/30 MB | 20 kB
Progress (2): 30/30 MB | 20 kB
Progress (2): 30/30 MB | 20 kB
Progress (2): 30 MB | 20 kB   
                           
Downloaded from aliyunmaven: https://maven.aliyun.com/repository/public/org/apache/rocketmq/rocketmq-rocksdb/1.0.2/rocketmq-rocksdb-1.0.2.jar (30 MB at 9.7 MB/s)
Downloaded from aliyunmaven: https://maven.aliyun.com/repository/public/com/google/code/findbugs/jsr305/3.0.2/jsr305-3.0.2.jar (20 kB at 6.4 kB/s)
[INFO] 
[INFO] --- clean:3.2.0:clean (default-clean) @ mall-common-mq ---
[INFO] Deleting D:\Desktop\ai-platform\implementation\ai-platform-backend\mall-common\mall-common-mq\target
[INFO] 
[INFO] --- enforcer:3.5.0:enforce (enforce-environment) @ mall-common-mq ---
[INFO] 
[INFO] --- resources:3.3.1:resources (default-resources) @ mall-common-mq ---
[INFO] skip non existing resourceDirectory D:\Desktop\ai-platform\implementation\ai-platform-backend\mall-common\mall-common-mq\src\main\resources
[INFO] 
[INFO] --- compiler:3.14.0:compile (default-compile) @ mall-common-mq ---
[INFO] Recompiling the module because of changed dependency.
[INFO] Compiling 1 source file with javac [debug release 21] to target\classes
[INFO] 
[INFO] --- resources:3.3.1:testResources (default-testResources) @ mall-common-mq ---
[INFO] skip non existing resourceDirectory D:\Desktop\ai-platform\implementation\ai-platform-backend\mall-common\mall-common-mq\src\test\resources
[INFO] 
[INFO] --- compiler:3.14.0:testCompile (default-testCompile) @ mall-common-mq ---
[INFO] No sources to compile
[INFO] 
[INFO] --- surefire:3.5.2:test (default-test) @ mall-common-mq ---
[INFO] Tests are skipped.
[INFO] 
[INFO] --- jar:3.5.0:jar (default-jar) @ mall-common-mq ---
[INFO] Building jar: D:\Desktop\ai-platform\implementation\ai-platform-backend\mall-common\mall-common-mq\target\mall-common-mq-1.0.0-SNAPSHOT.jar
[INFO] 
[INFO] -----------------< com.ai-mall:mall-common-openfeign >------------------
[INFO] Building mall-common-openfeign 1.0.0-SNAPSHOT                     [9/24]
[INFO]   from mall-common\mall-common-openfeign\pom.xml
[INFO] --------------------------------[ jar ]---------------------------------
Downloading from aliyunmaven: https://maven.aliyun.com/repository/public/org/springframework/cloud/spring-cloud-starter-openfeign/4.3.3/spring-cloud-starter-openfeign-4.3.3.jar
Progress (1): 2.3 kB
                    
Downloaded from aliyunmaven: https://maven.aliyun.com/repository/public/org/springframework/cloud/spring-cloud-starter-openfeign/4.3.3/spring-cloud-starter-openfeign-4.3.3.jar (2.3 kB at 34 kB/s)
Downloading from aliyunmaven: https://maven.aliyun.com/repository/public/org/springframework/cloud/spring-cloud-starter/4.3.3/spring-cloud-starter-4.3.3.jar
Downloading from aliyunmaven: https://maven.aliyun.com/repository/public/org/springframework/cloud/spring-cloud-context/4.3.3/spring-cloud-context-4.3.3.jar
Downloading from aliyunmaven: https://maven.aliyun.com/repository/public/org/bouncycastle/bcprov-jdk18on/1.80.2/bcprov-jdk18on-1.80.2.jar
Downloading from aliyunmaven: https://maven.aliyun.com/repository/public/org/springframework/cloud/spring-cloud-openfeign-core/4.3.3/spring-cloud-openfeign-core-4.3.3.jar
Downloading from aliyunmaven: https://maven.aliyun.com/repository/public/io/github/openfeign/feign-form-spring/13.6.1/feign-form-spring-13.6.1.jar
Progress (1): 2.2 kB
Progress (2): 2.2 kB | 1.9/226 kB
Progress (2): 2.2 kB | 18/226 kB 
Progress (2): 2.2 kB | 35/226 kB
Progress (2): 2.2 kB | 51/226 kB
Progress (2): 2.2 kB | 67/226 kB
Progress (2): 2.2 kB | 84/226 kB
Progress (2): 2.2 kB | 100/226 kB
Progress (3): 2.2 kB | 100/226 kB | 1.9/192 kB
Progress (3): 2.2 kB | 117/226 kB | 1.9/192 kB
Progress (3): 2.2 kB | 117/226 kB | 18/192 kB 
Progress (3): 2.2 kB | 117/226 kB | 35/192 kB
Progress (3): 2.2 kB | 133/226 kB | 35/192 kB
Progress (3): 2.2 kB | 133/226 kB | 51/192 kB
Progress (3): 2.2 kB | 133/226 kB | 67/192 kB
Progress (3): 2.2 kB | 149/226 kB | 67/192 kB
Progress (3): 2.2 kB | 149/226 kB | 84/192 kB
Progress (3): 2.2 kB | 149/226 kB | 100/192 kB
Progress (3): 2.2 kB | 149/226 kB | 117/192 kB
Progress (3): 2.2 kB | 149/226 kB | 133/192 kB
Progress (3): 2.2 kB | 149/226 kB | 149/192 kB
Progress (3): 2.2 kB | 149/226 kB | 166/192 kB
Progress (3): 2.2 kB | 166/226 kB | 166/192 kB
Progress (3): 2.2 kB | 182/226 kB | 166/192 kB
Progress (3): 2.2 kB | 198/226 kB | 166/192 kB
Progress (3): 2.2 kB | 198/226 kB | 182/192 kB
Progress (3): 2.2 kB | 215/226 kB | 182/192 kB
Progress (3): 2.2 kB | 215/226 kB | 192 kB    
Progress (3): 2.2 kB | 226 kB | 192 kB    
Progress (4): 2.2 kB | 226 kB | 192 kB | 0/8.7 MB
Progress (4): 2.2 kB | 226 kB | 192 kB | 0/8.7 MB
Progress (4): 2.2 kB | 226 kB | 192 kB | 0/8.7 MB
Progress (4): 2.2 kB | 226 kB | 192 kB | 0/8.7 MB
Progress (4): 2.2 kB | 226 kB | 192 kB | 0/8.7 MB
Progress (4): 2.2 kB | 226 kB | 192 kB | 0.1/8.7 MB
Progress (4): 2.2 kB | 226 kB | 192 kB | 0.1/8.7 MB
Progress (5): 2.2 kB | 226 kB | 192 kB | 0.1/8.7 MB | 7.2/14 kB
Progress (5): 2.2 kB | 226 kB | 192 kB | 0.1/8.7 MB | 7.2/14 kB
Progress (5): 2.2 kB | 226 kB | 192 kB | 0.1/8.7 MB | 14 kB    
Progress (5): 2.2 kB | 226 kB | 192 kB | 0.1/8.7 MB | 14 kB
Progress (5): 2.2 kB | 226 kB | 192 kB | 0.1/8.7 MB | 14 kB
Progress (5): 2.2 kB | 226 kB | 192 kB | 0.1/8.7 MB | 14 kB
Progress (5): 2.2 kB | 226 kB | 192 kB | 0.1/8.7 MB | 14 kB
Progress (5): 2.2 kB | 226 kB | 192 kB | 0.1/8.7 MB | 14 kB
Progress (5): 2.2 kB | 226 kB | 192 kB | 0.2/8.7 MB | 14 kB
Progress (5): 2.2 kB | 226 kB | 192 kB | 0.2/8.7 MB | 14 kB
Progress (5): 2.2 kB | 226 kB | 192 kB | 0.2/8.7 MB | 14 kB
Progress (5): 2.2 kB | 226 kB | 192 kB | 0.2/8.7 MB | 14 kB
Progress (5): 2.2 kB | 226 kB | 192 kB | 0.2/8.7 MB | 14 kB
Progress (5): 2.2 kB | 226 kB | 192 kB | 0.2/8.7 MB | 14 kB
Progress (5): 2.2 kB | 226 kB | 192 kB | 0.2/8.7 MB | 14 kB
Progress (5): 2.2 kB | 226 kB | 192 kB | 0.2/8.7 MB | 14 kB
Progress (5): 2.2 kB | 226 kB | 192 kB | 0.3/8.7 MB | 14 kB
Progress (5): 2.2 kB | 226 kB | 192 kB | 0.3/8.7 MB | 14 kB
Progress (5): 2.2 kB | 226 kB | 192 kB | 0.3/8.7 MB | 14 kB
Progress (5): 2.2 kB | 226 kB | 192 kB | 0.3/8.7 MB | 14 kB
Progress (5): 2.2 kB | 226 kB | 192 kB | 0.3/8.7 MB | 14 kB
Progress (5): 2.2 kB | 226 kB | 192 kB | 0.3/8.7 MB | 14 kB
Progress (5): 2.2 kB | 226 kB | 192 kB | 0.3/8.7 MB | 14 kB
Progress (5): 2.2 kB | 226 kB | 192 kB | 0.4/8.7 MB | 14 kB
Progress (5): 2.2 kB | 226 kB | 192 kB | 0.4/8.7 MB | 14 kB
Progress (5): 2.2 kB | 226 kB | 192 kB | 0.4/8.7 MB | 14 kB
Progress (5): 2.2 kB | 226 kB | 192 kB | 0.4/8.7 MB | 14 kB
Progress (5): 2.2 kB | 226 kB | 192 kB | 0.4/8.7 MB | 14 kB
Progress (5): 2.2 kB | 226 kB | 192 kB | 0.4/8.7 MB | 14 kB
Progress (5): 2.2 kB | 226 kB | 192 kB | 0.4/8.7 MB | 14 kB
Progress (5): 2.2 kB | 226 kB | 192 kB | 0.5/8.7 MB | 14 kB
Progress (5): 2.2 kB | 226 kB | 192 kB | 0.5/8.7 MB | 14 kB
Progress (5): 2.2 kB | 226 kB | 192 kB | 0.5/8.7 MB | 14 kB
Progress (5): 2.2 kB | 226 kB | 192 kB | 0.5/8.7 MB | 14 kB
Progress (5): 2.2 kB | 226 kB | 192 kB | 0.5/8.7 MB | 14 kB
Progress (5): 2.2 kB | 226 kB | 192 kB | 0.5/8.7 MB | 14 kB
Progress (5): 2.2 kB | 226 kB | 192 kB | 0.6/8.7 MB | 14 kB
Progress (5): 2.2 kB | 226 kB | 192 kB | 0.6/8.7 MB | 14 kB
Progress (5): 2.2 kB | 226 kB | 192 kB | 0.6/8.7 MB | 14 kB
Progress (5): 2.2 kB | 226 kB | 192 kB | 0.6/8.7 MB | 14 kB
Progress (5): 2.2 kB | 226 kB | 192 kB | 0.6/8.7 MB | 14 kB
Progress (5): 2.2 kB | 226 kB | 192 kB | 0.6/8.7 MB | 14 kB
Progress (5): 2.2 kB | 226 kB | 192 kB | 0.6/8.7 MB | 14 kB
Progress (5): 2.2 kB | 226 kB | 192 kB | 0.7/8.7 MB | 14 kB
Progress (5): 2.2 kB | 226 kB | 192 kB | 0.7/8.7 MB | 14 kB
Progress (5): 2.2 kB | 226 kB | 192 kB | 0.7/8.7 MB | 14 kB
Progress (5): 2.2 kB | 226 kB | 192 kB | 0.7/8.7 MB | 14 kB
Progress (5): 2.2 kB | 226 kB | 192 kB | 0.7/8.7 MB | 14 kB
Progress (5): 2.2 kB | 226 kB | 192 kB | 0.7/8.7 MB | 14 kB
Progress (5): 2.2 kB | 226 kB | 192 kB | 0.7/8.7 MB | 14 kB
Progress (5): 2.2 kB | 226 kB | 192 kB | 0.7/8.7 MB | 14 kB
Progress (5): 2.2 kB | 226 kB | 192 kB | 0.7/8.7 MB | 14 kB
Progress (5): 2.2 kB | 226 kB | 192 kB | 0.7/8.7 MB | 14 kB
Progress (5): 2.2 kB | 226 kB | 192 kB | 0.7/8.7 MB | 14 kB
Progress (5): 2.2 kB | 226 kB | 192 kB | 0.7/8.7 MB | 14 kB
Progress (5): 2.2 kB | 226 kB | 192 kB | 0.7/8.7 MB | 14 kB
Progress (5): 2.2 kB | 226 kB | 192 kB | 0.8/8.7 MB | 14 kB
Progress (5): 2.2 kB | 226 kB | 192 kB | 0.8/8.7 MB | 14 kB
Progress (5): 2.2 kB | 226 kB | 192 kB | 0.8/8.7 MB | 14 kB
Progress (5): 2.2 kB | 226 kB | 192 kB | 0.8/8.7 MB | 14 kB
Progress (5): 2.2 kB | 226 kB | 192 kB | 0.8/8.7 MB | 14 kB
Progress (5): 2.2 kB | 226 kB | 192 kB | 0.8/8.7 MB | 14 kB
Progress (5): 2.2 kB | 226 kB | 192 kB | 0.8/8.7 MB | 14 kB
Progress (5): 2.2 kB | 226 kB | 192 kB | 0.9/8.7 MB | 14 kB
Progress (5): 2.2 kB | 226 kB | 192 kB | 0.9/8.7 MB | 14 kB
Progress (5): 2.2 kB | 226 kB | 192 kB | 0.9/8.7 MB | 14 kB
Progress (5): 2.2 kB | 226 kB | 192 kB | 0.9/8.7 MB | 14 kB
Progress (5): 2.2 kB | 226 kB | 192 kB | 0.9/8.7 MB | 14 kB
Progress (5): 2.2 kB | 226 kB | 192 kB | 0.9/8.7 MB | 14 kB
Progress (5): 2.2 kB | 226 kB | 192 kB | 1.0/8.7 MB | 14 kB
Progress (5): 2.2 kB | 226 kB | 192 kB | 1.0/8.7 MB | 14 kB
Progress (5): 2.2 kB | 226 kB | 192 kB | 1.0/8.7 MB | 14 kB
Progress (5): 2.2 kB | 226 kB | 192 kB | 1.0/8.7 MB | 14 kB
Progress (5): 2.2 kB | 226 kB | 192 kB | 1.0/8.7 MB | 14 kB
Progress (5): 2.2 kB | 226 kB | 192 kB | 1.0/8.7 MB | 14 kB
Progress (5): 2.2 kB | 226 kB | 192 kB | 1.0/8.7 MB | 14 kB
Progress (5): 2.2 kB | 226 kB | 192 kB | 1.1/8.7 MB | 14 kB
Progress (5): 2.2 kB | 226 kB | 192 kB | 1.1/8.7 MB | 14 kB
Progress (5): 2.2 kB | 226 kB | 192 kB | 1.1/8.7 MB | 14 kB
Progress (5): 2.2 kB | 226 kB | 192 kB | 1.1/8.7 MB | 14 kB
Progress (5): 2.2 kB | 226 kB | 192 kB | 1.1/8.7 MB | 14 kB
Progress (5): 2.2 kB | 226 kB | 192 kB | 1.1/8.7 MB | 14 kB
Progress (5): 2.2 kB | 226 kB | 192 kB | 1.2/8.7 MB | 14 kB
Progress (5): 2.2 kB | 226 kB | 192 kB | 1.2/8.7 MB | 14 kB
Progress (5): 2.2 kB | 226 kB | 192 kB | 1.2/8.7 MB | 14 kB
Progress (5): 2.2 kB | 226 kB | 192 kB | 1.2/8.7 MB | 14 kB
Progress (5): 2.2 kB | 226 kB | 192 kB | 1.2/8.7 MB | 14 kB
Progress (5): 2.2 kB | 226 kB | 192 kB | 1.2/8.7 MB | 14 kB
Progress (5): 2.2 kB | 226 kB | 192 kB | 1.3/8.7 MB | 14 kB
Progress (5): 2.2 kB | 226 kB | 192 kB | 1.3/8.7 MB | 14 kB
Progress (5): 2.2 kB | 226 kB | 192 kB | 1.3/8.7 MB | 14 kB
Progress (5): 2.2 kB | 226 kB | 192 kB | 1.3/8.7 MB | 14 kB
Progress (5): 2.2 kB | 226 kB | 192 kB | 1.3/8.7 MB | 14 kB
Progress (5): 2.2 kB | 226 kB | 192 kB | 1.3/8.7 MB | 14 kB
Progress (5): 2.2 kB | 226 kB | 192 kB | 1.4/8.7 MB | 14 kB
Progress (5): 2.2 kB | 226 kB | 192 kB | 1.4/8.7 MB | 14 kB
Progress (5): 2.2 kB | 226 kB | 192 kB | 1.4/8.7 MB | 14 kB
Progress (5): 2.2 kB | 226 kB | 192 kB | 1.4/8.7 MB | 14 kB
Progress (5): 2.2 kB | 226 kB | 192 kB | 1.4/8.7 MB | 14 kB
Progress (5): 2.2 kB | 226 kB | 192 kB | 1.4/8.7 MB | 14 kB
Progress (5): 2.2 kB | 226 kB | 192 kB | 1.5/8.7 MB | 14 kB
Progress (5): 2.2 kB | 226 kB | 192 kB | 1.5/8.7 MB | 14 kB
Progress (5): 2.2 kB | 226 kB | 192 kB | 1.5/8.7 MB | 14 kB
Progress (5): 2.2 kB | 226 kB | 192 kB | 1.5/8.7 MB | 14 kB
Progress (5): 2.2 kB | 226 kB | 192 kB | 1.5/8.7 MB | 14 kB
Progress (5): 2.2 kB | 226 kB | 192 kB | 1.5/8.7 MB | 14 kB
Progress (5): 2.2 kB | 226 kB | 192 kB | 1.6/8.7 MB | 14 kB
Progress (5): 2.2 kB | 226 kB | 192 kB | 1.6/8.7 MB | 14 kB
Progress (5): 2.2 kB | 226 kB | 192 kB | 1.6/8.7 MB | 14 kB
Progress (5): 2.2 kB | 226 kB | 192 kB | 1.6/8.7 MB | 14 kB
Progress (5): 2.2 kB | 226 kB | 192 kB | 1.6/8.7 MB | 14 kB
Progress (5): 2.2 kB | 226 kB | 192 kB | 1.6/8.7 MB | 14 kB
Progress (5): 2.2 kB | 226 kB | 192 kB | 1.7/8.7 MB | 14 kB
Progress (5): 2.2 kB | 226 kB | 192 kB | 1.7/8.7 MB | 14 kB
Progress (5): 2.2 kB | 226 kB | 192 kB | 1.7/8.7 MB | 14 kB
Progress (5): 2.2 kB | 226 kB | 192 kB | 1.7/8.7 MB | 14 kB
Progress (5): 2.2 kB | 226 kB | 192 kB | 1.7/8.7 MB | 14 kB
Progress (5): 2.2 kB | 226 kB | 192 kB | 1.7/8.7 MB | 14 kB
Progress (5): 2.2 kB | 226 kB | 192 kB | 1.7/8.7 MB | 14 kB
Progress (5): 2.2 kB | 226 kB | 192 kB | 1.7/8.7 MB | 14 kB
Progress (5): 2.2 kB | 226 kB | 192 kB | 1.7/8.7 MB | 14 kB
Progress (5): 2.2 kB | 226 kB | 192 kB | 1.8/8.7 MB | 14 kB
Progress (5): 2.2 kB | 226 kB | 192 kB | 1.8/8.7 MB | 14 kB
Progress (5): 2.2 kB | 226 kB | 192 kB | 1.8/8.7 MB | 14 kB
Progress (5): 2.2 kB | 226 kB | 192 kB | 1.8/8.7 MB | 14 kB
Progress (5): 2.2 kB | 226 kB | 192 kB | 1.8/8.7 MB | 14 kB
Progress (5): 2.2 kB | 226 kB | 192 kB | 1.8/8.7 MB | 14 kB
Progress (5): 2.2 kB | 226 kB | 192 kB | 1.8/8.7 MB | 14 kB
Progress (5): 2.2 kB | 226 kB | 192 kB | 1.8/8.7 MB | 14 kB
Progress (5): 2.2 kB | 226 kB | 192 kB | 1.9/8.7 MB | 14 kB
Progress (5): 2.2 kB | 226 kB | 192 kB | 1.9/8.7 MB | 14 kB
Progress (5): 2.2 kB | 226 kB | 192 kB | 1.9/8.7 MB | 14 kB
Progress (5): 2.2 kB | 226 kB | 192 kB | 1.9/8.7 MB | 14 kB
Progress (5): 2.2 kB | 226 kB | 192 kB | 1.9/8.7 MB | 14 kB
Progress (5): 2.2 kB | 226 kB | 192 kB | 1.9/8.7 MB | 14 kB
Progress (5): 2.2 kB | 226 kB | 192 kB | 2.0/8.7 MB | 14 kB
Progress (5): 2.2 kB | 226 kB | 192 kB | 2.0/8.7 MB | 14 kB
Progress (5): 2.2 kB | 226 kB | 192 kB | 2.0/8.7 MB | 14 kB
Progress (5): 2.2 kB | 226 kB | 192 kB | 2.0/8.7 MB | 14 kB
Progress (5): 2.2 kB | 226 kB | 192 kB | 2.0/8.7 MB | 14 kB
Progress (5): 2.2 kB | 226 kB | 192 kB | 2.0/8.7 MB | 14 kB
Progress (5): 2.2 kB | 226 kB | 192 kB | 2.0/8.7 MB | 14 kB
Progress (5): 2.2 kB | 226 kB | 192 kB | 2.1/8.7 MB | 14 kB
Progress (5): 2.2 kB | 226 kB | 192 kB | 2.1/8.7 MB | 14 kB
Progress (5): 2.2 kB | 226 kB | 192 kB | 2.1/8.7 MB | 14 kB
Progress (5): 2.2 kB | 226 kB | 192 kB | 2.1/8.7 MB | 14 kB
Progress (5): 2.2 kB | 226 kB | 192 kB | 2.1/8.7 MB | 14 kB
Progress (5): 2.2 kB | 226 kB | 192 kB | 2.1/8.7 MB | 14 kB
Progress (5): 2.2 kB | 226 kB | 192 kB | 2.2/8.7 MB | 14 kB
Progress (5): 2.2 kB | 226 kB | 192 kB | 2.2/8.7 MB | 14 kB
Progress (5): 2.2 kB | 226 kB | 192 kB | 2.2/8.7 MB | 14 kB
Progress (5): 2.2 kB | 226 kB | 192 kB | 2.2/8.7 MB | 14 kB
Progress (5): 2.2 kB | 226 kB | 192 kB | 2.2/8.7 MB | 14 kB
Progress (5): 2.2 kB | 226 kB | 192 kB | 2.2/8.7 MB | 14 kB
Progress (5): 2.2 kB | 226 kB | 192 kB | 2.3/8.7 MB | 14 kB
Progress (5): 2.2 kB | 226 kB | 192 kB | 2.3/8.7 MB | 14 kB
Progress (5): 2.2 kB | 226 kB | 192 kB | 2.3/8.7 MB | 14 kB
Progress (5): 2.2 kB | 226 kB | 192 kB | 2.3/8.7 MB | 14 kB
Progress (5): 2.2 kB | 226 kB | 192 kB | 2.3/8.7 MB | 14 kB
Progress (5): 2.2 kB | 226 kB | 192 kB | 2.3/8.7 MB | 14 kB
Progress (5): 2.2 kB | 226 kB | 192 kB | 2.4/8.7 MB | 14 kB
Progress (5): 2.2 kB | 226 kB | 192 kB | 2.4/8.7 MB | 14 kB
Progress (5): 2.2 kB | 226 kB | 192 kB | 2.4/8.7 MB | 14 kB
Progress (5): 2.2 kB | 226 kB | 192 kB | 2.4/8.7 MB | 14 kB
Progress (5): 2.2 kB | 226 kB | 192 kB | 2.4/8.7 MB | 14 kB
Progress (5): 2.2 kB | 226 kB | 192 kB | 2.4/8.7 MB | 14 kB
Progress (5): 2.2 kB | 226 kB | 192 kB | 2.4/8.7 MB | 14 kB
Progress (5): 2.2 kB | 226 kB | 192 kB | 2.4/8.7 MB | 14 kB
Progress (5): 2.2 kB | 226 kB | 192 kB | 2.5/8.7 MB | 14 kB
Progress (5): 2.2 kB | 226 kB | 192 kB | 2.5/8.7 MB | 14 kB
Progress (5): 2.2 kB | 226 kB | 192 kB | 2.5/8.7 MB | 14 kB
Progress (5): 2.2 kB | 226 kB | 192 kB | 2.5/8.7 MB | 14 kB
Progress (5): 2.2 kB | 226 kB | 192 kB | 2.5/8.7 MB | 14 kB
Progress (5): 2.2 kB | 226 kB | 192 kB | 2.5/8.7 MB | 14 kB
Progress (5): 2.2 kB | 226 kB | 192 kB | 2.6/8.7 MB | 14 kB
Progress (5): 2.2 kB | 226 kB | 192 kB | 2.6/8.7 MB | 14 kB
Progress (5): 2.2 kB | 226 kB | 192 kB | 2.6/8.7 MB | 14 kB
Progress (5): 2.2 kB | 226 kB | 192 kB | 2.6/8.7 MB | 14 kB
Progress (5): 2.2 kB | 226 kB | 192 kB | 2.6/8.7 MB | 14 kB
Progress (5): 2.2 kB | 226 kB | 192 kB | 2.6/8.7 MB | 14 kB
                                                           
Downloaded from aliyunmaven: https://maven.aliyun.com/repository/public/org/springframework/cloud/spring-cloud-openfeign-core/4.3.3/spring-cloud-openfeign-core-4.3.3.jar (226 kB at 3.1 MB/s)
Downloading from aliyunmaven: https://maven.aliyun.com/repository/public/org/apache/commons/commons-text/1.13.0/commons-text-1.13.0.jar
Progress (4): 2.2 kB | 192 kB | 2.6/8.7 MB | 14 kB
Progress (4): 2.2 kB | 192 kB | 2.7/8.7 MB | 14 kB
Progress (4): 2.2 kB | 192 kB | 2.7/8.7 MB | 14 kB
Progress (4): 2.2 kB | 192 kB | 2.7/8.7 MB | 14 kB
Progress (4): 2.2 kB | 192 kB | 2.7/8.7 MB | 14 kB
Progress (4): 2.2 kB | 192 kB | 2.7/8.7 MB | 14 kB
Progress (4): 2.2 kB | 192 kB | 2.7/8.7 MB | 14 kB
Progress (4): 2.2 kB | 192 kB | 2.7/8.7 MB | 14 kB
Progress (4): 2.2 kB | 192 kB | 2.8/8.7 MB | 14 kB
Progress (4): 2.2 kB | 192 kB | 2.8/8.7 MB | 14 kB
Progress (4): 2.2 kB | 192 kB | 2.8/8.7 MB | 14 kB
Progress (4): 2.2 kB | 192 kB | 2.8/8.7 MB | 14 kB
Progress (4): 2.2 kB | 192 kB | 2.8/8.7 MB | 14 kB
Progress (4): 2.2 kB | 192 kB | 2.8/8.7 MB | 14 kB
Progress (4): 2.2 kB | 192 kB | 2.8/8.7 MB | 14 kB
Progress (4): 2.2 kB | 192 kB | 2.8/8.7 MB | 14 kB
Progress (4): 2.2 kB | 192 kB | 2.9/8.7 MB | 14 kB
Progress (4): 2.2 kB | 192 kB | 2.9/8.7 MB | 14 kB
Progress (4): 2.2 kB | 192 kB | 2.9/8.7 MB | 14 kB
Progress (4): 2.2 kB | 192 kB | 2.9/8.7 MB | 14 kB
Progress (4): 2.2 kB | 192 kB | 2.9/8.7 MB | 14 kB
Progress (4): 2.2 kB | 192 kB | 2.9/8.7 MB | 14 kB
Progress (4): 2.2 kB | 192 kB | 2.9/8.7 MB | 14 kB
Progress (4): 2.2 kB | 192 kB | 2.9/8.7 MB | 14 kB
Progress (4): 2.2 kB | 192 kB | 3.0/8.7 MB | 14 kB
Progress (4): 2.2 kB | 192 kB | 3.0/8.7 MB | 14 kB
Progress (4): 2.2 kB | 192 kB | 3.0/8.7 MB | 14 kB
Progress (4): 2.2 kB | 192 kB | 3.0/8.7 MB | 14 kB
Progress (4): 2.2 kB | 192 kB | 3.0/8.7 MB | 14 kB
Progress (4): 2.2 kB | 192 kB | 3.0/8.7 MB | 14 kB
Progress (4): 2.2 kB | 192 kB | 3.1/8.7 MB | 14 kB
                                                  
Downloaded from aliyunmaven: https://maven.aliyun.com/repository/public/org/springframework/cloud/spring-cloud-context/4.3.3/spring-cloud-context-4.3.3.jar (192 kB at 2.4 MB/s)
Downloading from aliyunmaven: https://maven.aliyun.com/repository/public/io/github/openfeign/feign-form/13.6.1/feign-form-13.6.1.jar
Progress (3): 2.2 kB | 3.1/8.7 MB | 14 kB
Progress (3): 2.2 kB | 3.1/8.7 MB | 14 kB
Progress (3): 2.2 kB | 3.1/8.7 MB | 14 kB
Progress (3): 2.2 kB | 3.1/8.7 MB | 14 kB
Progress (3): 2.2 kB | 3.1/8.7 MB | 14 kB
Progress (3): 2.2 kB | 3.1/8.7 MB | 14 kB
                                         
Downloaded from aliyunmaven: https://maven.aliyun.com/repository/public/org/springframework/cloud/spring-cloud-starter/4.3.3/spring-cloud-starter-4.3.3.jar (2.2 kB at 27 kB/s)
Downloading from aliyunmaven: https://maven.aliyun.com/repository/public/commons-fileupload/commons-fileupload/1.6.0/commons-fileupload-1.6.0.jar
Progress (3): 3.1/8.7 MB | 14 kB | 7.3/258 kB
Progress (3): 3.1/8.7 MB | 14 kB | 15/258 kB 
Progress (3): 3.1/8.7 MB | 14 kB | 32/258 kB
Progress (3): 3.1/8.7 MB | 14 kB | 48/258 kB
Progress (3): 3.1/8.7 MB | 14 kB | 64/258 kB
Progress (3): 3.1/8.7 MB | 14 kB | 81/258 kB
Progress (3): 3.1/8.7 MB | 14 kB | 97/258 kB
Progress (3): 3.1/8.7 MB | 14 kB | 114/258 kB
Progress (3): 3.1/8.7 MB | 14 kB | 130/258 kB
Progress (3): 3.1/8.7 MB | 14 kB | 146/258 kB
Progress (3): 3.1/8.7 MB | 14 kB | 163/258 kB
Progress (3): 3.1/8.7 MB | 14 kB | 179/258 kB
Progress (3): 3.1/8.7 MB | 14 kB | 196/258 kB
Progress (3): 3.1/8.7 MB | 14 kB | 212/258 kB
Progress (3): 3.1/8.7 MB | 14 kB | 228/258 kB
Progress (3): 3.1/8.7 MB | 14 kB | 245/258 kB
Progress (3): 3.1/8.7 MB | 14 kB | 258 kB    
Progress (3): 3.2/8.7 MB | 14 kB | 258 kB
Progress (3): 3.2/8.7 MB | 14 kB | 258 kB
Progress (3): 3.2/8.7 MB | 14 kB | 258 kB
Progress (3): 3.2/8.7 MB | 14 kB | 258 kB
Progress (3): 3.2/8.7 MB | 14 kB | 258 kB
Progress (3): 3.2/8.7 MB | 14 kB | 258 kB
Progress (3): 3.3/8.7 MB | 14 kB | 258 kB
Progress (3): 3.3/8.7 MB | 14 kB | 258 kB
Progress (3): 3.3/8.7 MB | 14 kB | 258 kB
Progress (3): 3.3/8.7 MB | 14 kB | 258 kB
Progress (3): 3.3/8.7 MB | 14 kB | 258 kB
Progress (3): 3.3/8.7 MB | 14 kB | 258 kB
Progress (3): 3.4/8.7 MB | 14 kB | 258 kB
Progress (3): 3.4/8.7 MB | 14 kB | 258 kB
Progress (3): 3.4/8.7 MB | 14 kB | 258 kB
Progress (3): 3.4/8.7 MB | 14 kB | 258 kB
Progress (3): 3.4/8.7 MB | 14 kB | 258 kB
Progress (3): 3.4/8.7 MB | 14 kB | 258 kB
Progress (4): 3.4/8.7 MB | 14 kB | 258 kB | 6.3/77 kB
Progress (4): 3.4/8.7 MB | 14 kB | 258 kB | 23/77 kB 
Progress (4): 3.4/8.7 MB | 14 kB | 258 kB | 39/77 kB
Progress (4): 3.4/8.7 MB | 14 kB | 258 kB | 55/77 kB
Progress (4): 3.5/8.7 MB | 14 kB | 258 kB | 55/77 kB
Progress (4): 3.5/8.7 MB | 14 kB | 258 kB | 72/77 kB
Progress (4): 3.5/8.7 MB | 14 kB | 258 kB | 77 kB   
Progress (4): 3.5/8.7 MB | 14 kB | 258 kB | 77 kB
Progress (4): 3.5/8.7 MB | 14 kB | 258 kB | 77 kB
Progress (4): 3.5/8.7 MB | 14 kB | 258 kB | 77 kB
Progress (4): 3.5/8.7 MB | 14 kB | 258 kB | 77 kB
Progress (4): 3.5/8.7 MB | 14 kB | 258 kB | 77 kB
Progress (4): 3.6/8.7 MB | 14 kB | 258 kB | 77 kB
Progress (4): 3.6/8.7 MB | 14 kB | 258 kB | 77 kB
Progress (4): 3.6/8.7 MB | 14 kB | 258 kB | 77 kB
Progress (4): 3.6/8.7 MB | 14 kB | 258 kB | 77 kB
Progress (4): 3.6/8.7 MB | 14 kB | 258 kB | 77 kB
Progress (4): 3.6/8.7 MB | 14 kB | 258 kB | 77 kB
Progress (4): 3.7/8.7 MB | 14 kB | 258 kB | 77 kB
Progress (5): 3.7/8.7 MB | 14 kB | 258 kB | 77 kB | 7.2/29 kB
Progress (5): 3.7/8.7 MB | 14 kB | 258 kB | 77 kB | 15/29 kB 
Progress (5): 3.7/8.7 MB | 14 kB | 258 kB | 77 kB | 29 kB   
Progress (5): 3.7/8.7 MB | 14 kB | 258 kB | 77 kB | 29 kB
Progress (5): 3.7/8.7 MB | 14 kB | 258 kB | 77 kB | 29 kB
Progress (5): 3.7/8.7 MB | 14 kB | 258 kB | 77 kB | 29 kB
Progress (5): 3.7/8.7 MB | 14 kB | 258 kB | 77 kB | 29 kB
Progress (5): 3.7/8.7 MB | 14 kB | 258 kB | 77 kB | 29 kB
Progress (5): 3.7/8.7 MB | 14 kB | 258 kB | 77 kB | 29 kB
Progress (5): 3.8/8.7 MB | 14 kB | 258 kB | 77 kB | 29 kB
Progress (5): 3.8/8.7 MB | 14 kB | 258 kB | 77 kB | 29 kB
Progress (5): 3.8/8.7 MB | 14 kB | 258 kB | 77 kB | 29 kB
Progress (5): 3.8/8.7 MB | 14 kB | 258 kB | 77 kB | 29 kB
Progress (5): 3.8/8.7 MB | 14 kB | 258 kB | 77 kB | 29 kB
Progress (5): 3.8/8.7 MB | 14 kB | 258 kB | 77 kB | 29 kB
Progress (5): 3.9/8.7 MB | 14 kB | 258 kB | 77 kB | 29 kB
Progress (5): 3.9/8.7 MB | 14 kB | 258 kB | 77 kB | 29 kB
Progress (5): 3.9/8.7 MB | 14 kB | 258 kB | 77 kB | 29 kB
Progress (5): 3.9/8.7 MB | 14 kB | 258 kB | 77 kB | 29 kB
Progress (5): 3.9/8.7 MB | 14 kB | 258 kB | 77 kB | 29 kB
Progress (5): 3.9/8.7 MB | 14 kB | 258 kB | 77 kB | 29 kB
Progress (5): 4.0/8.7 MB | 14 kB | 258 kB | 77 kB | 29 kB
Progress (5): 4.0/8.7 MB | 14 kB | 258 kB | 77 kB | 29 kB
Progress (5): 4.0/8.7 MB | 14 kB | 258 kB | 77 kB | 29 kB
Progress (5): 4.0/8.7 MB | 14 kB | 258 kB | 77 kB | 29 kB
Progress (5): 4.0/8.7 MB | 14 kB | 258 kB | 77 kB | 29 kB
Progress (5): 4.0/8.7 MB | 14 kB | 258 kB | 77 kB | 29 kB
Progress (5): 4.1/8.7 MB | 14 kB | 258 kB | 77 kB | 29 kB
Progress (5): 4.1/8.7 MB | 14 kB | 258 kB | 77 kB | 29 kB
Progress (5): 4.1/8.7 MB | 14 kB | 258 kB | 77 kB | 29 kB
Progress (5): 4.1/8.7 MB | 14 kB | 258 kB | 77 kB | 29 kB
Progress (5): 4.1/8.7 MB | 14 kB | 258 kB | 77 kB | 29 kB
Progress (5): 4.1/8.7 MB | 14 kB | 258 kB | 77 kB | 29 kB
Progress (5): 4.2/8.7 MB | 14 kB | 258 kB | 77 kB | 29 kB
Progress (5): 4.2/8.7 MB | 14 kB | 258 kB | 77 kB | 29 kB
Progress (5): 4.2/8.7 MB | 14 kB | 258 kB | 77 kB | 29 kB
Progress (5): 4.2/8.7 MB | 14 kB | 258 kB | 77 kB | 29 kB
                                                         
Downloaded from aliyunmaven: https://maven.aliyun.com/repository/public/commons-fileupload/commons-fileupload/1.6.0/commons-fileupload-1.6.0.jar (77 kB at 597 kB/s)
Downloading from aliyunmaven: https://maven.aliyun.com/repository/public/org/springframework/cloud/spring-cloud-commons/4.3.3/spring-cloud-commons-4.3.3.jar
Progress (5): 4.2/8.7 MB | 14 kB | 258 kB | 29 kB | 7.3/267 kB
Progress (5): 4.2/8.7 MB | 14 kB | 258 kB | 29 kB | 15/267 kB 
Progress (5): 4.2/8.7 MB | 14 kB | 258 kB | 29 kB | 32/267 kB
Progress (5): 4.2/8.7 MB | 14 kB | 258 kB | 29 kB | 48/267 kB
Progress (5): 4.2/8.7 MB | 14 kB | 258 kB | 29 kB | 64/267 kB
Progress (5): 4.2/8.7 MB | 14 kB | 258 kB | 29 kB | 81/267 kB
Progress (5): 4.2/8.7 MB | 14 kB | 258 kB | 29 kB | 97/267 kB
Progress (5): 4.2/8.7 MB | 14 kB | 258 kB | 29 kB | 114/267 kB
Progress (5): 4.2/8.7 MB | 14 kB | 258 kB | 29 kB | 130/267 kB
Progress (5): 4.2/8.7 MB | 14 kB | 258 kB | 29 kB | 146/267 kB
Progress (5): 4.2/8.7 MB | 14 kB | 258 kB | 29 kB | 163/267 kB
Progress (5): 4.2/8.7 MB | 14 kB | 258 kB | 29 kB | 179/267 kB
Progress (5): 4.2/8.7 MB | 14 kB | 258 kB | 29 kB | 196/267 kB
Progress (5): 4.2/8.7 MB | 14 kB | 258 kB | 29 kB | 212/267 kB
Progress (5): 4.2/8.7 MB | 14 kB | 258 kB | 29 kB | 228/267 kB
Progress (5): 4.2/8.7 MB | 14 kB | 258 kB | 29 kB | 245/267 kB
Progress (5): 4.2/8.7 MB | 14 kB | 258 kB | 29 kB | 261/267 kB
Progress (5): 4.2/8.7 MB | 14 kB | 258 kB | 29 kB | 267 kB    
Progress (5): 4.2/8.7 MB | 14 kB | 258 kB | 29 kB | 267 kB
Progress (5): 4.2/8.7 MB | 14 kB | 258 kB | 29 kB | 267 kB
Progress (5): 4.2/8.7 MB | 14 kB | 258 kB | 29 kB | 267 kB
Progress (5): 4.3/8.7 MB | 14 kB | 258 kB | 29 kB | 267 kB
Progress (5): 4.3/8.7 MB | 14 kB | 258 kB | 29 kB | 267 kB
Progress (5): 4.3/8.7 MB | 14 kB | 258 kB | 29 kB | 267 kB
Progress (5): 4.3/8.7 MB | 14 kB | 258 kB | 29 kB | 267 kB
Progress (5): 4.3/8.7 MB | 14 kB | 258 kB | 29 kB | 267 kB
Progress (5): 4.3/8.7 MB | 14 kB | 258 kB | 29 kB | 267 kB
Progress (5): 4.4/8.7 MB | 14 kB | 258 kB | 29 kB | 267 kB
Progress (5): 4.4/8.7 MB | 14 kB | 258 kB | 29 kB | 267 kB
                                                          
Downloaded from aliyunmaven: https://maven.aliyun.com/repository/public/io/github/openfeign/feign-form-spring/13.6.1/feign-form-spring-13.6.1.jar (14 kB at 95 kB/s)
Downloading from aliyunmaven: https://maven.aliyun.com/repository/public/io/github/openfeign/feign-core/13.6.1/feign-core-13.6.1.jar
Progress (4): 4.4/8.7 MB | 258 kB | 29 kB | 267 kB
Progress (4): 4.4/8.7 MB | 258 kB | 29 kB | 267 kB
Progress (4): 4.4/8.7 MB | 258 kB | 29 kB | 267 kB
Progress (4): 4.4/8.7 MB | 258 kB | 29 kB | 267 kB
Progress (4): 4.5/8.7 MB | 258 kB | 29 kB | 267 kB
Progress (4): 4.5/8.7 MB | 258 kB | 29 kB | 267 kB
Progress (4): 4.5/8.7 MB | 258 kB | 29 kB | 267 kB
Progress (4): 4.5/8.7 MB | 258 kB | 29 kB | 267 kB
Progress (4): 4.5/8.7 MB | 258 kB | 29 kB | 267 kB
Progress (4): 4.5/8.7 MB | 258 kB | 29 kB | 267 kB
Progress (4): 4.5/8.7 MB | 258 kB | 29 kB | 267 kB
Progress (4): 4.6/8.7 MB | 258 kB | 29 kB | 267 kB
Progress (4): 4.6/8.7 MB | 258 kB | 29 kB | 267 kB
Progress (4): 4.6/8.7 MB | 258 kB | 29 kB | 267 kB
Progress (4): 4.6/8.7 MB | 258 kB | 29 kB | 267 kB
Progress (4): 4.6/8.7 MB | 258 kB | 29 kB | 267 kB
Progress (4): 4.6/8.7 MB | 258 kB | 29 kB | 267 kB
Progress (4): 4.7/8.7 MB | 258 kB | 29 kB | 267 kB
Progress (4): 4.7/8.7 MB | 258 kB | 29 kB | 267 kB
Progress (4): 4.7/8.7 MB | 258 kB | 29 kB | 267 kB
Progress (4): 4.7/8.7 MB | 258 kB | 29 kB | 267 kB
Progress (4): 4.7/8.7 MB | 258 kB | 29 kB | 267 kB
Progress (5): 4.7/8.7 MB | 258 kB | 29 kB | 267 kB | 0.4/224 kB
Progress (5): 4.7/8.7 MB | 258 kB | 29 kB | 267 kB | 17/224 kB 
Progress (5): 4.7/8.7 MB | 258 kB | 29 kB | 267 kB | 33/224 kB
Progress (5): 4.7/8.7 MB | 258 kB | 29 kB | 267 kB | 50/224 kB
Progress (5): 4.7/8.7 MB | 258 kB | 29 kB | 267 kB | 66/224 kB
Progress (5): 4.7/8.7 MB | 258 kB | 29 kB | 267 kB | 82/224 kB
Progress (5): 4.7/8.7 MB | 258 kB | 29 kB | 267 kB | 99/224 kB
Progress (5): 4.7/8.7 MB | 258 kB | 29 kB | 267 kB | 115/224 kB
Progress (5): 4.7/8.7 MB | 258 kB | 29 kB | 267 kB | 131/224 kB
Progress (5): 4.7/8.7 MB | 258 kB | 29 kB | 267 kB | 148/224 kB
Progress (5): 4.7/8.7 MB | 258 kB | 29 kB | 267 kB | 164/224 kB
Progress (5): 4.7/8.7 MB | 258 kB | 29 kB | 267 kB | 181/224 kB
Progress (5): 4.7/8.7 MB | 258 kB | 29 kB | 267 kB | 197/224 kB
Progress (5): 4.7/8.7 MB | 258 kB | 29 kB | 267 kB | 213/224 kB
Progress (5): 4.7/8.7 MB | 258 kB | 29 kB | 267 kB | 224 kB    
                                                           
Downloaded from aliyunmaven: https://maven.aliyun.com/repository/public/io/github/openfeign/feign-core/13.6.1/feign-core-13.6.1.jar (224 kB at 1.0 MB/s)
Downloading from aliyunmaven: https://maven.aliyun.com/repository/public/io/github/openfeign/feign-slf4j/13.6.1/feign-slf4j-13.6.1.jar
Progress (5): 4.7/8.7 MB | 258 kB | 29 kB | 267 kB | 4.1 kB
                                                           
Downloaded from aliyunmaven: https://maven.aliyun.com/repository/public/org/apache/commons/commons-text/1.13.0/commons-text-1.13.0.jar (258 kB at 1.1 MB/s)
Downloading from aliyunmaven: https://maven.aliyun.com/repository/public/org/springframework/cloud/spring-cloud-starter-loadbalancer/4.3.3/spring-cloud-starter-loadbalancer-4.3.3.jar
Progress (5): 4.7/8.7 MB | 29 kB | 267 kB | 4.1 kB | 2.3 kB
                                                           
Downloaded from aliyunmaven: https://maven.aliyun.com/repository/public/io/github/openfeign/feign-slf4j/13.6.1/feign-slf4j-13.6.1.jar (4.1 kB at 14 kB/s)
Downloading from aliyunmaven: https://maven.aliyun.com/repository/public/org/springframework/cloud/spring-cloud-loadbalancer/4.3.3/spring-cloud-loadbalancer-4.3.3.jar
Progress (4): 4.7/8.7 MB | 29 kB | 267 kB | 2.3 kB
Progress (5): 4.7/8.7 MB | 29 kB | 267 kB | 2.3 kB | 7.3/141 kB
Progress (5): 4.7/8.7 MB | 29 kB | 267 kB | 2.3 kB | 15/141 kB 
Progress (5): 4.7/8.7 MB | 29 kB | 267 kB | 2.3 kB | 32/141 kB
Progress (5): 4.7/8.7 MB | 29 kB | 267 kB | 2.3 kB | 48/141 kB
Progress (5): 4.7/8.7 MB | 29 kB | 267 kB | 2.3 kB | 64/141 kB
Progress (5): 4.7/8.7 MB | 29 kB | 267 kB | 2.3 kB | 81/141 kB
Progress (5): 4.7/8.7 MB | 29 kB | 267 kB | 2.3 kB | 88/141 kB
Progress (5): 4.7/8.7 MB | 29 kB | 267 kB | 2.3 kB | 100/141 kB
Progress (5): 4.7/8.7 MB | 29 kB | 267 kB | 2.3 kB | 116/141 kB
Progress (5): 4.7/8.7 MB | 29 kB | 267 kB | 2.3 kB | 123/141 kB
Progress (5): 4.7/8.7 MB | 29 kB | 267 kB | 2.3 kB | 135/141 kB
Progress (5): 4.7/8.7 MB | 29 kB | 267 kB | 2.3 kB | 136/141 kB
Progress (5): 4.8/8.7 MB | 29 kB | 267 kB | 2.3 kB | 136/141 kB
Progress (5): 4.8/8.7 MB | 29 kB | 267 kB | 2.3 kB | 141 kB    
Progress (5): 4.8/8.7 MB | 29 kB | 267 kB | 2.3 kB | 141 kB
Progress (5): 4.8/8.7 MB | 29 kB | 267 kB | 2.3 kB | 141 kB
Progress (5): 4.8/8.7 MB | 29 kB | 267 kB | 2.3 kB | 141 kB
Progress (5): 4.8/8.7 MB | 29 kB | 267 kB | 2.3 kB | 141 kB
Progress (5): 4.8/8.7 MB | 29 kB | 267 kB | 2.3 kB | 141 kB
Progress (5): 4.8/8.7 MB | 29 kB | 267 kB | 2.3 kB | 141 kB
Progress (5): 4.9/8.7 MB | 29 kB | 267 kB | 2.3 kB | 141 kB
Progress (5): 4.9/8.7 MB | 29 kB | 267 kB | 2.3 kB | 141 kB
Progress (5): 4.9/8.7 MB | 29 kB | 267 kB | 2.3 kB | 141 kB
Progress (5): 4.9/8.7 MB | 29 kB | 267 kB | 2.3 kB | 141 kB
Progress (5): 4.9/8.7 MB | 29 kB | 267 kB | 2.3 kB | 141 kB
Progress (5): 4.9/8.7 MB | 29 kB | 267 kB | 2.3 kB | 141 kB
Progress (5): 5.0/8.7 MB | 29 kB | 267 kB | 2.3 kB | 141 kB
Progress (5): 5.0/8.7 MB | 29 kB | 267 kB | 2.3 kB | 141 kB
Progress (5): 5.0/8.7 MB | 29 kB | 267 kB | 2.3 kB | 141 kB
Progress (5): 5.0/8.7 MB | 29 kB | 267 kB | 2.3 kB | 141 kB
Progress (5): 5.0/8.7 MB | 29 kB | 267 kB | 2.3 kB | 141 kB
Progress (5): 5.0/8.7 MB | 29 kB | 267 kB | 2.3 kB | 141 kB
Progress (5): 5.1/8.7 MB | 29 kB | 267 kB | 2.3 kB | 141 kB
Progress (5): 5.1/8.7 MB | 29 kB | 267 kB | 2.3 kB | 141 kB
Progress (5): 5.1/8.7 MB | 29 kB | 267 kB | 2.3 kB | 141 kB
Progress (5): 5.1/8.7 MB | 29 kB | 267 kB | 2.3 kB | 141 kB
Progress (5): 5.1/8.7 MB | 29 kB | 267 kB | 2.3 kB | 141 kB
Progress (5): 5.1/8.7 MB | 29 kB | 267 kB | 2.3 kB | 141 kB
Progress (5): 5.1/8.7 MB | 29 kB | 267 kB | 2.3 kB | 141 kB
Progress (5): 5.2/8.7 MB | 29 kB | 267 kB | 2.3 kB | 141 kB
Progress (5): 5.2/8.7 MB | 29 kB | 267 kB | 2.3 kB | 141 kB
Progress (5): 5.2/8.7 MB | 29 kB | 267 kB | 2.3 kB | 141 kB
Progress (5): 5.2/8.7 MB | 29 kB | 267 kB | 2.3 kB | 141 kB
Progress (5): 5.2/8.7 MB | 29 kB | 267 kB | 2.3 kB | 141 kB
Progress (5): 5.2/8.7 MB | 29 kB | 267 kB | 2.3 kB | 141 kB
                                                           
Downloaded from aliyunmaven: https://maven.aliyun.com/repository/public/org/springframework/cloud/spring-cloud-starter-loadbalancer/4.3.3/spring-cloud-starter-loadbalancer-4.3.3.jar (2.3 kB at 7.5 kB/s)
Downloading from aliyunmaven: https://maven.aliyun.com/repository/public/io/projectreactor/addons/reactor-extra/3.5.5/reactor-extra-3.5.5.jar
Progress (5): 5.2/8.7 MB | 29 kB | 267 kB | 141 kB | 0.4/109 kB
Progress (5): 5.2/8.7 MB | 29 kB | 267 kB | 141 kB | 17/109 kB 
Progress (5): 5.2/8.7 MB | 29 kB | 267 kB | 141 kB | 33/109 kB
Progress (5): 5.2/8.7 MB | 29 kB | 267 kB | 141 kB | 50/109 kB
Progress (5): 5.2/8.7 MB | 29 kB | 267 kB | 141 kB | 66/109 kB
Progress (5): 5.2/8.7 MB | 29 kB | 267 kB | 141 kB | 82/109 kB
Progress (5): 5.2/8.7 MB | 29 kB | 267 kB | 141 kB | 99/109 kB
Progress (5): 5.2/8.7 MB | 29 kB | 267 kB | 141 kB | 109 kB   
                                                           
Downloaded from aliyunmaven: https://maven.aliyun.com/repository/public/org/springframework/cloud/spring-cloud-loadbalancer/4.3.3/spring-cloud-loadbalancer-4.3.3.jar (141 kB at 417 kB/s)
Downloading from aliyunmaven: https://maven.aliyun.com/repository/public/org/springframework/boot/spring-boot-starter-cache/3.5.15/spring-boot-starter-cache-3.5.15.jar
Downloaded from aliyunmaven: https://maven.aliyun.com/repository/public/org/springframework/cloud/spring-cloud-commons/4.3.3/spring-cloud-commons-4.3.3.jar (267 kB at 784 kB/s)
Downloading from aliyunmaven: https://maven.aliyun.com/repository/public/com/stoyanr/evictor/1.0.0/evictor-1.0.0.jar
Progress (3): 5.3/8.7 MB | 29 kB | 109 kB
Progress (3): 5.3/8.7 MB | 29 kB | 109 kB
Progress (3): 5.3/8.7 MB | 29 kB | 109 kB
Progress (3): 5.3/8.7 MB | 29 kB | 109 kB
Progress (3): 5.3/8.7 MB | 29 kB | 109 kB
Progress (3): 5.3/8.7 MB | 29 kB | 109 kB
Progress (3): 5.4/8.7 MB | 29 kB | 109 kB
Progress (3): 5.4/8.7 MB | 29 kB | 109 kB
Progress (3): 5.4/8.7 MB | 29 kB | 109 kB
Progress (3): 5.4/8.7 MB | 29 kB | 109 kB
Progress (3): 5.4/8.7 MB | 29 kB | 109 kB
Progress (3): 5.4/8.7 MB | 29 kB | 109 kB
Progress (3): 5.5/8.7 MB | 29 kB | 109 kB
Progress (3): 5.5/8.7 MB | 29 kB | 109 kB
Progress (3): 5.5/8.7 MB | 29 kB | 109 kB
Progress (3): 5.5/8.7 MB | 29 kB | 109 kB
Progress (3): 5.5/8.7 MB | 29 kB | 109 kB
Progress (3): 5.5/8.7 MB | 29 kB | 109 kB
Progress (3): 5.6/8.7 MB | 29 kB | 109 kB
Progress (3): 5.6/8.7 MB | 29 kB | 109 kB
Progress (3): 5.6/8.7 MB | 29 kB | 109 kB
Progress (3): 5.6/8.7 MB | 29 kB | 109 kB
Progress (3): 5.6/8.7 MB | 29 kB | 109 kB
Progress (3): 5.6/8.7 MB | 29 kB | 109 kB
Progress (3): 5.7/8.7 MB | 29 kB | 109 kB
Progress (3): 5.7/8.7 MB | 29 kB | 109 kB
Progress (3): 5.7/8.7 MB | 29 kB | 109 kB
Progress (3): 5.7/8.7 MB | 29 kB | 109 kB
Progress (3): 5.7/8.7 MB | 29 kB | 109 kB
Progress (4): 5.7/8.7 MB | 29 kB | 109 kB | 1.9/29 kB
Progress (4): 5.7/8.7 MB | 29 kB | 109 kB | 18/29 kB 
Progress (4): 5.7/8.7 MB | 29 kB | 109 kB | 29 kB   
Progress (4): 5.7/8.7 MB | 29 kB | 109 kB | 29 kB
Progress (4): 5.8/8.7 MB | 29 kB | 109 kB | 29 kB
Progress (4): 5.8/8.7 MB | 29 kB | 109 kB | 29 kB
Progress (5): 5.8/8.7 MB | 29 kB | 109 kB | 29 kB | 4.8 kB
Progress (5): 5.8/8.7 MB | 29 kB | 109 kB | 29 kB | 4.8 kB
Progress (5): 5.8/8.7 MB | 29 kB | 109 kB | 29 kB | 4.8 kB
Progress (5): 5.8/8.7 MB | 29 kB | 109 kB | 29 kB | 4.8 kB
Progress (5): 5.8/8.7 MB | 29 kB | 109 kB | 29 kB | 4.8 kB
Progress (5): 5.8/8.7 MB | 29 kB | 109 kB | 29 kB | 4.8 kB
Progress (5): 5.9/8.7 MB | 29 kB | 109 kB | 29 kB | 4.8 kB
Progress (5): 5.9/8.7 MB | 29 kB | 109 kB | 29 kB | 4.8 kB
Progress (5): 5.9/8.7 MB | 29 kB | 109 kB | 29 kB | 4.8 kB
Progress (5): 5.9/8.7 MB | 29 kB | 109 kB | 29 kB | 4.8 kB
Progress (5): 5.9/8.7 MB | 29 kB | 109 kB | 29 kB | 4.8 kB
Progress (5): 5.9/8.7 MB | 29 kB | 109 kB | 29 kB | 4.8 kB
Progress (5): 6.0/8.7 MB | 29 kB | 109 kB | 29 kB | 4.8 kB
Progress (5): 6.0/8.7 MB | 29 kB | 109 kB | 29 kB | 4.8 kB
Progress (5): 6.0/8.7 MB | 29 kB | 109 kB | 29 kB | 4.8 kB
Progress (5): 6.0/8.7 MB | 29 kB | 109 kB | 29 kB | 4.8 kB
Progress (5): 6.0/8.7 MB | 29 kB | 109 kB | 29 kB | 4.8 kB
Progress (5): 6.0/8.7 MB | 29 kB | 109 kB | 29 kB | 4.8 kB
Progress (5): 6.1/8.7 MB | 29 kB | 109 kB | 29 kB | 4.8 kB
Progress (5): 6.1/8.7 MB | 29 kB | 109 kB | 29 kB | 4.8 kB
Progress (5): 6.1/8.7 MB | 29 kB | 109 kB | 29 kB | 4.8 kB
Progress (5): 6.1/8.7 MB | 29 kB | 109 kB | 29 kB | 4.8 kB
Progress (5): 6.1/8.7 MB | 29 kB | 109 kB | 29 kB | 4.8 kB
Progress (5): 6.1/8.7 MB | 29 kB | 109 kB | 29 kB | 4.8 kB
Progress (5): 6.2/8.7 MB | 29 kB | 109 kB | 29 kB | 4.8 kB
Progress (5): 6.2/8.7 MB | 29 kB | 109 kB | 29 kB | 4.8 kB
Progress (5): 6.2/8.7 MB | 29 kB | 109 kB | 29 kB | 4.8 kB
Progress (5): 6.2/8.7 MB | 29 kB | 109 kB | 29 kB | 4.8 kB
Progress (5): 6.2/8.7 MB | 29 kB | 109 kB | 29 kB | 4.8 kB
Progress (5): 6.2/8.7 MB | 29 kB | 109 kB | 29 kB | 4.8 kB
Progress (5): 6.3/8.7 MB | 29 kB | 109 kB | 29 kB | 4.8 kB
Progress (5): 6.3/8.7 MB | 29 kB | 109 kB | 29 kB | 4.8 kB
Progress (5): 6.3/8.7 MB | 29 kB | 109 kB | 29 kB | 4.8 kB
                                                          
Downloaded from aliyunmaven: https://maven.aliyun.com/repository/public/io/projectreactor/addons/reactor-extra/3.5.5/reactor-extra-3.5.5.jar (109 kB at 289 kB/s)
Progress (4): 6.3/8.7 MB | 29 kB | 29 kB | 4.8 kB
Progress (4): 6.3/8.7 MB | 29 kB | 29 kB | 4.8 kB
Progress (4): 6.3/8.7 MB | 29 kB | 29 kB | 4.8 kB
Progress (4): 6.4/8.7 MB | 29 kB | 29 kB | 4.8 kB
Progress (4): 6.4/8.7 MB | 29 kB | 29 kB | 4.8 kB
Progress (4): 6.4/8.7 MB | 29 kB | 29 kB | 4.8 kB
Progress (4): 6.4/8.7 MB | 29 kB | 29 kB | 4.8 kB
Progress (4): 6.4/8.7 MB | 29 kB | 29 kB | 4.8 kB
Progress (4): 6.4/8.7 MB | 29 kB | 29 kB | 4.8 kB
Progress (4): 6.5/8.7 MB | 29 kB | 29 kB | 4.8 kB
Progress (4): 6.5/8.7 MB | 29 kB | 29 kB | 4.8 kB
Progress (4): 6.5/8.7 MB | 29 kB | 29 kB | 4.8 kB
                                                 
Downloaded from aliyunmaven: https://maven.aliyun.com/repository/public/io/github/openfeign/feign-form/13.6.1/feign-form-13.6.1.jar (29 kB at 73 kB/s)
Progress (3): 6.5/8.7 MB | 29 kB | 4.8 kB
Progress (3): 6.5/8.7 MB | 29 kB | 4.8 kB
Progress (3): 6.5/8.7 MB | 29 kB | 4.8 kB
Progress (3): 6.5/8.7 MB | 29 kB | 4.8 kB
Progress (3): 6.6/8.7 MB | 29 kB | 4.8 kB
Progress (3): 6.6/8.7 MB | 29 kB | 4.8 kB
Progress (3): 6.6/8.7 MB | 29 kB | 4.8 kB
Progress (3): 6.6/8.7 MB | 29 kB | 4.8 kB
Progress (3): 6.6/8.7 MB | 29 kB | 4.8 kB
Progress (3): 6.6/8.7 MB | 29 kB | 4.8 kB
Progress (3): 6.7/8.7 MB | 29 kB | 4.8 kB
Progress (3): 6.7/8.7 MB | 29 kB | 4.8 kB
Progress (3): 6.7/8.7 MB | 29 kB | 4.8 kB
Progress (3): 6.7/8.7 MB | 29 kB | 4.8 kB
Progress (3): 6.7/8.7 MB | 29 kB | 4.8 kB
Progress (3): 6.7/8.7 MB | 29 kB | 4.8 kB
Progress (3): 6.7/8.7 MB | 29 kB | 4.8 kB
Progress (3): 6.8/8.7 MB | 29 kB | 4.8 kB
Progress (3): 6.8/8.7 MB | 29 kB | 4.8 kB
Progress (3): 6.8/8.7 MB | 29 kB | 4.8 kB
Progress (3): 6.8/8.7 MB | 29 kB | 4.8 kB
Progress (3): 6.8/8.7 MB | 29 kB | 4.8 kB
Progress (3): 6.8/8.7 MB | 29 kB | 4.8 kB
Progress (3): 6.8/8.7 MB | 29 kB | 4.8 kB
Progress (3): 6.9/8.7 MB | 29 kB | 4.8 kB
Progress (3): 6.9/8.7 MB | 29 kB | 4.8 kB
Progress (3): 6.9/8.7 MB | 29 kB | 4.8 kB
Progress (3): 6.9/8.7 MB | 29 kB | 4.8 kB
Progress (3): 6.9/8.7 MB | 29 kB | 4.8 kB
Progress (3): 6.9/8.7 MB | 29 kB | 4.8 kB
Progress (3): 7.0/8.7 MB | 29 kB | 4.8 kB
Progress (3): 7.0/8.7 MB | 29 kB | 4.8 kB
Progress (3): 7.0/8.7 MB | 29 kB | 4.8 kB
Progress (3): 7.0/8.7 MB | 29 kB | 4.8 kB
Progress (3): 7.0/8.7 MB | 29 kB | 4.8 kB
Progress (3): 7.0/8.7 MB | 29 kB | 4.8 kB
Progress (3): 7.1/8.7 MB | 29 kB | 4.8 kB
Progress (3): 7.1/8.7 MB | 29 kB | 4.8 kB
Progress (3): 7.1/8.7 MB | 29 kB | 4.8 kB
Progress (3): 7.1/8.7 MB | 29 kB | 4.8 kB
Progress (3): 7.1/8.7 MB | 29 kB | 4.8 kB
Progress (3): 7.1/8.7 MB | 29 kB | 4.8 kB
Progress (3): 7.2/8.7 MB | 29 kB | 4.8 kB
Progress (3): 7.2/8.7 MB | 29 kB | 4.8 kB
Progress (3): 7.2/8.7 MB | 29 kB | 4.8 kB
Progress (3): 7.2/8.7 MB | 29 kB | 4.8 kB
Progress (3): 7.2/8.7 MB | 29 kB | 4.8 kB
Progress (3): 7.2/8.7 MB | 29 kB | 4.8 kB
Progress (3): 7.3/8.7 MB | 29 kB | 4.8 kB
Progress (3): 7.3/8.7 MB | 29 kB | 4.8 kB
Progress (3): 7.3/8.7 MB | 29 kB | 4.8 kB
Progress (3): 7.3/8.7 MB | 29 kB | 4.8 kB
Progress (3): 7.3/8.7 MB | 29 kB | 4.8 kB
Progress (3): 7.3/8.7 MB | 29 kB | 4.8 kB
Progress (3): 7.4/8.7 MB | 29 kB | 4.8 kB
Progress (3): 7.4/8.7 MB | 29 kB | 4.8 kB
Progress (3): 7.4/8.7 MB | 29 kB | 4.8 kB
Progress (3): 7.4/8.7 MB | 29 kB | 4.8 kB
Progress (3): 7.4/8.7 MB | 29 kB | 4.8 kB
Progress (3): 7.4/8.7 MB | 29 kB | 4.8 kB
Progress (3): 7.5/8.7 MB | 29 kB | 4.8 kB
Progress (3): 7.5/8.7 MB | 29 kB | 4.8 kB
Progress (3): 7.5/8.7 MB | 29 kB | 4.8 kB
Progress (3): 7.5/8.7 MB | 29 kB | 4.8 kB
Progress (3): 7.5/8.7 MB | 29 kB | 4.8 kB
Progress (3): 7.5/8.7 MB | 29 kB | 4.8 kB
Progress (3): 7.6/8.7 MB | 29 kB | 4.8 kB
Progress (3): 7.6/8.7 MB | 29 kB | 4.8 kB
Progress (3): 7.6/8.7 MB | 29 kB | 4.8 kB
Progress (3): 7.6/8.7 MB | 29 kB | 4.8 kB
Progress (3): 7.6/8.7 MB | 29 kB | 4.8 kB
Progress (3): 7.6/8.7 MB | 29 kB | 4.8 kB
Progress (3): 7.7/8.7 MB | 29 kB | 4.8 kB
Progress (3): 7.7/8.7 MB | 29 kB | 4.8 kB
Progress (3): 7.7/8.7 MB | 29 kB | 4.8 kB
Progress (3): 7.7/8.7 MB | 29 kB | 4.8 kB
Progress (3): 7.7/8.7 MB | 29 kB | 4.8 kB
Progress (3): 7.7/8.7 MB | 29 kB | 4.8 kB
Progress (3): 7.7/8.7 MB | 29 kB | 4.8 kB
Progress (3): 7.8/8.7 MB | 29 kB | 4.8 kB
Progress (3): 7.8/8.7 MB | 29 kB | 4.8 kB
Progress (3): 7.8/8.7 MB | 29 kB | 4.8 kB
Progress (3): 7.8/8.7 MB | 29 kB | 4.8 kB
Progress (3): 7.8/8.7 MB | 29 kB | 4.8 kB
Progress (3): 7.8/8.7 MB | 29 kB | 4.8 kB
Progress (3): 7.9/8.7 MB | 29 kB | 4.8 kB
Progress (3): 7.9/8.7 MB | 29 kB | 4.8 kB
Progress (3): 7.9/8.7 MB | 29 kB | 4.8 kB
Progress (3): 7.9/8.7 MB | 29 kB | 4.8 kB
Progress (3): 7.9/8.7 MB | 29 kB | 4.8 kB
Progress (3): 7.9/8.7 MB | 29 kB | 4.8 kB
Progress (3): 8.0/8.7 MB | 29 kB | 4.8 kB
Progress (3): 8.0/8.7 MB | 29 kB | 4.8 kB
Progress (3): 8.0/8.7 MB | 29 kB | 4.8 kB
Progress (3): 8.0/8.7 MB | 29 kB | 4.8 kB
Progress (3): 8.0/8.7 MB | 29 kB | 4.8 kB
Progress (3): 8.0/8.7 MB | 29 kB | 4.8 kB
Progress (3): 8.1/8.7 MB | 29 kB | 4.8 kB
Progress (3): 8.1/8.7 MB | 29 kB | 4.8 kB
Progress (3): 8.1/8.7 MB | 29 kB | 4.8 kB
Progress (3): 8.1/8.7 MB | 29 kB | 4.8 kB
Progress (3): 8.1/8.7 MB | 29 kB | 4.8 kB
Progress (3): 8.1/8.7 MB | 29 kB | 4.8 kB
Progress (3): 8.2/8.7 MB | 29 kB | 4.8 kB
Progress (3): 8.2/8.7 MB | 29 kB | 4.8 kB
Progress (3): 8.2/8.7 MB | 29 kB | 4.8 kB
Progress (3): 8.2/8.7 MB | 29 kB | 4.8 kB
Progress (3): 8.2/8.7 MB | 29 kB | 4.8 kB
Progress (3): 8.2/8.7 MB | 29 kB | 4.8 kB
Progress (3): 8.3/8.7 MB | 29 kB | 4.8 kB
Progress (3): 8.3/8.7 MB | 29 kB | 4.8 kB
Progress (3): 8.3/8.7 MB | 29 kB | 4.8 kB
Progress (3): 8.3/8.7 MB | 29 kB | 4.8 kB
Progress (3): 8.3/8.7 MB | 29 kB | 4.8 kB
Progress (3): 8.3/8.7 MB | 29 kB | 4.8 kB
Progress (3): 8.4/8.7 MB | 29 kB | 4.8 kB
Progress (3): 8.4/8.7 MB | 29 kB | 4.8 kB
Progress (3): 8.4/8.7 MB | 29 kB | 4.8 kB
Progress (3): 8.4/8.7 MB | 29 kB | 4.8 kB
Progress (3): 8.4/8.7 MB | 29 kB | 4.8 kB
Progress (3): 8.4/8.7 MB | 29 kB | 4.8 kB
Progress (3): 8.5/8.7 MB | 29 kB | 4.8 kB
Progress (3): 8.5/8.7 MB | 29 kB | 4.8 kB
Progress (3): 8.5/8.7 MB | 29 kB | 4.8 kB
Progress (3): 8.5/8.7 MB | 29 kB | 4.8 kB
Progress (3): 8.5/8.7 MB | 29 kB | 4.8 kB
Progress (3): 8.5/8.7 MB | 29 kB | 4.8 kB
Progress (3): 8.6/8.7 MB | 29 kB | 4.8 kB
Progress (3): 8.6/8.7 MB | 29 kB | 4.8 kB
Progress (3): 8.6/8.7 MB | 29 kB | 4.8 kB
Progress (3): 8.6/8.7 MB | 29 kB | 4.8 kB
Progress (3): 8.6/8.7 MB | 29 kB | 4.8 kB
Progress (3): 8.6/8.7 MB | 29 kB | 4.8 kB
Progress (3): 8.7/8.7 MB | 29 kB | 4.8 kB
Progress (3): 8.7/8.7 MB | 29 kB | 4.8 kB
Progress (3): 8.7/8.7 MB | 29 kB | 4.8 kB
Progress (3): 8.7 MB | 29 kB | 4.8 kB    
                                     
Downloaded from aliyunmaven: https://maven.aliyun.com/repository/public/org/springframework/boot/spring-boot-starter-cache/3.5.15/spring-boot-starter-cache-3.5.15.jar (4.8 kB at 9.0 kB/s)
Downloaded from aliyunmaven: https://maven.aliyun.com/repository/public/org/bouncycastle/bcprov-jdk18on/1.80.2/bcprov-jdk18on-1.80.2.jar (8.7 MB at 15 MB/s)
Downloaded from aliyunmaven: https://maven.aliyun.com/repository/public/com/stoyanr/evictor/1.0.0/evictor-1.0.0.jar (29 kB at 48 kB/s)
[INFO] 
[INFO] --- clean:3.2.0:clean (default-clean) @ mall-common-openfeign ---
[INFO] Deleting D:\Desktop\ai-platform\implementation\ai-platform-backend\mall-common\mall-common-openfeign\target
[INFO] 
[INFO] --- enforcer:3.5.0:enforce (enforce-environment) @ mall-common-openfeign ---
[INFO] 
[INFO] --- resources:3.3.1:resources (default-resources) @ mall-common-openfeign ---
[INFO] skip non existing resourceDirectory D:\Desktop\ai-platform\implementation\ai-platform-backend\mall-common\mall-common-openfeign\src\main\resources
[INFO] 
[INFO] --- compiler:3.14.0:compile (default-compile) @ mall-common-openfeign ---
[INFO] Recompiling the module because of changed dependency.
[INFO] Compiling 1 source file with javac [debug release 21] to target\classes
[INFO] 
[INFO] --- resources:3.3.1:testResources (default-testResources) @ mall-common-openfeign ---
[INFO] skip non existing resourceDirectory D:\Desktop\ai-platform\implementation\ai-platform-backend\mall-common\mall-common-openfeign\src\test\resources
[INFO] 
[INFO] --- compiler:3.14.0:testCompile (default-testCompile) @ mall-common-openfeign ---
[INFO] No sources to compile
[INFO] 
[INFO] --- surefire:3.5.2:test (default-test) @ mall-common-openfeign ---
[INFO] Tests are skipped.
[INFO] 
[INFO] --- jar:3.5.0:jar (default-jar) @ mall-common-openfeign ---
[INFO] Building jar: D:\Desktop\ai-platform\implementation\ai-platform-backend\mall-common\mall-common-openfeign\target\mall-common-openfeign-1.0.0-SNAPSHOT.jar
[INFO] 
[INFO] --------------------< com.ai-mall:mall-common-log >---------------------
[INFO] Building mall-common-log 1.0.0-SNAPSHOT                          [10/24]
[INFO]   from mall-common\mall-common-log\pom.xml
[INFO] --------------------------------[ jar ]---------------------------------
[INFO] 
[INFO] --- clean:3.2.0:clean (default-clean) @ mall-common-log ---
[INFO] Deleting D:\Desktop\ai-platform\implementation\ai-platform-backend\mall-common\mall-common-log\target
[INFO] 
[INFO] --- enforcer:3.5.0:enforce (enforce-environment) @ mall-common-log ---
[INFO] 
[INFO] --- resources:3.3.1:resources (default-resources) @ mall-common-log ---
[INFO] Copying 1 resource from src\main\resources to target\classes
[INFO] 
[INFO] --- compiler:3.14.0:compile (default-compile) @ mall-common-log ---
[INFO] Recompiling the module because of changed dependency.
[INFO] Compiling 1 source file with javac [debug release 21] to target\classes
[INFO] 
[INFO] --- resources:3.3.1:testResources (default-testResources) @ mall-common-log ---
[INFO] skip non existing resourceDirectory D:\Desktop\ai-platform\implementation\ai-platform-backend\mall-common\mall-common-log\src\test\resources
[INFO] 
[INFO] --- compiler:3.14.0:testCompile (default-testCompile) @ mall-common-log ---
[INFO] No sources to compile
[INFO] 
[INFO] --- surefire:3.5.2:test (default-test) @ mall-common-log ---
[INFO] Tests are skipped.
[INFO] 
[INFO] --- jar:3.5.0:jar (default-jar) @ mall-common-log ---
[INFO] Building jar: D:\Desktop\ai-platform\implementation\ai-platform-backend\mall-common\mall-common-log\target\mall-common-log-1.0.0-SNAPSHOT.jar
[INFO] 
[INFO] --------------------< com.ai-mall:mall-common-test >--------------------
[INFO] Building mall-common-test 1.0.0-SNAPSHOT                         [11/24]
[INFO]   from mall-common\mall-common-test\pom.xml
[INFO] --------------------------------[ jar ]---------------------------------
Downloading from aliyunmaven: https://maven.aliyun.com/repository/public/com/h2database/h2/2.3.232/h2-2.3.232.jar
Progress (1): 0/2.7 MB
Progress (1): 0/2.7 MB
Progress (1): 0/2.7 MB
Progress (1): 0.1/2.7 MB
Progress (1): 0.1/2.7 MB
Progress (1): 0.1/2.7 MB
Progress (1): 0.1/2.7 MB
Progress (1): 0.1/2.7 MB
Progress (1): 0.1/2.7 MB
Progress (1): 0.1/2.7 MB
Progress (1): 0.1/2.7 MB
Progress (1): 0.1/2.7 MB
Progress (1): 0.1/2.7 MB
Progress (1): 0.1/2.7 MB
Progress (1): 0.1/2.7 MB
Progress (1): 0.1/2.7 MB
Progress (1): 0.1/2.7 MB
Progress (1): 0.1/2.7 MB
Progress (1): 0.2/2.7 MB
Progress (1): 0.2/2.7 MB
Progress (1): 0.2/2.7 MB
Progress (1): 0.2/2.7 MB
Progress (1): 0.2/2.7 MB
Progress (1): 0.2/2.7 MB
Progress (1): 0.2/2.7 MB
Progress (1): 0.2/2.7 MB
Progress (1): 0.2/2.7 MB
Progress (1): 0.2/2.7 MB
Progress (1): 0.2/2.7 MB
Progress (1): 0.2/2.7 MB
Progress (1): 0.2/2.7 MB
Progress (1): 0.2/2.7 MB
Progress (1): 0.2/2.7 MB
Progress (1): 0.2/2.7 MB
Progress (1): 0.2/2.7 MB
Progress (1): 0.2/2.7 MB
Progress (1): 0.3/2.7 MB
Progress (1): 0.3/2.7 MB
Progress (1): 0.3/2.7 MB
Progress (1): 0.3/2.7 MB
Progress (1): 0.3/2.7 MB
Progress (1): 0.3/2.7 MB
Progress (1): 0.4/2.7 MB
Progress (1): 0.4/2.7 MB
Progress (1): 0.4/2.7 MB
Progress (1): 0.4/2.7 MB
Progress (1): 0.4/2.7 MB
Progress (1): 0.4/2.7 MB
Progress (1): 0.5/2.7 MB
Progress (1): 0.5/2.7 MB
Progress (1): 0.5/2.7 MB
Progress (1): 0.5/2.7 MB
Progress (1): 0.5/2.7 MB
Progress (1): 0.5/2.7 MB
Progress (1): 0.5/2.7 MB
Progress (1): 0.6/2.7 MB
Progress (1): 0.6/2.7 MB
Progress (1): 0.6/2.7 MB
Progress (1): 0.6/2.7 MB
Progress (1): 0.6/2.7 MB
Progress (1): 0.6/2.7 MB
Progress (1): 0.7/2.7 MB
Progress (1): 0.7/2.7 MB
Progress (1): 0.7/2.7 MB
Progress (1): 0.7/2.7 MB
Progress (1): 0.7/2.7 MB
Progress (1): 0.7/2.7 MB
Progress (1): 0.7/2.7 MB
Progress (1): 0.8/2.7 MB
Progress (1): 0.8/2.7 MB
Progress (1): 0.8/2.7 MB
Progress (1): 0.8/2.7 MB
Progress (1): 0.8/2.7 MB
Progress (1): 0.8/2.7 MB
Progress (1): 0.8/2.7 MB
Progress (1): 0.8/2.7 MB
Progress (1): 0.8/2.7 MB
Progress (1): 0.9/2.7 MB
Progress (1): 0.9/2.7 MB
Progress (1): 0.9/2.7 MB
Progress (1): 0.9/2.7 MB
Progress (1): 0.9/2.7 MB
Progress (1): 0.9/2.7 MB
Progress (1): 1.0/2.7 MB
Progress (1): 1.0/2.7 MB
Progress (1): 1.0/2.7 MB
Progress (1): 1.0/2.7 MB
Progress (1): 1.0/2.7 MB
Progress (1): 1.0/2.7 MB
Progress (1): 1.1/2.7 MB
Progress (1): 1.1/2.7 MB
Progress (1): 1.1/2.7 MB
Progress (1): 1.1/2.7 MB
Progress (1): 1.1/2.7 MB
Progress (1): 1.1/2.7 MB
Progress (1): 1.2/2.7 MB
Progress (1): 1.2/2.7 MB
Progress (1): 1.2/2.7 MB
Progress (1): 1.2/2.7 MB
Progress (1): 1.2/2.7 MB
Progress (1): 1.2/2.7 MB
Progress (1): 1.3/2.7 MB
Progress (1): 1.3/2.7 MB
Progress (1): 1.3/2.7 MB
Progress (1): 1.3/2.7 MB
Progress (1): 1.3/2.7 MB
Progress (1): 1.3/2.7 MB
Progress (1): 1.3/2.7 MB
Progress (1): 1.4/2.7 MB
Progress (1): 1.4/2.7 MB
Progress (1): 1.4/2.7 MB
Progress (1): 1.4/2.7 MB
Progress (1): 1.4/2.7 MB
Progress (1): 1.4/2.7 MB
Progress (1): 1.5/2.7 MB
Progress (1): 1.5/2.7 MB
Progress (1): 1.5/2.7 MB
Progress (1): 1.5/2.7 MB
Progress (1): 1.5/2.7 MB
Progress (1): 1.5/2.7 MB
Progress (1): 1.5/2.7 MB
Progress (1): 1.6/2.7 MB
Progress (1): 1.6/2.7 MB
Progress (1): 1.6/2.7 MB
Progress (1): 1.6/2.7 MB
Progress (1): 1.6/2.7 MB
Progress (1): 1.6/2.7 MB
Progress (1): 1.7/2.7 MB
Progress (1): 1.7/2.7 MB
Progress (1): 1.7/2.7 MB
Progress (1): 1.7/2.7 MB
Progress (1): 1.7/2.7 MB
Progress (1): 1.7/2.7 MB
Progress (1): 1.8/2.7 MB
Progress (1): 1.8/2.7 MB
Progress (1): 1.8/2.7 MB
Progress (1): 1.8/2.7 MB
Progress (1): 1.8/2.7 MB
Progress (1): 1.8/2.7 MB
Progress (1): 1.9/2.7 MB
Progress (1): 1.9/2.7 MB
Progress (1): 1.9/2.7 MB
Progress (1): 1.9/2.7 MB
Progress (1): 1.9/2.7 MB
Progress (1): 1.9/2.7 MB
Progress (1): 1.9/2.7 MB
Progress (1): 1.9/2.7 MB
Progress (1): 2.0/2.7 MB
Progress (1): 2.0/2.7 MB
Progress (1): 2.0/2.7 MB
Progress (1): 2.0/2.7 MB
Progress (1): 2.0/2.7 MB
Progress (1): 2.0/2.7 MB
Progress (1): 2.0/2.7 MB
Progress (1): 2.0/2.7 MB
Progress (1): 2.1/2.7 MB
Progress (1): 2.1/2.7 MB
Progress (1): 2.1/2.7 MB
Progress (1): 2.1/2.7 MB
Progress (1): 2.1/2.7 MB
Progress (1): 2.1/2.7 MB
Progress (1): 2.1/2.7 MB
Progress (1): 2.2/2.7 MB
Progress (1): 2.2/2.7 MB
Progress (1): 2.2/2.7 MB
Progress (1): 2.2/2.7 MB
Progress (1): 2.2/2.7 MB
Progress (1): 2.2/2.7 MB
Progress (1): 2.3/2.7 MB
Progress (1): 2.3/2.7 MB
Progress (1): 2.3/2.7 MB
Progress (1): 2.3/2.7 MB
Progress (1): 2.3/2.7 MB
Progress (1): 2.3/2.7 MB
Progress (1): 2.3/2.7 MB
Progress (1): 2.4/2.7 MB
Progress (1): 2.4/2.7 MB
Progress (1): 2.4/2.7 MB
Progress (1): 2.4/2.7 MB
Progress (1): 2.4/2.7 MB
Progress (1): 2.4/2.7 MB
Progress (1): 2.4/2.7 MB
Progress (1): 2.4/2.7 MB
Progress (1): 2.5/2.7 MB
Progress (1): 2.5/2.7 MB
Progress (1): 2.5/2.7 MB
Progress (1): 2.5/2.7 MB
Progress (1): 2.5/2.7 MB
Progress (1): 2.5/2.7 MB
Progress (1): 2.6/2.7 MB
Progress (1): 2.6/2.7 MB
Progress (1): 2.6/2.7 MB
Progress (1): 2.6/2.7 MB
Progress (1): 2.6/2.7 MB
Progress (1): 2.6/2.7 MB
Progress (1): 2.7 MB    
                    
Downloaded from aliyunmaven: https://maven.aliyun.com/repository/public/com/h2database/h2/2.3.232/h2-2.3.232.jar (2.7 MB at 6.5 MB/s)
[INFO] 
[INFO] --- clean:3.2.0:clean (default-clean) @ mall-common-test ---
[INFO] Deleting D:\Desktop\ai-platform\implementation\ai-platform-backend\mall-common\mall-common-test\target
[INFO] 
[INFO] --- enforcer:3.5.0:enforce (enforce-environment) @ mall-common-test ---
[INFO] 
[INFO] --- resources:3.3.1:resources (default-resources) @ mall-common-test ---
[INFO] skip non existing resourceDirectory D:\Desktop\ai-platform\implementation\ai-platform-backend\mall-common\mall-common-test\src\main\resources
[INFO] 
[INFO] --- compiler:3.14.0:compile (default-compile) @ mall-common-test ---
[INFO] No sources to compile
[INFO] 
[INFO] --- resources:3.3.1:testResources (default-testResources) @ mall-common-test ---
[INFO] skip non existing resourceDirectory D:\Desktop\ai-platform\implementation\ai-platform-backend\mall-common\mall-common-test\src\test\resources
[INFO] 
[INFO] --- compiler:3.14.0:testCompile (default-testCompile) @ mall-common-test ---
[INFO] Recompiling the module because of changed dependency.
[INFO] Compiling 2 source files with javac [debug release 21] to target\test-classes
[INFO] 
[INFO] --- surefire:3.5.2:test (default-test) @ mall-common-test ---
[INFO] Tests are skipped.
[INFO] 
[INFO] --- jar:3.5.0:jar (default-jar) @ mall-common-test ---
[WARNING] JAR will be empty - no content was marked for inclusion!
[INFO] Building jar: D:\Desktop\ai-platform\implementation\ai-platform-backend\mall-common\mall-common-test\target\mall-common-test-1.0.0-SNAPSHOT.jar
[INFO] 
[INFO] ---------------------< com.ai-mall:mall-contracts >---------------------
[INFO] Building mall-contracts 1.0.0-SNAPSHOT                           [12/24]
[INFO]   from mall-contracts\pom.xml
[INFO] --------------------------------[ pom ]---------------------------------
[INFO] 
[INFO] --- clean:3.2.0:clean (default-clean) @ mall-contracts ---
[INFO] 
[INFO] --- enforcer:3.5.0:enforce (enforce-environment) @ mall-contracts ---
[INFO] 
[INFO] -------------------< com.ai-mall:mall-api-contracts >-------------------
[INFO] Building mall-api-contracts 1.0.0-SNAPSHOT                       [13/24]
[INFO]   from mall-contracts\mall-api-contracts\pom.xml
[INFO] --------------------------------[ jar ]---------------------------------
[INFO] 
[INFO] --- clean:3.2.0:clean (default-clean) @ mall-api-contracts ---
[INFO] Deleting D:\Desktop\ai-platform\implementation\ai-platform-backend\mall-contracts\mall-api-contracts\target
[INFO] 
[INFO] --- enforcer:3.5.0:enforce (enforce-environment) @ mall-api-contracts ---
[INFO] 
[INFO] --- resources:3.3.1:resources (default-resources) @ mall-api-contracts ---
[INFO] skip non existing resourceDirectory D:\Desktop\ai-platform\implementation\ai-platform-backend\mall-contracts\mall-api-contracts\src\main\resources
[INFO] 
[INFO] --- compiler:3.14.0:compile (default-compile) @ mall-api-contracts ---
[INFO] Recompiling the module because of changed source code.
[INFO] Compiling 1 source file with javac [debug release 21] to target\classes
[INFO] 
[INFO] --- resources:3.3.1:testResources (default-testResources) @ mall-api-contracts ---
[INFO] skip non existing resourceDirectory D:\Desktop\ai-platform\implementation\ai-platform-backend\mall-contracts\mall-api-contracts\src\test\resources
[INFO] 
[INFO] --- compiler:3.14.0:testCompile (default-testCompile) @ mall-api-contracts ---
[INFO] No sources to compile
[INFO] 
[INFO] --- surefire:3.5.2:test (default-test) @ mall-api-contracts ---
[INFO] Tests are skipped.
[INFO] 
[INFO] --- jar:3.5.0:jar (default-jar) @ mall-api-contracts ---
[INFO] Building jar: D:\Desktop\ai-platform\implementation\ai-platform-backend\mall-contracts\mall-api-contracts\target\mall-api-contracts-1.0.0-SNAPSHOT.jar
[INFO] 
[INFO] ------------------< com.ai-mall:mall-event-contracts >------------------
[INFO] Building mall-event-contracts 1.0.0-SNAPSHOT                     [14/24]
[INFO]   from mall-contracts\mall-event-contracts\pom.xml
[INFO] --------------------------------[ jar ]---------------------------------
[INFO] 
[INFO] --- clean:3.2.0:clean (default-clean) @ mall-event-contracts ---
[INFO] Deleting D:\Desktop\ai-platform\implementation\ai-platform-backend\mall-contracts\mall-event-contracts\target
[INFO] 
[INFO] --- enforcer:3.5.0:enforce (enforce-environment) @ mall-event-contracts ---
[INFO] 
[INFO] --- resources:3.3.1:resources (default-resources) @ mall-event-contracts ---
[INFO] skip non existing resourceDirectory D:\Desktop\ai-platform\implementation\ai-platform-backend\mall-contracts\mall-event-contracts\src\main\resources
[INFO] 
[INFO] --- compiler:3.14.0:compile (default-compile) @ mall-event-contracts ---
[INFO] Recompiling the module because of changed source code.
[INFO] Compiling 1 source file with javac [debug release 21] to target\classes
[INFO] 
[INFO] --- resources:3.3.1:testResources (default-testResources) @ mall-event-contracts ---
[INFO] skip non existing resourceDirectory D:\Desktop\ai-platform\implementation\ai-platform-backend\mall-contracts\mall-event-contracts\src\test\resources
[INFO] 
[INFO] --- compiler:3.14.0:testCompile (default-testCompile) @ mall-event-contracts ---
[INFO] No sources to compile
[INFO] 
[INFO] --- surefire:3.5.2:test (default-test) @ mall-event-contracts ---
[INFO] Tests are skipped.
[INFO] 
[INFO] --- jar:3.5.0:jar (default-jar) @ mall-event-contracts ---
[INFO] Building jar: D:\Desktop\ai-platform\implementation\ai-platform-backend\mall-contracts\mall-event-contracts\target\mall-event-contracts-1.0.0-SNAPSHOT.jar
[INFO] 
[INFO] ----------------------< com.ai-mall:mall-gateway >----------------------
[INFO] Building mall-gateway 1.0.0-SNAPSHOT                             [15/24]
[INFO]   from mall-gateway\pom.xml
[INFO] --------------------------------[ jar ]---------------------------------
Downloading from aliyunmaven: https://maven.aliyun.com/repository/public/org/springframework/cloud/spring-cloud-starter-gateway/4.3.5/spring-cloud-starter-gateway-4.3.5.jar
Progress (1): 4.5 kB
                    
Downloaded from aliyunmaven: https://maven.aliyun.com/repository/public/org/springframework/cloud/spring-cloud-starter-gateway/4.3.5/spring-cloud-starter-gateway-4.3.5.jar (4.5 kB at 65 kB/s)
Downloading from aliyunmaven: https://maven.aliyun.com/repository/public/org/springframework/cloud/spring-cloud-gateway-server/4.3.5/spring-cloud-gateway-server-4.3.5.jar
Downloading from aliyunmaven: https://maven.aliyun.com/repository/public/org/springframework/boot/spring-boot-starter-webflux/3.5.15/spring-boot-starter-webflux-3.5.15.jar
Downloading from aliyunmaven: https://maven.aliyun.com/repository/public/org/springframework/boot/spring-boot-starter-reactor-netty/3.5.15/spring-boot-starter-reactor-netty-3.5.15.jar
Downloading from aliyunmaven: https://maven.aliyun.com/repository/public/io/projectreactor/netty/reactor-netty-http/1.2.18/reactor-netty-http-1.2.18.jar
Downloading from aliyunmaven: https://maven.aliyun.com/repository/public/io/projectreactor/netty/reactor-netty-core/1.2.18/reactor-netty-core-1.2.18.jar
Progress (1): 7.3/538 kB
Progress (1): 15/538 kB 
Progress (1): 32/538 kB
Progress (1): 48/538 kB
Progress (1): 64/538 kB
Progress (1): 81/538 kB
Progress (1): 97/538 kB
Progress (1): 114/538 kB
Progress (1): 130/538 kB
Progress (1): 146/538 kB
Progress (1): 163/538 kB
Progress (1): 179/538 kB
Progress (1): 196/538 kB
Progress (1): 212/538 kB
Progress (1): 228/538 kB
Progress (1): 245/538 kB
Progress (1): 261/538 kB
Progress (1): 277/538 kB
Progress (1): 294/538 kB
Progress (1): 310/538 kB
Progress (1): 327/538 kB
Progress (1): 343/538 kB
Progress (1): 359/538 kB
Progress (1): 376/538 kB
Progress (1): 391/538 kB
Progress (1): 407/538 kB
Progress (1): 423/538 kB
Progress (1): 440/538 kB
Progress (1): 456/538 kB
Progress (1): 473/538 kB
Progress (1): 489/538 kB
Progress (1): 505/538 kB
Progress (2): 505/538 kB | 7.2/624 kB
Progress (2): 505/538 kB | 12/624 kB 
Progress (2): 505/538 kB | 28/624 kB
Progress (2): 505/538 kB | 45/624 kB
Progress (2): 505/538 kB | 61/624 kB
Progress (2): 505/538 kB | 78/624 kB
Progress (2): 505/538 kB | 94/624 kB
Progress (2): 505/538 kB | 110/624 kB
Progress (2): 505/538 kB | 127/624 kB
Progress (2): 505/538 kB | 143/624 kB
Progress (2): 505/538 kB | 160/624 kB
Progress (2): 519/538 kB | 160/624 kB
Progress (2): 522/538 kB | 160/624 kB
Progress (2): 538 kB | 160/624 kB    
Progress (2): 538 kB | 176/624 kB
Progress (2): 538 kB | 192/624 kB
Progress (2): 538 kB | 209/624 kB
Progress (2): 538 kB | 221/624 kB
Progress (2): 538 kB | 228/624 kB
Progress (2): 538 kB | 233/624 kB
Progress (2): 538 kB | 244/624 kB
Progress (2): 538 kB | 253/624 kB
Progress (2): 538 kB | 256/624 kB
Progress (2): 538 kB | 259/624 kB
Progress (2): 538 kB | 269/624 kB
Progress (2): 538 kB | 279/624 kB
Progress (2): 538 kB | 281/624 kB
Progress (2): 538 kB | 291/624 kB
Progress (2): 538 kB | 292/624 kB
Progress (2): 538 kB | 306/624 kB
Progress (2): 538 kB | 322/624 kB
Progress (2): 538 kB | 338/624 kB
Progress (2): 538 kB | 349/624 kB
Progress (2): 538 kB | 351/624 kB
Progress (3): 538 kB | 351/624 kB | 1.9/4.8 kB
Progress (3): 538 kB | 351/624 kB | 4.8 kB    
Progress (3): 538 kB | 367/624 kB | 4.8 kB
Progress (3): 538 kB | 368/624 kB | 4.8 kB
Progress (3): 538 kB | 370/624 kB | 4.8 kB
Progress (3): 538 kB | 384/624 kB | 4.8 kB
Progress (3): 538 kB | 386/624 kB | 4.8 kB
Progress (3): 538 kB | 389/624 kB | 4.8 kB
Progress (3): 538 kB | 392/624 kB | 4.8 kB
Progress (3): 538 kB | 396/624 kB | 4.8 kB
Progress (4): 538 kB | 396/624 kB | 4.8 kB | 4.8 kB
Progress (4): 538 kB | 400/624 kB | 4.8 kB | 4.8 kB
Progress (4): 538 kB | 406/624 kB | 4.8 kB | 4.8 kB
Progress (4): 538 kB | 408/624 kB | 4.8 kB | 4.8 kB
Progress (4): 538 kB | 412/624 kB | 4.8 kB | 4.8 kB
Progress (4): 538 kB | 418/624 kB | 4.8 kB | 4.8 kB
Progress (4): 538 kB | 434/624 kB | 4.8 kB | 4.8 kB
Progress (4): 538 kB | 451/624 kB | 4.8 kB | 4.8 kB
Progress (4): 538 kB | 467/624 kB | 4.8 kB | 4.8 kB
Progress (4): 538 kB | 483/624 kB | 4.8 kB | 4.8 kB
Progress (4): 538 kB | 500/624 kB | 4.8 kB | 4.8 kB
Progress (4): 538 kB | 507/624 kB | 4.8 kB | 4.8 kB
Progress (4): 538 kB | 511/624 kB | 4.8 kB | 4.8 kB
Progress (4): 538 kB | 513/624 kB | 4.8 kB | 4.8 kB
Progress (4): 538 kB | 514/624 kB | 4.8 kB | 4.8 kB
Progress (4): 538 kB | 517/624 kB | 4.8 kB | 4.8 kB
Progress (4): 538 kB | 525/624 kB | 4.8 kB | 4.8 kB
Progress (4): 538 kB | 536/624 kB | 4.8 kB | 4.8 kB
Progress (4): 538 kB | 539/624 kB | 4.8 kB | 4.8 kB
Progress (4): 538 kB | 549/624 kB | 4.8 kB | 4.8 kB
Progress (4): 538 kB | 561/624 kB | 4.8 kB | 4.8 kB
Progress (4): 538 kB | 566/624 kB | 4.8 kB | 4.8 kB
Progress (4): 538 kB | 582/624 kB | 4.8 kB | 4.8 kB
Progress (4): 538 kB | 594/624 kB | 4.8 kB | 4.8 kB
Progress (4): 538 kB | 610/624 kB | 4.8 kB | 4.8 kB
Progress (4): 538 kB | 624 kB | 4.8 kB | 4.8 kB    
                                               
Downloaded from aliyunmaven: https://maven.aliyun.com/repository/public/org/springframework/boot/spring-boot-starter-reactor-netty/3.5.15/spring-boot-starter-reactor-netty-3.5.15.jar (4.8 kB at 78 kB/s)
Downloading from aliyunmaven: https://maven.aliyun.com/repository/public/org/springframework/spring-webflux/6.2.19/spring-webflux-6.2.19.jar
Downloaded from aliyunmaven: https://maven.aliyun.com/repository/public/org/springframework/boot/spring-boot-starter-webflux/3.5.15/spring-boot-starter-webflux-3.5.15.jar (4.8 kB at 68 kB/s)
Downloading from aliyunmaven: https://maven.aliyun.com/repository/public/org/springframework/boot/spring-boot-properties-migrator/3.5.15/spring-boot-properties-migrator-3.5.15.jar
Progress (3): 538 kB | 624 kB | 0/1.0 MB
Progress (3): 538 kB | 624 kB | 0/1.0 MB
Progress (3): 538 kB | 624 kB | 0/1.0 MB
Progress (3): 538 kB | 624 kB | 0/1.0 MB
Progress (3): 538 kB | 624 kB | 0.1/1.0 MB
Progress (3): 538 kB | 624 kB | 0.1/1.0 MB
Progress (3): 538 kB | 624 kB | 0.1/1.0 MB
Progress (3): 538 kB | 624 kB | 0.1/1.0 MB
Progress (3): 538 kB | 624 kB | 0.1/1.0 MB
Progress (3): 538 kB | 624 kB | 0.1/1.0 MB
Progress (3): 538 kB | 624 kB | 0.1/1.0 MB
Progress (3): 538 kB | 624 kB | 0.1/1.0 MB
Progress (3): 538 kB | 624 kB | 0.1/1.0 MB
Progress (3): 538 kB | 624 kB | 0.1/1.0 MB
                                          
Downloaded from aliyunmaven: https://maven.aliyun.com/repository/public/io/projectreactor/netty/reactor-netty-core/1.2.18/reactor-netty-core-1.2.18.jar (538 kB at 7.1 MB/s)
Downloading from aliyunmaven: https://maven.aliyun.com/repository/public/org/springframework/boot/spring-boot-configuration-metadata/3.5.15/spring-boot-configuration-metadata-3.5.15.jar
Progress (2): 624 kB | 0.1/1.0 MB
Progress (2): 624 kB | 0.1/1.0 MB
Progress (2): 624 kB | 0.1/1.0 MB
Progress (2): 624 kB | 0.1/1.0 MB
Progress (2): 624 kB | 0.1/1.0 MB
Progress (2): 624 kB | 0.1/1.0 MB
Progress (2): 624 kB | 0.1/1.0 MB
Progress (2): 624 kB | 0.1/1.0 MB
Progress (2): 624 kB | 0.2/1.0 MB
Progress (2): 624 kB | 0.2/1.0 MB
Progress (2): 624 kB | 0.2/1.0 MB
Progress (2): 624 kB | 0.2/1.0 MB
Progress (2): 624 kB | 0.2/1.0 MB
Progress (2): 624 kB | 0.2/1.0 MB
Progress (2): 624 kB | 0.2/1.0 MB
Progress (2): 624 kB | 0.2/1.0 MB
Progress (2): 624 kB | 0.2/1.0 MB
Progress (2): 624 kB | 0.2/1.0 MB
Progress (2): 624 kB | 0.2/1.0 MB
Progress (2): 624 kB | 0.2/1.0 MB
Progress (2): 624 kB | 0.2/1.0 MB
Progress (2): 624 kB | 0.3/1.0 MB
Progress (2): 624 kB | 0.3/1.0 MB
Progress (2): 624 kB | 0.3/1.0 MB
Progress (2): 624 kB | 0.3/1.0 MB
Progress (2): 624 kB | 0.3/1.0 MB
Progress (2): 624 kB | 0.3/1.0 MB
Progress (2): 624 kB | 0.3/1.0 MB
Progress (2): 624 kB | 0.3/1.0 MB
Progress (2): 624 kB | 0.3/1.0 MB
Progress (2): 624 kB | 0.3/1.0 MB
Progress (2): 624 kB | 0.3/1.0 MB
Progress (2): 624 kB | 0.3/1.0 MB
Progress (2): 624 kB | 0.3/1.0 MB
Progress (2): 624 kB | 0.3/1.0 MB
Progress (2): 624 kB | 0.3/1.0 MB
Progress (2): 624 kB | 0.3/1.0 MB
Progress (2): 624 kB | 0.3/1.0 MB
Progress (2): 624 kB | 0.3/1.0 MB
Progress (2): 624 kB | 0.3/1.0 MB
Progress (2): 624 kB | 0.3/1.0 MB
Progress (2): 624 kB | 0.3/1.0 MB
Progress (2): 624 kB | 0.3/1.0 MB
Progress (2): 624 kB | 0.3/1.0 MB
Progress (2): 624 kB | 0.3/1.0 MB
Progress (2): 624 kB | 0.3/1.0 MB
Progress (2): 624 kB | 0.3/1.0 MB
Progress (2): 624 kB | 0.3/1.0 MB
Progress (2): 624 kB | 0.3/1.0 MB
Progress (2): 624 kB | 0.3/1.0 MB
Progress (2): 624 kB | 0.3/1.0 MB
Progress (2): 624 kB | 0.4/1.0 MB
Progress (2): 624 kB | 0.4/1.0 MB
Progress (2): 624 kB | 0.4/1.0 MB
Progress (2): 624 kB | 0.4/1.0 MB
Progress (2): 624 kB | 0.4/1.0 MB
Progress (2): 624 kB | 0.4/1.0 MB
Progress (2): 624 kB | 0.5/1.0 MB
Progress (2): 624 kB | 0.5/1.0 MB
Progress (2): 624 kB | 0.5/1.0 MB
Progress (2): 624 kB | 0.5/1.0 MB
Progress (2): 624 kB | 0.5/1.0 MB
Progress (2): 624 kB | 0.5/1.0 MB
Progress (2): 624 kB | 0.5/1.0 MB
Progress (2): 624 kB | 0.6/1.0 MB
Progress (3): 624 kB | 0.6/1.0 MB | 7.2/22 kB
Progress (3): 624 kB | 0.6/1.0 MB | 15/22 kB 
Progress (3): 624 kB | 0.6/1.0 MB | 22 kB   
Progress (4): 624 kB | 0.6/1.0 MB | 22 kB | 1.9/28 kB
Progress (4): 624 kB | 0.6/1.0 MB | 22 kB | 18/28 kB 
Progress (4): 624 kB | 0.6/1.0 MB | 22 kB | 28 kB   
Progress (4): 624 kB | 0.6/1.0 MB | 22 kB | 28 kB
Progress (4): 624 kB | 0.6/1.0 MB | 22 kB | 28 kB
Progress (4): 624 kB | 0.6/1.0 MB | 22 kB | 28 kB
Progress (4): 624 kB | 0.6/1.0 MB | 22 kB | 28 kB
Progress (4): 624 kB | 0.6/1.0 MB | 22 kB | 28 kB
Progress (4): 624 kB | 0.7/1.0 MB | 22 kB | 28 kB
Progress (4): 624 kB | 0.7/1.0 MB | 22 kB | 28 kB
Progress (4): 624 kB | 0.7/1.0 MB | 22 kB | 28 kB
Progress (4): 624 kB | 0.7/1.0 MB | 22 kB | 28 kB
Progress (4): 624 kB | 0.7/1.0 MB | 22 kB | 28 kB
Progress (4): 624 kB | 0.7/1.0 MB | 22 kB | 28 kB
Progress (4): 624 kB | 0.8/1.0 MB | 22 kB | 28 kB
Progress (4): 624 kB | 0.8/1.0 MB | 22 kB | 28 kB
Progress (4): 624 kB | 0.8/1.0 MB | 22 kB | 28 kB
Progress (4): 624 kB | 0.8/1.0 MB | 22 kB | 28 kB
Progress (4): 624 kB | 0.8/1.0 MB | 22 kB | 28 kB
Progress (4): 624 kB | 0.8/1.0 MB | 22 kB | 28 kB
Progress (4): 624 kB | 0.8/1.0 MB | 22 kB | 28 kB
Progress (4): 624 kB | 0.8/1.0 MB | 22 kB | 28 kB
Progress (4): 624 kB | 0.9/1.0 MB | 22 kB | 28 kB
Progress (4): 624 kB | 0.9/1.0 MB | 22 kB | 28 kB
Progress (4): 624 kB | 0.9/1.0 MB | 22 kB | 28 kB
Progress (4): 624 kB | 0.9/1.0 MB | 22 kB | 28 kB
Progress (4): 624 kB | 0.9/1.0 MB | 22 kB | 28 kB
Progress (4): 624 kB | 0.9/1.0 MB | 22 kB | 28 kB
Progress (4): 624 kB | 0.9/1.0 MB | 22 kB | 28 kB
Progress (4): 624 kB | 0.9/1.0 MB | 22 kB | 28 kB
Progress (4): 624 kB | 0.9/1.0 MB | 22 kB | 28 kB
Progress (4): 624 kB | 1.0/1.0 MB | 22 kB | 28 kB
Progress (4): 624 kB | 1.0/1.0 MB | 22 kB | 28 kB
Progress (4): 624 kB | 1.0/1.0 MB | 22 kB | 28 kB
Progress (4): 624 kB | 1.0/1.0 MB | 22 kB | 28 kB
Progress (4): 624 kB | 1.0/1.0 MB | 22 kB | 28 kB
Progress (4): 624 kB | 1.0 MB | 22 kB | 28 kB    
Progress (5): 624 kB | 1.0 MB | 22 kB | 28 kB | 7.3/755 kB
Progress (5): 624 kB | 1.0 MB | 22 kB | 28 kB | 15/755 kB 
Progress (5): 624 kB | 1.0 MB | 22 kB | 28 kB | 28/755 kB
Progress (5): 624 kB | 1.0 MB | 22 kB | 28 kB | 45/755 kB
Progress (5): 624 kB | 1.0 MB | 22 kB | 28 kB | 61/755 kB
Progress (5): 624 kB | 1.0 MB | 22 kB | 28 kB | 77/755 kB
Progress (5): 624 kB | 1.0 MB | 22 kB | 28 kB | 85/755 kB
Progress (5): 624 kB | 1.0 MB | 22 kB | 28 kB | 87/755 kB
Progress (5): 624 kB | 1.0 MB | 22 kB | 28 kB | 89/755 kB
Progress (5): 624 kB | 1.0 MB | 22 kB | 28 kB | 91/755 kB
Progress (5): 624 kB | 1.0 MB | 22 kB | 28 kB | 106/755 kB
Progress (5): 624 kB | 1.0 MB | 22 kB | 28 kB | 110/755 kB
Progress (5): 624 kB | 1.0 MB | 22 kB | 28 kB | 113/755 kB
Progress (5): 624 kB | 1.0 MB | 22 kB | 28 kB | 116/755 kB
Progress (5): 624 kB | 1.0 MB | 22 kB | 28 kB | 132/755 kB
Progress (5): 624 kB | 1.0 MB | 22 kB | 28 kB | 136/755 kB
Progress (5): 624 kB | 1.0 MB | 22 kB | 28 kB | 141/755 kB
Progress (5): 624 kB | 1.0 MB | 22 kB | 28 kB | 152/755 kB
Progress (5): 624 kB | 1.0 MB | 22 kB | 28 kB | 162/755 kB
Progress (5): 624 kB | 1.0 MB | 22 kB | 28 kB | 167/755 kB
Progress (5): 624 kB | 1.0 MB | 22 kB | 28 kB | 174/755 kB
Progress (5): 624 kB | 1.0 MB | 22 kB | 28 kB | 177/755 kB
Progress (5): 624 kB | 1.0 MB | 22 kB | 28 kB | 189/755 kB
Progress (5): 624 kB | 1.0 MB | 22 kB | 28 kB | 200/755 kB
Progress (5): 624 kB | 1.0 MB | 22 kB | 28 kB | 203/755 kB
Progress (5): 624 kB | 1.0 MB | 22 kB | 28 kB | 215/755 kB
Progress (5): 624 kB | 1.0 MB | 22 kB | 28 kB | 227/755 kB
Progress (5): 624 kB | 1.0 MB | 22 kB | 28 kB | 238/755 kB
Progress (5): 624 kB | 1.0 MB | 22 kB | 28 kB | 250/755 kB
Progress (5): 624 kB | 1.0 MB | 22 kB | 28 kB | 256/755 kB
Progress (5): 624 kB | 1.0 MB | 22 kB | 28 kB | 272/755 kB
Progress (5): 624 kB | 1.0 MB | 22 kB | 28 kB | 281/755 kB
Progress (5): 624 kB | 1.0 MB | 22 kB | 28 kB | 284/755 kB
Progress (5): 624 kB | 1.0 MB | 22 kB | 28 kB | 292/755 kB
Progress (5): 624 kB | 1.0 MB | 22 kB | 28 kB | 309/755 kB
Progress (5): 624 kB | 1.0 MB | 22 kB | 28 kB | 316/755 kB
Progress (5): 624 kB | 1.0 MB | 22 kB | 28 kB | 332/755 kB
Progress (5): 624 kB | 1.0 MB | 22 kB | 28 kB | 335/755 kB
Progress (5): 624 kB | 1.0 MB | 22 kB | 28 kB | 344/755 kB
Progress (5): 624 kB | 1.0 MB | 22 kB | 28 kB | 360/755 kB
Progress (5): 624 kB | 1.0 MB | 22 kB | 28 kB | 367/755 kB
Progress (5): 624 kB | 1.0 MB | 22 kB | 28 kB | 383/755 kB
Progress (5): 624 kB | 1.0 MB | 22 kB | 28 kB | 392/755 kB
Progress (5): 624 kB | 1.0 MB | 22 kB | 28 kB | 400/755 kB
Progress (5): 624 kB | 1.0 MB | 22 kB | 28 kB | 403/755 kB
Progress (5): 624 kB | 1.0 MB | 22 kB | 28 kB | 415/755 kB
Progress (5): 624 kB | 1.0 MB | 22 kB | 28 kB | 427/755 kB
Progress (5): 624 kB | 1.0 MB | 22 kB | 28 kB | 433/755 kB
Progress (5): 624 kB | 1.0 MB | 22 kB | 28 kB | 438/755 kB
Progress (5): 624 kB | 1.0 MB | 22 kB | 28 kB | 450/755 kB
Progress (5): 624 kB | 1.0 MB | 22 kB | 28 kB | 463/755 kB
Progress (5): 624 kB | 1.0 MB | 22 kB | 28 kB | 480/755 kB
Progress (5): 624 kB | 1.0 MB | 22 kB | 28 kB | 485/755 kB
Progress (5): 624 kB | 1.0 MB | 22 kB | 28 kB | 494/755 kB
Progress (5): 624 kB | 1.0 MB | 22 kB | 28 kB | 495/755 kB
Progress (5): 624 kB | 1.0 MB | 22 kB | 28 kB | 500/755 kB
Progress (5): 624 kB | 1.0 MB | 22 kB | 28 kB | 511/755 kB
Progress (5): 624 kB | 1.0 MB | 22 kB | 28 kB | 524/755 kB
                                                          
Downloaded from aliyunmaven: https://maven.aliyun.com/repository/public/org/springframework/spring-webflux/6.2.19/spring-webflux-6.2.19.jar (1.0 MB at 7.9 MB/s)
Downloading from aliyunmaven: https://maven.aliyun.com/repository/public/com/alibaba/cloud/spring-cloud-starter-alibaba-nacos-discovery/2025.0.0.0/spring-cloud-starter-alibaba-nacos-discovery-2025.0.0.0.jar
Progress (4): 624 kB | 22 kB | 28 kB | 535/755 kB
Progress (4): 624 kB | 22 kB | 28 kB | 551/755 kB
Progress (4): 624 kB | 22 kB | 28 kB | 567/755 kB
Progress (4): 624 kB | 22 kB | 28 kB | 584/755 kB
Progress (4): 624 kB | 22 kB | 28 kB | 594/755 kB
Progress (4): 624 kB | 22 kB | 28 kB | 596/755 kB
Progress (4): 624 kB | 22 kB | 28 kB | 608/755 kB
Progress (4): 624 kB | 22 kB | 28 kB | 624/755 kB
Progress (4): 624 kB | 22 kB | 28 kB | 640/755 kB
Progress (4): 624 kB | 22 kB | 28 kB | 647/755 kB
Progress (4): 624 kB | 22 kB | 28 kB | 662/755 kB
Progress (4): 624 kB | 22 kB | 28 kB | 664/755 kB
Progress (4): 624 kB | 22 kB | 28 kB | 673/755 kB
Progress (4): 624 kB | 22 kB | 28 kB | 685/755 kB
Progress (4): 624 kB | 22 kB | 28 kB | 701/755 kB
Progress (4): 624 kB | 22 kB | 28 kB | 717/755 kB
Progress (4): 624 kB | 22 kB | 28 kB | 720/755 kB
Progress (4): 624 kB | 22 kB | 28 kB | 727/755 kB
Progress (4): 624 kB | 22 kB | 28 kB | 739/755 kB
Progress (4): 624 kB | 22 kB | 28 kB | 755 kB    
Progress (5): 624 kB | 22 kB | 28 kB | 755 kB | 7.3/80 kB
Progress (5): 624 kB | 22 kB | 28 kB | 755 kB | 15/80 kB 
Progress (5): 624 kB | 22 kB | 28 kB | 755 kB | 32/80 kB
Progress (5): 624 kB | 22 kB | 28 kB | 755 kB | 48/80 kB
Progress (5): 624 kB | 22 kB | 28 kB | 755 kB | 64/80 kB
Progress (5): 624 kB | 22 kB | 28 kB | 755 kB | 80 kB   
                                                     
Downloaded from aliyunmaven: https://maven.aliyun.com/repository/public/com/alibaba/cloud/spring-cloud-starter-alibaba-nacos-discovery/2025.0.0.0/spring-cloud-starter-alibaba-nacos-discovery-2025.0.0.0.jar (80 kB at 447 kB/s)
Downloading from aliyunmaven: https://maven.aliyun.com/repository/public/com/alibaba/cloud/spring-cloud-alibaba-commons/2025.0.0.0/spring-cloud-alibaba-commons-2025.0.0.0.jar
Downloaded from aliyunmaven: https://maven.aliyun.com/repository/public/org/springframework/cloud/spring-cloud-gateway-server/4.3.5/spring-cloud-gateway-server-4.3.5.jar (755 kB at 4.0 MB/s)
Downloading from aliyunmaven: https://maven.aliyun.com/repository/public/com/alibaba/nacos/nacos-client/3.0.3/nacos-client-3.0.3.jar
Progress (4): 624 kB | 22 kB | 28 kB | 7.3/13 kB
Progress (4): 624 kB | 22 kB | 28 kB | 13 kB    
Progress (5): 624 kB | 22 kB | 28 kB | 13 kB | 0/14 MB
Progress (5): 624 kB | 22 kB | 28 kB | 13 kB | 0/14 MB
Progress (5): 624 kB | 22 kB | 28 kB | 13 kB | 0/14 MB
Progress (5): 624 kB | 22 kB | 28 kB | 13 kB | 0/14 MB
Progress (5): 624 kB | 22 kB | 28 kB | 13 kB | 0.1/14 MB
Progress (5): 624 kB | 22 kB | 28 kB | 13 kB | 0.1/14 MB
Progress (5): 624 kB | 22 kB | 28 kB | 13 kB | 0.1/14 MB
Progress (5): 624 kB | 22 kB | 28 kB | 13 kB | 0.1/14 MB
Progress (5): 624 kB | 22 kB | 28 kB | 13 kB | 0.1/14 MB
Progress (5): 624 kB | 22 kB | 28 kB | 13 kB | 0.1/14 MB
Progress (5): 624 kB | 22 kB | 28 kB | 13 kB | 0.2/14 MB
Progress (5): 624 kB | 22 kB | 28 kB | 13 kB | 0.2/14 MB
Progress (5): 624 kB | 22 kB | 28 kB | 13 kB | 0.2/14 MB
Progress (5): 624 kB | 22 kB | 28 kB | 13 kB | 0.2/14 MB
Progress (5): 624 kB | 22 kB | 28 kB | 13 kB | 0.2/14 MB
Progress (5): 624 kB | 22 kB | 28 kB | 13 kB | 0.2/14 MB
Progress (5): 624 kB | 22 kB | 28 kB | 13 kB | 0.3/14 MB
Progress (5): 624 kB | 22 kB | 28 kB | 13 kB | 0.3/14 MB
Progress (5): 624 kB | 22 kB | 28 kB | 13 kB | 0.3/14 MB
Progress (5): 624 kB | 22 kB | 28 kB | 13 kB | 0.3/14 MB
Progress (5): 624 kB | 22 kB | 28 kB | 13 kB | 0.3/14 MB
Progress (5): 624 kB | 22 kB | 28 kB | 13 kB | 0.3/14 MB
Progress (5): 624 kB | 22 kB | 28 kB | 13 kB | 0.3/14 MB
Progress (5): 624 kB | 22 kB | 28 kB | 13 kB | 0.3/14 MB
Progress (5): 624 kB | 22 kB | 28 kB | 13 kB | 0.3/14 MB
Progress (5): 624 kB | 22 kB | 28 kB | 13 kB | 0.3/14 MB
Progress (5): 624 kB | 22 kB | 28 kB | 13 kB | 0.4/14 MB
Progress (5): 624 kB | 22 kB | 28 kB | 13 kB | 0.4/14 MB
Progress (5): 624 kB | 22 kB | 28 kB | 13 kB | 0.4/14 MB
Progress (5): 624 kB | 22 kB | 28 kB | 13 kB | 0.4/14 MB
Progress (5): 624 kB | 22 kB | 28 kB | 13 kB | 0.4/14 MB
Progress (5): 624 kB | 22 kB | 28 kB | 13 kB | 0.4/14 MB
Progress (5): 624 kB | 22 kB | 28 kB | 13 kB | 0.5/14 MB
Progress (5): 624 kB | 22 kB | 28 kB | 13 kB | 0.5/14 MB
Progress (5): 624 kB | 22 kB | 28 kB | 13 kB | 0.5/14 MB
Progress (5): 624 kB | 22 kB | 28 kB | 13 kB | 0.5/14 MB
Progress (5): 624 kB | 22 kB | 28 kB | 13 kB | 0.5/14 MB
Progress (5): 624 kB | 22 kB | 28 kB | 13 kB | 0.5/14 MB
Progress (5): 624 kB | 22 kB | 28 kB | 13 kB | 0.5/14 MB
Progress (5): 624 kB | 22 kB | 28 kB | 13 kB | 0.6/14 MB
Progress (5): 624 kB | 22 kB | 28 kB | 13 kB | 0.6/14 MB
Progress (5): 624 kB | 22 kB | 28 kB | 13 kB | 0.6/14 MB
Progress (5): 624 kB | 22 kB | 28 kB | 13 kB | 0.6/14 MB
Progress (5): 624 kB | 22 kB | 28 kB | 13 kB | 0.6/14 MB
Progress (5): 624 kB | 22 kB | 28 kB | 13 kB | 0.6/14 MB
Progress (5): 624 kB | 22 kB | 28 kB | 13 kB | 0.7/14 MB
Progress (5): 624 kB | 22 kB | 28 kB | 13 kB | 0.7/14 MB
Progress (5): 624 kB | 22 kB | 28 kB | 13 kB | 0.7/14 MB
Progress (5): 624 kB | 22 kB | 28 kB | 13 kB | 0.7/14 MB
Progress (5): 624 kB | 22 kB | 28 kB | 13 kB | 0.7/14 MB
Progress (5): 624 kB | 22 kB | 28 kB | 13 kB | 0.7/14 MB
Progress (5): 624 kB | 22 kB | 28 kB | 13 kB | 0.8/14 MB
Progress (5): 624 kB | 22 kB | 28 kB | 13 kB | 0.8/14 MB
Progress (5): 624 kB | 22 kB | 28 kB | 13 kB | 0.8/14 MB
Progress (5): 624 kB | 22 kB | 28 kB | 13 kB | 0.8/14 MB
Progress (5): 624 kB | 22 kB | 28 kB | 13 kB | 0.8/14 MB
Progress (5): 624 kB | 22 kB | 28 kB | 13 kB | 0.8/14 MB
Progress (5): 624 kB | 22 kB | 28 kB | 13 kB | 0.9/14 MB
Progress (5): 624 kB | 22 kB | 28 kB | 13 kB | 0.9/14 MB
Progress (5): 624 kB | 22 kB | 28 kB | 13 kB | 0.9/14 MB
Progress (5): 624 kB | 22 kB | 28 kB | 13 kB | 0.9/14 MB
Progress (5): 624 kB | 22 kB | 28 kB | 13 kB | 0.9/14 MB
Progress (5): 624 kB | 22 kB | 28 kB | 13 kB | 0.9/14 MB
Progress (5): 624 kB | 22 kB | 28 kB | 13 kB | 1.0/14 MB
Progress (5): 624 kB | 22 kB | 28 kB | 13 kB | 1.0/14 MB
Progress (5): 624 kB | 22 kB | 28 kB | 13 kB | 1.0/14 MB
Progress (5): 624 kB | 22 kB | 28 kB | 13 kB | 1.0/14 MB
Progress (5): 624 kB | 22 kB | 28 kB | 13 kB | 1.0/14 MB
Progress (5): 624 kB | 22 kB | 28 kB | 13 kB | 1.0/14 MB
Progress (5): 624 kB | 22 kB | 28 kB | 13 kB | 1.0/14 MB
Progress (5): 624 kB | 22 kB | 28 kB | 13 kB | 1.1/14 MB
Progress (5): 624 kB | 22 kB | 28 kB | 13 kB | 1.1/14 MB
Progress (5): 624 kB | 22 kB | 28 kB | 13 kB | 1.1/14 MB
Progress (5): 624 kB | 22 kB | 28 kB | 13 kB | 1.1/14 MB
Progress (5): 624 kB | 22 kB | 28 kB | 13 kB | 1.1/14 MB
Progress (5): 624 kB | 22 kB | 28 kB | 13 kB | 1.1/14 MB
Progress (5): 624 kB | 22 kB | 28 kB | 13 kB | 1.2/14 MB
Progress (5): 624 kB | 22 kB | 28 kB | 13 kB | 1.2/14 MB
Progress (5): 624 kB | 22 kB | 28 kB | 13 kB | 1.2/14 MB
Progress (5): 624 kB | 22 kB | 28 kB | 13 kB | 1.2/14 MB
Progress (5): 624 kB | 22 kB | 28 kB | 13 kB | 1.2/14 MB
Progress (5): 624 kB | 22 kB | 28 kB | 13 kB | 1.2/14 MB
Progress (5): 624 kB | 22 kB | 28 kB | 13 kB | 1.3/14 MB
Progress (5): 624 kB | 22 kB | 28 kB | 13 kB | 1.3/14 MB
Progress (5): 624 kB | 22 kB | 28 kB | 13 kB | 1.3/14 MB
Progress (5): 624 kB | 22 kB | 28 kB | 13 kB | 1.3/14 MB
Progress (5): 624 kB | 22 kB | 28 kB | 13 kB | 1.3/14 MB
Progress (5): 624 kB | 22 kB | 28 kB | 13 kB | 1.3/14 MB
Progress (5): 624 kB | 22 kB | 28 kB | 13 kB | 1.4/14 MB
Progress (5): 624 kB | 22 kB | 28 kB | 13 kB | 1.4/14 MB
Progress (5): 624 kB | 22 kB | 28 kB | 13 kB | 1.4/14 MB
Progress (5): 624 kB | 22 kB | 28 kB | 13 kB | 1.4/14 MB
Progress (5): 624 kB | 22 kB | 28 kB | 13 kB | 1.4/14 MB
Progress (5): 624 kB | 22 kB | 28 kB | 13 kB | 1.4/14 MB
Progress (5): 624 kB | 22 kB | 28 kB | 13 kB | 1.5/14 MB
Progress (5): 624 kB | 22 kB | 28 kB | 13 kB | 1.5/14 MB
Progress (5): 624 kB | 22 kB | 28 kB | 13 kB | 1.5/14 MB
Progress (5): 624 kB | 22 kB | 28 kB | 13 kB | 1.5/14 MB
Progress (5): 624 kB | 22 kB | 28 kB | 13 kB | 1.5/14 MB
Progress (5): 624 kB | 22 kB | 28 kB | 13 kB | 1.5/14 MB
Progress (5): 624 kB | 22 kB | 28 kB | 13 kB | 1.6/14 MB
Progress (5): 624 kB | 22 kB | 28 kB | 13 kB | 1.6/14 MB
Progress (5): 624 kB | 22 kB | 28 kB | 13 kB | 1.6/14 MB
Progress (5): 624 kB | 22 kB | 28 kB | 13 kB | 1.6/14 MB
Progress (5): 624 kB | 22 kB | 28 kB | 13 kB | 1.6/14 MB
Progress (5): 624 kB | 22 kB | 28 kB | 13 kB | 1.6/14 MB
Progress (5): 624 kB | 22 kB | 28 kB | 13 kB | 1.7/14 MB
Progress (5): 624 kB | 22 kB | 28 kB | 13 kB | 1.7/14 MB
Progress (5): 624 kB | 22 kB | 28 kB | 13 kB | 1.7/14 MB
Progress (5): 624 kB | 22 kB | 28 kB | 13 kB | 1.7/14 MB
Progress (5): 624 kB | 22 kB | 28 kB | 13 kB | 1.7/14 MB
Progress (5): 624 kB | 22 kB | 28 kB | 13 kB | 1.7/14 MB
Progress (5): 624 kB | 22 kB | 28 kB | 13 kB | 1.8/14 MB
Progress (5): 624 kB | 22 kB | 28 kB | 13 kB | 1.8/14 MB
Progress (5): 624 kB | 22 kB | 28 kB | 13 kB | 1.8/14 MB
Progress (5): 624 kB | 22 kB | 28 kB | 13 kB | 1.8/14 MB
Progress (5): 624 kB | 22 kB | 28 kB | 13 kB | 1.8/14 MB
Progress (5): 624 kB | 22 kB | 28 kB | 13 kB | 1.8/14 MB
Progress (5): 624 kB | 22 kB | 28 kB | 13 kB | 1.9/14 MB
Progress (5): 624 kB | 22 kB | 28 kB | 13 kB | 1.9/14 MB
Progress (5): 624 kB | 22 kB | 28 kB | 13 kB | 1.9/14 MB
Progress (5): 624 kB | 22 kB | 28 kB | 13 kB | 1.9/14 MB
Progress (5): 624 kB | 22 kB | 28 kB | 13 kB | 1.9/14 MB
Progress (5): 624 kB | 22 kB | 28 kB | 13 kB | 1.9/14 MB
Progress (5): 624 kB | 22 kB | 28 kB | 13 kB | 1.9/14 MB
Progress (5): 624 kB | 22 kB | 28 kB | 13 kB | 2.0/14 MB
Progress (5): 624 kB | 22 kB | 28 kB | 13 kB | 2.0/14 MB
Progress (5): 624 kB | 22 kB | 28 kB | 13 kB | 2.0/14 MB
Progress (5): 624 kB | 22 kB | 28 kB | 13 kB | 2.0/14 MB
Progress (5): 624 kB | 22 kB | 28 kB | 13 kB | 2.0/14 MB
Progress (5): 624 kB | 22 kB | 28 kB | 13 kB | 2.0/14 MB
Progress (5): 624 kB | 22 kB | 28 kB | 13 kB | 2.1/14 MB
Progress (5): 624 kB | 22 kB | 28 kB | 13 kB | 2.1/14 MB
Progress (5): 624 kB | 22 kB | 28 kB | 13 kB | 2.1/14 MB
Progress (5): 624 kB | 22 kB | 28 kB | 13 kB | 2.1/14 MB
                                                        
Downloaded from aliyunmaven: https://maven.aliyun.com/repository/public/io/projectreactor/netty/reactor-netty-http/1.2.18/reactor-netty-http-1.2.18.jar (624 kB at 2.6 MB/s)
Downloading from aliyunmaven: https://maven.aliyun.com/repository/public/com/alibaba/nacos/nacos-client-basic/3.0.3/nacos-client-basic-3.0.3.jar
Progress (4): 22 kB | 28 kB | 13 kB | 2.1/14 MB
Progress (4): 22 kB | 28 kB | 13 kB | 2.1/14 MB
Progress (4): 22 kB | 28 kB | 13 kB | 2.2/14 MB
Progress (4): 22 kB | 28 kB | 13 kB | 2.2/14 MB
Progress (4): 22 kB | 28 kB | 13 kB | 2.2/14 MB
Progress (4): 22 kB | 28 kB | 13 kB | 2.2/14 MB
Progress (4): 22 kB | 28 kB | 13 kB | 2.2/14 MB
Progress (4): 22 kB | 28 kB | 13 kB | 2.2/14 MB
Progress (4): 22 kB | 28 kB | 13 kB | 2.3/14 MB
Progress (4): 22 kB | 28 kB | 13 kB | 2.3/14 MB
Progress (4): 22 kB | 28 kB | 13 kB | 2.3/14 MB
Progress (4): 22 kB | 28 kB | 13 kB | 2.3/14 MB
Progress (4): 22 kB | 28 kB | 13 kB | 2.3/14 MB
Progress (4): 22 kB | 28 kB | 13 kB | 2.3/14 MB
Progress (4): 22 kB | 28 kB | 13 kB | 2.4/14 MB
Progress (4): 22 kB | 28 kB | 13 kB | 2.4/14 MB
Progress (4): 22 kB | 28 kB | 13 kB | 2.4/14 MB
Progress (4): 22 kB | 28 kB | 13 kB | 2.4/14 MB
Progress (4): 22 kB | 28 kB | 13 kB | 2.4/14 MB
Progress (4): 22 kB | 28 kB | 13 kB | 2.4/14 MB
Progress (4): 22 kB | 28 kB | 13 kB | 2.5/14 MB
Progress (4): 22 kB | 28 kB | 13 kB | 2.5/14 MB
Progress (4): 22 kB | 28 kB | 13 kB | 2.5/14 MB
Progress (4): 22 kB | 28 kB | 13 kB | 2.5/14 MB
Progress (4): 22 kB | 28 kB | 13 kB | 2.5/14 MB
Progress (4): 22 kB | 28 kB | 13 kB | 2.5/14 MB
Progress (4): 22 kB | 28 kB | 13 kB | 2.6/14 MB
Progress (4): 22 kB | 28 kB | 13 kB | 2.6/14 MB
Progress (4): 22 kB | 28 kB | 13 kB | 2.6/14 MB
Progress (4): 22 kB | 28 kB | 13 kB | 2.6/14 MB
Progress (4): 22 kB | 28 kB | 13 kB | 2.6/14 MB
Progress (4): 22 kB | 28 kB | 13 kB | 2.6/14 MB
Progress (4): 22 kB | 28 kB | 13 kB | 2.7/14 MB
Progress (4): 22 kB | 28 kB | 13 kB | 2.7/14 MB
Progress (4): 22 kB | 28 kB | 13 kB | 2.7/14 MB
Progress (4): 22 kB | 28 kB | 13 kB | 2.7/14 MB
Progress (4): 22 kB | 28 kB | 13 kB | 2.7/14 MB
Progress (4): 22 kB | 28 kB | 13 kB | 2.7/14 MB
Progress (4): 22 kB | 28 kB | 13 kB | 2.8/14 MB
Progress (4): 22 kB | 28 kB | 13 kB | 2.8/14 MB
Progress (4): 22 kB | 28 kB | 13 kB | 2.8/14 MB
Progress (4): 22 kB | 28 kB | 13 kB | 2.8/14 MB
Progress (4): 22 kB | 28 kB | 13 kB | 2.8/14 MB
Progress (4): 22 kB | 28 kB | 13 kB | 2.8/14 MB
Progress (4): 22 kB | 28 kB | 13 kB | 2.9/14 MB
Progress (4): 22 kB | 28 kB | 13 kB | 2.9/14 MB
Progress (4): 22 kB | 28 kB | 13 kB | 2.9/14 MB
Progress (4): 22 kB | 28 kB | 13 kB | 2.9/14 MB
Progress (4): 22 kB | 28 kB | 13 kB | 2.9/14 MB
Progress (4): 22 kB | 28 kB | 13 kB | 2.9/14 MB
Progress (4): 22 kB | 28 kB | 13 kB | 2.9/14 MB
Progress (4): 22 kB | 28 kB | 13 kB | 3.0/14 MB
Progress (4): 22 kB | 28 kB | 13 kB | 3.0/14 MB
Progress (4): 22 kB | 28 kB | 13 kB | 3.0/14 MB
Progress (4): 22 kB | 28 kB | 13 kB | 3.0/14 MB
Progress (4): 22 kB | 28 kB | 13 kB | 3.0/14 MB
Progress (4): 22 kB | 28 kB | 13 kB | 3.0/14 MB
Progress (4): 22 kB | 28 kB | 13 kB | 3.1/14 MB
Progress (4): 22 kB | 28 kB | 13 kB | 3.1/14 MB
Progress (4): 22 kB | 28 kB | 13 kB | 3.1/14 MB
Progress (4): 22 kB | 28 kB | 13 kB | 3.1/14 MB
Progress (4): 22 kB | 28 kB | 13 kB | 3.1/14 MB
Progress (4): 22 kB | 28 kB | 13 kB | 3.1/14 MB
Progress (4): 22 kB | 28 kB | 13 kB | 3.2/14 MB
Progress (4): 22 kB | 28 kB | 13 kB | 3.2/14 MB
Progress (4): 22 kB | 28 kB | 13 kB | 3.2/14 MB
Progress (4): 22 kB | 28 kB | 13 kB | 3.2/14 MB
Progress (4): 22 kB | 28 kB | 13 kB | 3.2/14 MB
Progress (4): 22 kB | 28 kB | 13 kB | 3.2/14 MB
Progress (4): 22 kB | 28 kB | 13 kB | 3.3/14 MB
Progress (4): 22 kB | 28 kB | 13 kB | 3.3/14 MB
Progress (4): 22 kB | 28 kB | 13 kB | 3.3/14 MB
Progress (4): 22 kB | 28 kB | 13 kB | 3.3/14 MB
Progress (4): 22 kB | 28 kB | 13 kB | 3.3/14 MB
Progress (4): 22 kB | 28 kB | 13 kB | 3.3/14 MB
Progress (4): 22 kB | 28 kB | 13 kB | 3.4/14 MB
Progress (4): 22 kB | 28 kB | 13 kB | 3.4/14 MB
Progress (4): 22 kB | 28 kB | 13 kB | 3.4/14 MB
Progress (4): 22 kB | 28 kB | 13 kB | 3.4/14 MB
Progress (4): 22 kB | 28 kB | 13 kB | 3.4/14 MB
Progress (4): 22 kB | 28 kB | 13 kB | 3.4/14 MB
Progress (4): 22 kB | 28 kB | 13 kB | 3.5/14 MB
Progress (4): 22 kB | 28 kB | 13 kB | 3.5/14 MB
Progress (4): 22 kB | 28 kB | 13 kB | 3.5/14 MB
Progress (4): 22 kB | 28 kB | 13 kB | 3.5/14 MB
Progress (4): 22 kB | 28 kB | 13 kB | 3.5/14 MB
Progress (4): 22 kB | 28 kB | 13 kB | 3.5/14 MB
Progress (4): 22 kB | 28 kB | 13 kB | 3.6/14 MB
Progress (4): 22 kB | 28 kB | 13 kB | 3.6/14 MB
Progress (4): 22 kB | 28 kB | 13 kB | 3.6/14 MB
Progress (5): 22 kB | 28 kB | 13 kB | 3.6/14 MB | 7.3/90 kB
Progress (5): 22 kB | 28 kB | 13 kB | 3.6/14 MB | 15/90 kB 
Progress (5): 22 kB | 28 kB | 13 kB | 3.6/14 MB | 32/90 kB
Progress (5): 22 kB | 28 kB | 13 kB | 3.6/14 MB | 48/90 kB
Progress (5): 22 kB | 28 kB | 13 kB | 3.6/14 MB | 48/90 kB
Progress (5): 22 kB | 28 kB | 13 kB | 3.6/14 MB | 65/90 kB
Progress (5): 22 kB | 28 kB | 13 kB | 3.6/14 MB | 81/90 kB
Progress (5): 22 kB | 28 kB | 13 kB | 3.6/14 MB | 90 kB   
Progress (5): 22 kB | 28 kB | 13 kB | 3.6/14 MB | 90 kB
Progress (5): 22 kB | 28 kB | 13 kB | 3.6/14 MB | 90 kB
Progress (5): 22 kB | 28 kB | 13 kB | 3.7/14 MB | 90 kB
Progress (5): 22 kB | 28 kB | 13 kB | 3.7/14 MB | 90 kB
Progress (5): 22 kB | 28 kB | 13 kB | 3.7/14 MB | 90 kB
Progress (5): 22 kB | 28 kB | 13 kB | 3.7/14 MB | 90 kB
Progress (5): 22 kB | 28 kB | 13 kB | 3.7/14 MB | 90 kB
Progress (5): 22 kB | 28 kB | 13 kB | 3.7/14 MB | 90 kB
Progress (5): 22 kB | 28 kB | 13 kB | 3.8/14 MB | 90 kB
Progress (5): 22 kB | 28 kB | 13 kB | 3.8/14 MB | 90 kB
Progress (5): 22 kB | 28 kB | 13 kB | 3.8/14 MB | 90 kB
Progress (5): 22 kB | 28 kB | 13 kB | 3.8/14 MB | 90 kB
Progress (5): 22 kB | 28 kB | 13 kB | 3.8/14 MB | 90 kB
Progress (5): 22 kB | 28 kB | 13 kB | 3.8/14 MB | 90 kB
Progress (5): 22 kB | 28 kB | 13 kB | 3.9/14 MB | 90 kB
Progress (5): 22 kB | 28 kB | 13 kB | 3.9/14 MB | 90 kB
Progress (5): 22 kB | 28 kB | 13 kB | 3.9/14 MB | 90 kB
Progress (5): 22 kB | 28 kB | 13 kB | 3.9/14 MB | 90 kB
Progress (5): 22 kB | 28 kB | 13 kB | 3.9/14 MB | 90 kB
Progress (5): 22 kB | 28 kB | 13 kB | 3.9/14 MB | 90 kB
Progress (5): 22 kB | 28 kB | 13 kB | 3.9/14 MB | 90 kB
Progress (5): 22 kB | 28 kB | 13 kB | 4.0/14 MB | 90 kB
Progress (5): 22 kB | 28 kB | 13 kB | 4.0/14 MB | 90 kB
Progress (5): 22 kB | 28 kB | 13 kB | 4.0/14 MB | 90 kB
Progress (5): 22 kB | 28 kB | 13 kB | 4.0/14 MB | 90 kB
Progress (5): 22 kB | 28 kB | 13 kB | 4.0/14 MB | 90 kB
Progress (5): 22 kB | 28 kB | 13 kB | 4.0/14 MB | 90 kB
Progress (5): 22 kB | 28 kB | 13 kB | 4.1/14 MB | 90 kB
Progress (5): 22 kB | 28 kB | 13 kB | 4.1/14 MB | 90 kB
Progress (5): 22 kB | 28 kB | 13 kB | 4.1/14 MB | 90 kB
Progress (5): 22 kB | 28 kB | 13 kB | 4.1/14 MB | 90 kB
Progress (5): 22 kB | 28 kB | 13 kB | 4.1/14 MB | 90 kB
Progress (5): 22 kB | 28 kB | 13 kB | 4.1/14 MB | 90 kB
Progress (5): 22 kB | 28 kB | 13 kB | 4.2/14 MB | 90 kB
Progress (5): 22 kB | 28 kB | 13 kB | 4.2/14 MB | 90 kB
Progress (5): 22 kB | 28 kB | 13 kB | 4.2/14 MB | 90 kB
Progress (5): 22 kB | 28 kB | 13 kB | 4.2/14 MB | 90 kB
Progress (5): 22 kB | 28 kB | 13 kB | 4.2/14 MB | 90 kB
Progress (5): 22 kB | 28 kB | 13 kB | 4.2/14 MB | 90 kB
Progress (5): 22 kB | 28 kB | 13 kB | 4.3/14 MB | 90 kB
Progress (5): 22 kB | 28 kB | 13 kB | 4.3/14 MB | 90 kB
Progress (5): 22 kB | 28 kB | 13 kB | 4.3/14 MB | 90 kB
Progress (5): 22 kB | 28 kB | 13 kB | 4.3/14 MB | 90 kB
Progress (5): 22 kB | 28 kB | 13 kB | 4.3/14 MB | 90 kB
Progress (5): 22 kB | 28 kB | 13 kB | 4.3/14 MB | 90 kB
Progress (5): 22 kB | 28 kB | 13 kB | 4.4/14 MB | 90 kB
Progress (5): 22 kB | 28 kB | 13 kB | 4.4/14 MB | 90 kB
Progress (5): 22 kB | 28 kB | 13 kB | 4.4/14 MB | 90 kB
Progress (5): 22 kB | 28 kB | 13 kB | 4.4/14 MB | 90 kB
Progress (5): 22 kB | 28 kB | 13 kB | 4.4/14 MB | 90 kB
Progress (5): 22 kB | 28 kB | 13 kB | 4.4/14 MB | 90 kB
Progress (5): 22 kB | 28 kB | 13 kB | 4.5/14 MB | 90 kB
Progress (5): 22 kB | 28 kB | 13 kB | 4.5/14 MB | 90 kB
Progress (5): 22 kB | 28 kB | 13 kB | 4.5/14 MB | 90 kB
Progress (5): 22 kB | 28 kB | 13 kB | 4.5/14 MB | 90 kB
Progress (5): 22 kB | 28 kB | 13 kB | 4.5/14 MB | 90 kB
Progress (5): 22 kB | 28 kB | 13 kB | 4.5/14 MB | 90 kB
Progress (5): 22 kB | 28 kB | 13 kB | 4.5/14 MB | 90 kB
Progress (5): 22 kB | 28 kB | 13 kB | 4.6/14 MB | 90 kB
Progress (5): 22 kB | 28 kB | 13 kB | 4.6/14 MB | 90 kB
Progress (5): 22 kB | 28 kB | 13 kB | 4.6/14 MB | 90 kB
Progress (5): 22 kB | 28 kB | 13 kB | 4.6/14 MB | 90 kB
Progress (5): 22 kB | 28 kB | 13 kB | 4.6/14 MB | 90 kB
Progress (5): 22 kB | 28 kB | 13 kB | 4.6/14 MB | 90 kB
Progress (5): 22 kB | 28 kB | 13 kB | 4.6/14 MB | 90 kB
Progress (5): 22 kB | 28 kB | 13 kB | 4.6/14 MB | 90 kB
Progress (5): 22 kB | 28 kB | 13 kB | 4.6/14 MB | 90 kB
Progress (5): 22 kB | 28 kB | 13 kB | 4.7/14 MB | 90 kB
Progress (5): 22 kB | 28 kB | 13 kB | 4.7/14 MB | 90 kB
Progress (5): 22 kB | 28 kB | 13 kB | 4.7/14 MB | 90 kB
Progress (5): 22 kB | 28 kB | 13 kB | 4.7/14 MB | 90 kB
Progress (5): 22 kB | 28 kB | 13 kB | 4.7/14 MB | 90 kB
Progress (5): 22 kB | 28 kB | 13 kB | 4.7/14 MB | 90 kB
                                                       
Downloaded from aliyunmaven: https://maven.aliyun.com/repository/public/com/alibaba/nacos/nacos-client-basic/3.0.3/nacos-client-basic-3.0.3.jar (90 kB at 300 kB/s)
Downloading from aliyunmaven: https://maven.aliyun.com/repository/public/com/alibaba/nacos/nacos-auth-plugin/3.0.3/nacos-auth-plugin-3.0.3.jar
Progress (5): 22 kB | 28 kB | 13 kB | 4.7/14 MB | 0.4/22 kB
Progress (5): 22 kB | 28 kB | 13 kB | 4.7/14 MB | 17/22 kB 
Progress (5): 22 kB | 28 kB | 13 kB | 4.7/14 MB | 22 kB   
Progress (5): 22 kB | 28 kB | 13 kB | 4.7/14 MB | 22 kB
Progress (5): 22 kB | 28 kB | 13 kB | 4.8/14 MB | 22 kB
Progress (5): 22 kB | 28 kB | 13 kB | 4.8/14 MB | 22 kB
Progress (5): 22 kB | 28 kB | 13 kB | 4.8/14 MB | 22 kB
Progress (5): 22 kB | 28 kB | 13 kB | 4.8/14 MB | 22 kB
Progress (5): 22 kB | 28 kB | 13 kB | 4.8/14 MB | 22 kB
Progress (5): 22 kB | 28 kB | 13 kB | 4.8/14 MB | 22 kB
Progress (5): 22 kB | 28 kB | 13 kB | 4.8/14 MB | 22 kB
Progress (5): 22 kB | 28 kB | 13 kB | 4.9/14 MB | 22 kB
Progress (5): 22 kB | 28 kB | 13 kB | 4.9/14 MB | 22 kB
Progress (5): 22 kB | 28 kB | 13 kB | 4.9/14 MB | 22 kB
Progress (5): 22 kB | 28 kB | 13 kB | 4.9/14 MB | 22 kB
Progress (5): 22 kB | 28 kB | 13 kB | 4.9/14 MB | 22 kB
Progress (5): 22 kB | 28 kB | 13 kB | 4.9/14 MB | 22 kB
Progress (5): 22 kB | 28 kB | 13 kB | 5.0/14 MB | 22 kB
Progress (5): 22 kB | 28 kB | 13 kB | 5.0/14 MB | 22 kB
Progress (5): 22 kB | 28 kB | 13 kB | 5.0/14 MB | 22 kB
Progress (5): 22 kB | 28 kB | 13 kB | 5.0/14 MB | 22 kB
Progress (5): 22 kB | 28 kB | 13 kB | 5.0/14 MB | 22 kB
Progress (5): 22 kB | 28 kB | 13 kB | 5.0/14 MB | 22 kB
Progress (5): 22 kB | 28 kB | 13 kB | 5.1/14 MB | 22 kB
Progress (5): 22 kB | 28 kB | 13 kB | 5.1/14 MB | 22 kB
Progress (5): 22 kB | 28 kB | 13 kB | 5.1/14 MB | 22 kB
Progress (5): 22 kB | 28 kB | 13 kB | 5.1/14 MB | 22 kB
Progress (5): 22 kB | 28 kB | 13 kB | 5.1/14 MB | 22 kB
Progress (5): 22 kB | 28 kB | 13 kB | 5.1/14 MB | 22 kB
Progress (5): 22 kB | 28 kB | 13 kB | 5.2/14 MB | 22 kB
Progress (5): 22 kB | 28 kB | 13 kB | 5.2/14 MB | 22 kB
Progress (5): 22 kB | 28 kB | 13 kB | 5.2/14 MB | 22 kB
Progress (5): 22 kB | 28 kB | 13 kB | 5.2/14 MB | 22 kB
Progress (5): 22 kB | 28 kB | 13 kB | 5.2/14 MB | 22 kB
Progress (5): 22 kB | 28 kB | 13 kB | 5.2/14 MB | 22 kB
Progress (5): 22 kB | 28 kB | 13 kB | 5.2/14 MB | 22 kB
                                                       
Downloaded from aliyunmaven: https://maven.aliyun.com/repository/public/com/alibaba/cloud/spring-cloud-alibaba-commons/2025.0.0.0/spring-cloud-alibaba-commons-2025.0.0.0.jar (13 kB at 38 kB/s)
Downloading from aliyunmaven: https://maven.aliyun.com/repository/public/com/alibaba/nacos/nacos-encryption-plugin/3.0.3/nacos-encryption-plugin-3.0.3.jar
Progress (5): 22 kB | 28 kB | 5.2/14 MB | 22 kB | 1.9/6.9 kB
Progress (5): 22 kB | 28 kB | 5.2/14 MB | 22 kB | 6.9 kB    
Progress (5): 22 kB | 28 kB | 5.2/14 MB | 22 kB | 6.9 kB
Progress (5): 22 kB | 28 kB | 5.3/14 MB | 22 kB | 6.9 kB
Progress (5): 22 kB | 28 kB | 5.3/14 MB | 22 kB | 6.9 kB
Progress (5): 22 kB | 28 kB | 5.3/14 MB | 22 kB | 6.9 kB
Progress (5): 22 kB | 28 kB | 5.3/14 MB | 22 kB | 6.9 kB
Progress (5): 22 kB | 28 kB | 5.3/14 MB | 22 kB | 6.9 kB
Progress (5): 22 kB | 28 kB | 5.3/14 MB | 22 kB | 6.9 kB
Progress (5): 22 kB | 28 kB | 5.4/14 MB | 22 kB | 6.9 kB
Progress (5): 22 kB | 28 kB | 5.4/14 MB | 22 kB | 6.9 kB
Progress (5): 22 kB | 28 kB | 5.4/14 MB | 22 kB | 6.9 kB
Progress (5): 22 kB | 28 kB | 5.4/14 MB | 22 kB | 6.9 kB
Progress (5): 22 kB | 28 kB | 5.4/14 MB | 22 kB | 6.9 kB
Progress (5): 22 kB | 28 kB | 5.4/14 MB | 22 kB | 6.9 kB
Progress (5): 22 kB | 28 kB | 5.5/14 MB | 22 kB | 6.9 kB
Progress (5): 22 kB | 28 kB | 5.5/14 MB | 22 kB | 6.9 kB
Progress (5): 22 kB | 28 kB | 5.5/14 MB | 22 kB | 6.9 kB
Progress (5): 22 kB | 28 kB | 5.5/14 MB | 22 kB | 6.9 kB
Progress (5): 22 kB | 28 kB | 5.5/14 MB | 22 kB | 6.9 kB
Progress (5): 22 kB | 28 kB | 5.5/14 MB | 22 kB | 6.9 kB
Progress (5): 22 kB | 28 kB | 5.6/14 MB | 22 kB | 6.9 kB
Progress (5): 22 kB | 28 kB | 5.6/14 MB | 22 kB | 6.9 kB
Progress (5): 22 kB | 28 kB | 5.6/14 MB | 22 kB | 6.9 kB
Progress (5): 22 kB | 28 kB | 5.6/14 MB | 22 kB | 6.9 kB
Progress (5): 22 kB | 28 kB | 5.6/14 MB | 22 kB | 6.9 kB
Progress (5): 22 kB | 28 kB | 5.6/14 MB | 22 kB | 6.9 kB
Progress (5): 22 kB | 28 kB | 5.6/14 MB | 22 kB | 6.9 kB
Progress (5): 22 kB | 28 kB | 5.7/14 MB | 22 kB | 6.9 kB
Progress (5): 22 kB | 28 kB | 5.7/14 MB | 22 kB | 6.9 kB
Progress (5): 22 kB | 28 kB | 5.7/14 MB | 22 kB | 6.9 kB
Progress (5): 22 kB | 28 kB | 5.7/14 MB | 22 kB | 6.9 kB
Progress (5): 22 kB | 28 kB | 5.7/14 MB | 22 kB | 6.9 kB
Progress (5): 22 kB | 28 kB | 5.7/14 MB | 22 kB | 6.9 kB
Progress (5): 22 kB | 28 kB | 5.8/14 MB | 22 kB | 6.9 kB
Progress (5): 22 kB | 28 kB | 5.8/14 MB | 22 kB | 6.9 kB
Progress (5): 22 kB | 28 kB | 5.8/14 MB | 22 kB | 6.9 kB
Progress (5): 22 kB | 28 kB | 5.8/14 MB | 22 kB | 6.9 kB
Progress (5): 22 kB | 28 kB | 5.8/14 MB | 22 kB | 6.9 kB
Progress (5): 22 kB | 28 kB | 5.8/14 MB | 22 kB | 6.9 kB
Progress (5): 22 kB | 28 kB | 5.8/14 MB | 22 kB | 6.9 kB
Progress (5): 22 kB | 28 kB | 5.8/14 MB | 22 kB | 6.9 kB
Progress (5): 22 kB | 28 kB | 5.9/14 MB | 22 kB | 6.9 kB
Progress (5): 22 kB | 28 kB | 5.9/14 MB | 22 kB | 6.9 kB
Progress (5): 22 kB | 28 kB | 5.9/14 MB | 22 kB | 6.9 kB
Progress (5): 22 kB | 28 kB | 5.9/14 MB | 22 kB | 6.9 kB
Progress (5): 22 kB | 28 kB | 5.9/14 MB | 22 kB | 6.9 kB
Progress (5): 22 kB | 28 kB | 5.9/14 MB | 22 kB | 6.9 kB
Progress (5): 22 kB | 28 kB | 5.9/14 MB | 22 kB | 6.9 kB
Progress (5): 22 kB | 28 kB | 6.0/14 MB | 22 kB | 6.9 kB
Progress (5): 22 kB | 28 kB | 6.0/14 MB | 22 kB | 6.9 kB
Progress (5): 22 kB | 28 kB | 6.0/14 MB | 22 kB | 6.9 kB
Progress (5): 22 kB | 28 kB | 6.0/14 MB | 22 kB | 6.9 kB
Progress (5): 22 kB | 28 kB | 6.0/14 MB | 22 kB | 6.9 kB
Progress (5): 22 kB | 28 kB | 6.0/14 MB | 22 kB | 6.9 kB
Progress (5): 22 kB | 28 kB | 6.1/14 MB | 22 kB | 6.9 kB
Progress (5): 22 kB | 28 kB | 6.1/14 MB | 22 kB | 6.9 kB
Progress (5): 22 kB | 28 kB | 6.1/14 MB | 22 kB | 6.9 kB
Progress (5): 22 kB | 28 kB | 6.1/14 MB | 22 kB | 6.9 kB
Progress (5): 22 kB | 28 kB | 6.1/14 MB | 22 kB | 6.9 kB
Progress (5): 22 kB | 28 kB | 6.1/14 MB | 22 kB | 6.9 kB
Progress (5): 22 kB | 28 kB | 6.1/14 MB | 22 kB | 6.9 kB
Progress (5): 22 kB | 28 kB | 6.1/14 MB | 22 kB | 6.9 kB
Progress (5): 22 kB | 28 kB | 6.1/14 MB | 22 kB | 6.9 kB
Progress (5): 22 kB | 28 kB | 6.2/14 MB | 22 kB | 6.9 kB
Progress (5): 22 kB | 28 kB | 6.2/14 MB | 22 kB | 6.9 kB
Progress (5): 22 kB | 28 kB | 6.2/14 MB | 22 kB | 6.9 kB
Progress (5): 22 kB | 28 kB | 6.2/14 MB | 22 kB | 6.9 kB
Progress (5): 22 kB | 28 kB | 6.2/14 MB | 22 kB | 6.9 kB
Progress (5): 22 kB | 28 kB | 6.2/14 MB | 22 kB | 6.9 kB
Progress (5): 22 kB | 28 kB | 6.3/14 MB | 22 kB | 6.9 kB
Progress (5): 22 kB | 28 kB | 6.3/14 MB | 22 kB | 6.9 kB
Progress (5): 22 kB | 28 kB | 6.3/14 MB | 22 kB | 6.9 kB
                                                        
Downloaded from aliyunmaven: https://maven.aliyun.com/repository/public/org/springframework/boot/spring-boot-properties-migrator/3.5.15/spring-boot-properties-migrator-3.5.15.jar (22 kB at 57 kB/s)
Downloading from aliyunmaven: https://maven.aliyun.com/repository/public/com/alibaba/nacos/logback-adapter/1.1.4/logback-adapter-1.1.4.jar
Progress (5): 28 kB | 6.3/14 MB | 22 kB | 6.9 kB | 1.9/17 kB
Progress (5): 28 kB | 6.3/14 MB | 22 kB | 6.9 kB | 17 kB    
                                                        
Downloaded from aliyunmaven: https://maven.aliyun.com/repository/public/com/alibaba/nacos/nacos-encryption-plugin/3.0.3/nacos-encryption-plugin-3.0.3.jar (6.9 kB at 17 kB/s)
Downloading from aliyunmaven: https://maven.aliyun.com/repository/public/com/alibaba/nacos/nacos-log4j2-adapter/3.0.3/nacos-log4j2-adapter-3.0.3.jar
Progress (4): 28 kB | 6.3/14 MB | 22 kB | 17 kB
Progress (4): 28 kB | 6.3/14 MB | 22 kB | 17 kB
Progress (4): 28 kB | 6.3/14 MB | 22 kB | 17 kB
Progress (4): 28 kB | 6.3/14 MB | 22 kB | 17 kB
Progress (4): 28 kB | 6.4/14 MB | 22 kB | 17 kB
Progress (4): 28 kB | 6.4/14 MB | 22 kB | 17 kB
Progress (4): 28 kB | 6.4/14 MB | 22 kB | 17 kB
Progress (4): 28 kB | 6.4/14 MB | 22 kB | 17 kB
Progress (4): 28 kB | 6.4/14 MB | 22 kB | 17 kB
Progress (4): 28 kB | 6.4/14 MB | 22 kB | 17 kB
Progress (4): 28 kB | 6.5/14 MB | 22 kB | 17 kB
Progress (4): 28 kB | 6.5/14 MB | 22 kB | 17 kB
Progress (4): 28 kB | 6.5/14 MB | 22 kB | 17 kB
Progress (4): 28 kB | 6.5/14 MB | 22 kB | 17 kB
Progress (4): 28 kB | 6.5/14 MB | 22 kB | 17 kB
Progress (4): 28 kB | 6.5/14 MB | 22 kB | 17 kB
Progress (4): 28 kB | 6.5/14 MB | 22 kB | 17 kB
Progress (4): 28 kB | 6.6/14 MB | 22 kB | 17 kB
Progress (4): 28 kB | 6.6/14 MB | 22 kB | 17 kB
Progress (4): 28 kB | 6.6/14 MB | 22 kB | 17 kB
Progress (4): 28 kB | 6.6/14 MB | 22 kB | 17 kB
Progress (4): 28 kB | 6.6/14 MB | 22 kB | 17 kB
Progress (4): 28 kB | 6.6/14 MB | 22 kB | 17 kB
Progress (4): 28 kB | 6.7/14 MB | 22 kB | 17 kB
Progress (4): 28 kB | 6.7/14 MB | 22 kB | 17 kB
Progress (4): 28 kB | 6.7/14 MB | 22 kB | 17 kB
Progress (4): 28 kB | 6.7/14 MB | 22 kB | 17 kB
Progress (4): 28 kB | 6.7/14 MB | 22 kB | 17 kB
Progress (4): 28 kB | 6.7/14 MB | 22 kB | 17 kB
Progress (4): 28 kB | 6.8/14 MB | 22 kB | 17 kB
Progress (4): 28 kB | 6.8/14 MB | 22 kB | 17 kB
Progress (4): 28 kB | 6.8/14 MB | 22 kB | 17 kB
Progress (4): 28 kB | 6.8/14 MB | 22 kB | 17 kB
Progress (4): 28 kB | 6.8/14 MB | 22 kB | 17 kB
Progress (5): 28 kB | 6.8/14 MB | 22 kB | 17 kB | 1.9/11 kB
Progress (5): 28 kB | 6.8/14 MB | 22 kB | 17 kB | 11 kB    
Progress (5): 28 kB | 6.8/14 MB | 22 kB | 17 kB | 11 kB
Progress (5): 28 kB | 6.8/14 MB | 22 kB | 17 kB | 11 kB
Progress (5): 28 kB | 6.9/14 MB | 22 kB | 17 kB | 11 kB
Progress (5): 28 kB | 6.9/14 MB | 22 kB | 17 kB | 11 kB
Progress (5): 28 kB | 6.9/14 MB | 22 kB | 17 kB | 11 kB
Progress (5): 28 kB | 6.9/14 MB | 22 kB | 17 kB | 11 kB
Progress (5): 28 kB | 6.9/14 MB | 22 kB | 17 kB | 11 kB
Progress (5): 28 kB | 6.9/14 MB | 22 kB | 17 kB | 11 kB
Progress (5): 28 kB | 7.0/14 MB | 22 kB | 17 kB | 11 kB
Progress (5): 28 kB | 7.0/14 MB | 22 kB | 17 kB | 11 kB
Progress (5): 28 kB | 7.0/14 MB | 22 kB | 17 kB | 11 kB
Progress (5): 28 kB | 7.0/14 MB | 22 kB | 17 kB | 11 kB
Progress (5): 28 kB | 7.0/14 MB | 22 kB | 17 kB | 11 kB
Progress (5): 28 kB | 7.0/14 MB | 22 kB | 17 kB | 11 kB
Progress (5): 28 kB | 7.1/14 MB | 22 kB | 17 kB | 11 kB
Progress (5): 28 kB | 7.1/14 MB | 22 kB | 17 kB | 11 kB
Progress (5): 28 kB | 7.1/14 MB | 22 kB | 17 kB | 11 kB
Progress (5): 28 kB | 7.1/14 MB | 22 kB | 17 kB | 11 kB
Progress (5): 28 kB | 7.1/14 MB | 22 kB | 17 kB | 11 kB
Progress (5): 28 kB | 7.1/14 MB | 22 kB | 17 kB | 11 kB
Progress (5): 28 kB | 7.2/14 MB | 22 kB | 17 kB | 11 kB
Progress (5): 28 kB | 7.2/14 MB | 22 kB | 17 kB | 11 kB
Progress (5): 28 kB | 7.2/14 MB | 22 kB | 17 kB | 11 kB
Progress (5): 28 kB | 7.2/14 MB | 22 kB | 17 kB | 11 kB
Progress (5): 28 kB | 7.2/14 MB | 22 kB | 17 kB | 11 kB
Progress (5): 28 kB | 7.2/14 MB | 22 kB | 17 kB | 11 kB
Progress (5): 28 kB | 7.3/14 MB | 22 kB | 17 kB | 11 kB
Progress (5): 28 kB | 7.3/14 MB | 22 kB | 17 kB | 11 kB
Progress (5): 28 kB | 7.3/14 MB | 22 kB | 17 kB | 11 kB
Progress (5): 28 kB | 7.3/14 MB | 22 kB | 17 kB | 11 kB
Progress (5): 28 kB | 7.3/14 MB | 22 kB | 17 kB | 11 kB
Progress (5): 28 kB | 7.3/14 MB | 22 kB | 17 kB | 11 kB
Progress (5): 28 kB | 7.3/14 MB | 22 kB | 17 kB | 11 kB
Progress (5): 28 kB | 7.3/14 MB | 22 kB | 17 kB | 11 kB
Progress (5): 28 kB | 7.4/14 MB | 22 kB | 17 kB | 11 kB
Progress (5): 28 kB | 7.4/14 MB | 22 kB | 17 kB | 11 kB
Progress (5): 28 kB | 7.4/14 MB | 22 kB | 17 kB | 11 kB
Progress (5): 28 kB | 7.4/14 MB | 22 kB | 17 kB | 11 kB
Progress (5): 28 kB | 7.4/14 MB | 22 kB | 17 kB | 11 kB
Progress (5): 28 kB | 7.4/14 MB | 22 kB | 17 kB | 11 kB
Progress (5): 28 kB | 7.4/14 MB | 22 kB | 17 kB | 11 kB
Progress (5): 28 kB | 7.5/14 MB | 22 kB | 17 kB | 11 kB
Progress (5): 28 kB | 7.5/14 MB | 22 kB | 17 kB | 11 kB
Progress (5): 28 kB | 7.5/14 MB | 22 kB | 17 kB | 11 kB
Progress (5): 28 kB | 7.5/14 MB | 22 kB | 17 kB | 11 kB
Progress (5): 28 kB | 7.5/14 MB | 22 kB | 17 kB | 11 kB
Progress (5): 28 kB | 7.5/14 MB | 22 kB | 17 kB | 11 kB
Progress (5): 28 kB | 7.6/14 MB | 22 kB | 17 kB | 11 kB
Progress (5): 28 kB | 7.6/14 MB | 22 kB | 17 kB | 11 kB
Progress (5): 28 kB | 7.6/14 MB | 22 kB | 17 kB | 11 kB
Progress (5): 28 kB | 7.6/14 MB | 22 kB | 17 kB | 11 kB
Progress (5): 28 kB | 7.6/14 MB | 22 kB | 17 kB | 11 kB
Progress (5): 28 kB | 7.6/14 MB | 22 kB | 17 kB | 11 kB
Progress (5): 28 kB | 7.7/14 MB | 22 kB | 17 kB | 11 kB
Progress (5): 28 kB | 7.7/14 MB | 22 kB | 17 kB | 11 kB
Progress (5): 28 kB | 7.7/14 MB | 22 kB | 17 kB | 11 kB
Progress (5): 28 kB | 7.7/14 MB | 22 kB | 17 kB | 11 kB
Progress (5): 28 kB | 7.7/14 MB | 22 kB | 17 kB | 11 kB
Progress (5): 28 kB | 7.7/14 MB | 22 kB | 17 kB | 11 kB
Progress (5): 28 kB | 7.8/14 MB | 22 kB | 17 kB | 11 kB
Progress (5): 28 kB | 7.8/14 MB | 22 kB | 17 kB | 11 kB
Progress (5): 28 kB | 7.8/14 MB | 22 kB | 17 kB | 11 kB
Progress (5): 28 kB | 7.8/14 MB | 22 kB | 17 kB | 11 kB
Progress (5): 28 kB | 7.8/14 MB | 22 kB | 17 kB | 11 kB
Progress (5): 28 kB | 7.8/14 MB | 22 kB | 17 kB | 11 kB
Progress (5): 28 kB | 7.9/14 MB | 22 kB | 17 kB | 11 kB
Progress (5): 28 kB | 7.9/14 MB | 22 kB | 17 kB | 11 kB
                                                       
Downloaded from aliyunmaven: https://maven.aliyun.com/repository/public/org/springframework/boot/spring-boot-configuration-metadata/3.5.15/spring-boot-configuration-metadata-3.5.15.jar (28 kB at 60 kB/s)
Downloading from aliyunmaven: https://maven.aliyun.com/repository/public/org/apache/httpcomponents/client5/httpclient5/5.5.2/httpclient5-5.5.2.jar
Progress (5): 7.9/14 MB | 22 kB | 17 kB | 11 kB | 3.3/961 kB
Progress (5): 7.9/14 MB | 22 kB | 17 kB | 11 kB | 20/961 kB 
Progress (5): 7.9/14 MB | 22 kB | 17 kB | 11 kB | 36/961 kB
Progress (5): 7.9/14 MB | 22 kB | 17 kB | 11 kB | 52/961 kB
Progress (5): 7.9/14 MB | 22 kB | 17 kB | 11 kB | 69/961 kB
Progress (5): 7.9/14 MB | 22 kB | 17 kB | 11 kB | 85/961 kB
Progress (5): 7.9/14 MB | 22 kB | 17 kB | 11 kB | 89/961 kB
Progress (5): 7.9/14 MB | 22 kB | 17 kB | 11 kB | 95/961 kB
Progress (5): 7.9/14 MB | 22 kB | 17 kB | 11 kB | 108/961 kB
Progress (5): 7.9/14 MB | 22 kB | 17 kB | 11 kB | 113/961 kB
Progress (5): 7.9/14 MB | 22 kB | 17 kB | 11 kB | 123/961 kB
Progress (5): 7.9/14 MB | 22 kB | 17 kB | 11 kB | 139/961 kB
Progress (5): 7.9/14 MB | 22 kB | 17 kB | 11 kB | 146/961 kB
Progress (5): 7.9/14 MB | 22 kB | 17 kB | 11 kB | 163/961 kB
Progress (5): 7.9/14 MB | 22 kB | 17 kB | 11 kB | 170/961 kB
Progress (5): 7.9/14 MB | 22 kB | 17 kB | 11 kB | 186/961 kB
Progress (5): 7.9/14 MB | 22 kB | 17 kB | 11 kB | 189/961 kB
Progress (5): 7.9/14 MB | 22 kB | 17 kB | 11 kB | 193/961 kB
Progress (5): 7.9/14 MB | 22 kB | 17 kB | 11 kB | 200/961 kB
Progress (5): 7.9/14 MB | 22 kB | 17 kB | 11 kB | 215/961 kB
Progress (5): 7.9/14 MB | 22 kB | 17 kB | 11 kB | 221/961 kB
Progress (5): 7.9/14 MB | 22 kB | 17 kB | 11 kB | 227/961 kB
Progress (5): 7.9/14 MB | 22 kB | 17 kB | 11 kB | 230/961 kB
Progress (5): 7.9/14 MB | 22 kB | 17 kB | 11 kB | 233/961 kB
Progress (5): 7.9/14 MB | 22 kB | 17 kB | 11 kB | 249/961 kB
Progress (5): 7.9/14 MB | 22 kB | 17 kB | 11 kB | 256/961 kB
Progress (5): 7.9/14 MB | 22 kB | 17 kB | 11 kB | 260/961 kB
Progress (5): 7.9/14 MB | 22 kB | 17 kB | 11 kB | 276/961 kB
Progress (5): 7.9/14 MB | 22 kB | 17 kB | 11 kB | 293/961 kB
Progress (5): 7.9/14 MB | 22 kB | 17 kB | 11 kB | 298/961 kB
Progress (5): 7.9/14 MB | 22 kB | 17 kB | 11 kB | 304/961 kB
Progress (5): 7.9/14 MB | 22 kB | 17 kB | 11 kB | 319/961 kB
Progress (5): 7.9/14 MB | 22 kB | 17 kB | 11 kB | 335/961 kB
Progress (5): 7.9/14 MB | 22 kB | 17 kB | 11 kB | 343/961 kB
Progress (5): 7.9/14 MB | 22 kB | 17 kB | 11 kB | 355/961 kB
Progress (5): 7.9/14 MB | 22 kB | 17 kB | 11 kB | 372/961 kB
Progress (5): 7.9/14 MB | 22 kB | 17 kB | 11 kB | 379/961 kB
Progress (5): 7.9/14 MB | 22 kB | 17 kB | 11 kB | 384/961 kB
Progress (5): 7.9/14 MB | 22 kB | 17 kB | 11 kB | 389/961 kB
Progress (5): 7.9/14 MB | 22 kB | 17 kB | 11 kB | 405/961 kB
Progress (5): 7.9/14 MB | 22 kB | 17 kB | 11 kB | 422/961 kB
Progress (5): 7.9/14 MB | 22 kB | 17 kB | 11 kB | 430/961 kB
Progress (5): 7.9/14 MB | 22 kB | 17 kB | 11 kB | 433/961 kB
Progress (5): 7.9/14 MB | 22 kB | 17 kB | 11 kB | 438/961 kB
Progress (5): 7.9/14 MB | 22 kB | 17 kB | 11 kB | 454/961 kB
Progress (5): 7.9/14 MB | 22 kB | 17 kB | 11 kB | 471/961 kB
Progress (5): 7.9/14 MB | 22 kB | 17 kB | 11 kB | 487/961 kB
Progress (5): 7.9/14 MB | 22 kB | 17 kB | 11 kB | 504/961 kB
Progress (5): 7.9/14 MB | 22 kB | 17 kB | 11 kB | 520/961 kB
Progress (5): 7.9/14 MB | 22 kB | 17 kB | 11 kB | 520/961 kB
Progress (5): 7.9/14 MB | 22 kB | 17 kB | 11 kB | 520/961 kB
Progress (5): 7.9/14 MB | 22 kB | 17 kB | 11 kB | 520/961 kB
Progress (5): 7.9/14 MB | 22 kB | 17 kB | 11 kB | 520/961 kB
Progress (5): 7.9/14 MB | 22 kB | 17 kB | 11 kB | 520/961 kB
Progress (5): 7.9/14 MB | 22 kB | 17 kB | 11 kB | 520/961 kB
Progress (5): 7.9/14 MB | 22 kB | 17 kB | 11 kB | 520/961 kB
Progress (5): 7.9/14 MB | 22 kB | 17 kB | 11 kB | 520/961 kB
Progress (5): 8.0/14 MB | 22 kB | 17 kB | 11 kB | 520/961 kB
Progress (5): 8.0/14 MB | 22 kB | 17 kB | 11 kB | 520/961 kB
Progress (5): 8.0/14 MB | 22 kB | 17 kB | 11 kB | 520/961 kB
Progress (5): 8.0/14 MB | 22 kB | 17 kB | 11 kB | 520/961 kB
Progress (5): 8.0/14 MB | 22 kB | 17 kB | 11 kB | 520/961 kB
Progress (5): 8.0/14 MB | 22 kB | 17 kB | 11 kB | 520/961 kB
Progress (5): 8.0/14 MB | 22 kB | 17 kB | 11 kB | 520/961 kB
Progress (5): 8.0/14 MB | 22 kB | 17 kB | 11 kB | 520/961 kB
Progress (5): 8.0/14 MB | 22 kB | 17 kB | 11 kB | 520/961 kB
Progress (5): 8.0/14 MB | 22 kB | 17 kB | 11 kB | 520/961 kB
Progress (5): 8.1/14 MB | 22 kB | 17 kB | 11 kB | 520/961 kB
Progress (5): 8.1/14 MB | 22 kB | 17 kB | 11 kB | 520/961 kB
Progress (5): 8.1/14 MB | 22 kB | 17 kB | 11 kB | 520/961 kB
Progress (5): 8.1/14 MB | 22 kB | 17 kB | 11 kB | 520/961 kB
Progress (5): 8.1/14 MB | 22 kB | 17 kB | 11 kB | 520/961 kB
Progress (5): 8.1/14 MB | 22 kB | 17 kB | 11 kB | 520/961 kB
Progress (5): 8.1/14 MB | 22 kB | 17 kB | 11 kB | 520/961 kB
Progress (5): 8.1/14 MB | 22 kB | 17 kB | 11 kB | 520/961 kB
Progress (5): 8.1/14 MB | 22 kB | 17 kB | 11 kB | 520/961 kB
Progress (5): 8.2/14 MB | 22 kB | 17 kB | 11 kB | 520/961 kB
Progress (5): 8.2/14 MB | 22 kB | 17 kB | 11 kB | 520/961 kB
Progress (5): 8.2/14 MB | 22 kB | 17 kB | 11 kB | 520/961 kB
Progress (5): 8.2/14 MB | 22 kB | 17 kB | 11 kB | 520/961 kB
Progress (5): 8.2/14 MB | 22 kB | 17 kB | 11 kB | 520/961 kB
Progress (5): 8.2/14 MB | 22 kB | 17 kB | 11 kB | 520/961 kB
Progress (5): 8.2/14 MB | 22 kB | 17 kB | 11 kB | 520/961 kB
Progress (5): 8.2/14 MB | 22 kB | 17 kB | 11 kB | 520/961 kB
Progress (5): 8.3/14 MB | 22 kB | 17 kB | 11 kB | 520/961 kB
Progress (5): 8.3/14 MB | 22 kB | 17 kB | 11 kB | 520/961 kB
Progress (5): 8.3/14 MB | 22 kB | 17 kB | 11 kB | 520/961 kB
Progress (5): 8.3/14 MB | 22 kB | 17 kB | 11 kB | 520/961 kB
Progress (5): 8.3/14 MB | 22 kB | 17 kB | 11 kB | 520/961 kB
Progress (5): 8.3/14 MB | 22 kB | 17 kB | 11 kB | 520/961 kB
Progress (5): 8.4/14 MB | 22 kB | 17 kB | 11 kB | 520/961 kB
Progress (5): 8.4/14 MB | 22 kB | 17 kB | 11 kB | 520/961 kB
Progress (5): 8.4/14 MB | 22 kB | 17 kB | 11 kB | 520/961 kB
Progress (5): 8.4/14 MB | 22 kB | 17 kB | 11 kB | 536/961 kB
Progress (5): 8.4/14 MB | 22 kB | 17 kB | 11 kB | 553/961 kB
Progress (5): 8.4/14 MB | 22 kB | 17 kB | 11 kB | 569/961 kB
Progress (5): 8.4/14 MB | 22 kB | 17 kB | 11 kB | 586/961 kB
Progress (5): 8.4/14 MB | 22 kB | 17 kB | 11 kB | 602/961 kB
Progress (5): 8.4/14 MB | 22 kB | 17 kB | 11 kB | 618/961 kB
Progress (5): 8.4/14 MB | 22 kB | 17 kB | 11 kB | 635/961 kB
Progress (5): 8.4/14 MB | 22 kB | 17 kB | 11 kB | 651/961 kB
Progress (5): 8.4/14 MB | 22 kB | 17 kB | 11 kB | 667/961 kB
Progress (5): 8.4/14 MB | 22 kB | 17 kB | 11 kB | 684/961 kB
Progress (5): 8.4/14 MB | 22 kB | 17 kB | 11 kB | 700/961 kB
Progress (5): 8.4/14 MB | 22 kB | 17 kB | 11 kB | 717/961 kB
Progress (5): 8.4/14 MB | 22 kB | 17 kB | 11 kB | 733/961 kB
Progress (5): 8.4/14 MB | 22 kB | 17 kB | 11 kB | 749/961 kB
Progress (5): 8.4/14 MB | 22 kB | 17 kB | 11 kB | 766/961 kB
Progress (5): 8.4/14 MB | 22 kB | 17 kB | 11 kB | 782/961 kB
Progress (5): 8.4/14 MB | 22 kB | 17 kB | 11 kB | 799/961 kB
Progress (5): 8.4/14 MB | 22 kB | 17 kB | 11 kB | 815/961 kB
Progress (5): 8.4/14 MB | 22 kB | 17 kB | 11 kB | 831/961 kB
Progress (5): 8.4/14 MB | 22 kB | 17 kB | 11 kB | 848/961 kB
Progress (5): 8.4/14 MB | 22 kB | 17 kB | 11 kB | 864/961 kB
Progress (5): 8.4/14 MB | 22 kB | 17 kB | 11 kB | 880/961 kB
Progress (5): 8.4/14 MB | 22 kB | 17 kB | 11 kB | 897/961 kB
Progress (5): 8.4/14 MB | 22 kB | 17 kB | 11 kB | 913/961 kB
Progress (5): 8.4/14 MB | 22 kB | 17 kB | 11 kB | 930/961 kB
Progress (5): 8.4/14 MB | 22 kB | 17 kB | 11 kB | 946/961 kB
Progress (5): 8.4/14 MB | 22 kB | 17 kB | 11 kB | 961 kB    
                                                        
Downloaded from aliyunmaven: https://maven.aliyun.com/repository/public/com/alibaba/nacos/nacos-auth-plugin/3.0.3/nacos-auth-plugin-3.0.3.jar (22 kB at 40 kB/s)
Downloading from aliyunmaven: https://maven.aliyun.com/repository/public/org/apache/httpcomponents/core5/httpcore5-h2/5.3.6/httpcore5-h2-5.3.6.jar
Downloaded from aliyunmaven: https://maven.aliyun.com/repository/public/org/apache/httpcomponents/client5/httpclient5/5.5.2/httpclient5-5.5.2.jar (961 kB at 1.8 MB/s)
Downloading from aliyunmaven: https://maven.aliyun.com/repository/public/org/apache/httpcomponents/core5/httpcore5/5.3.6/httpcore5-5.3.6.jar
Progress (4): 8.4/14 MB | 17 kB | 11 kB | 3.3/243 kB
Progress (4): 8.4/14 MB | 17 kB | 11 kB | 20/243 kB 
Progress (4): 8.4/14 MB | 17 kB | 11 kB | 36/243 kB
Progress (4): 8.4/14 MB | 17 kB | 11 kB | 52/243 kB
Progress (4): 8.4/14 MB | 17 kB | 11 kB | 69/243 kB
Progress (4): 8.4/14 MB | 17 kB | 11 kB | 85/243 kB
Progress (4): 8.4/14 MB | 17 kB | 11 kB | 102/243 kB
Progress (4): 8.4/14 MB | 17 kB | 11 kB | 118/243 kB
Progress (4): 8.4/14 MB | 17 kB | 11 kB | 134/243 kB
Progress (4): 8.4/14 MB | 17 kB | 11 kB | 151/243 kB
Progress (4): 8.4/14 MB | 17 kB | 11 kB | 167/243 kB
Progress (4): 8.4/14 MB | 17 kB | 11 kB | 184/243 kB
Progress (4): 8.4/14 MB | 17 kB | 11 kB | 200/243 kB
                                                    
Downloaded from aliyunmaven: https://maven.aliyun.com/repository/public/com/alibaba/nacos/logback-adapter/1.1.4/logback-adapter-1.1.4.jar (17 kB at 31 kB/s)
Progress (3): 8.4/14 MB | 11 kB | 216/243 kB
                                            
Downloading from aliyunmaven: https://maven.aliyun.com/repository/public/io/prometheus/simpleclient/0.16.0/simpleclient-0.16.0.jar
Progress (3): 8.4/14 MB | 11 kB | 233/243 kB
Progress (3): 8.4/14 MB | 11 kB | 243 kB    
Progress (4): 8.4/14 MB | 11 kB | 243 kB | 4.8/909 kB
Progress (4): 8.4/14 MB | 11 kB | 243 kB | 21/909 kB 
Progress (4): 8.4/14 MB | 11 kB | 243 kB | 38/909 kB
Progress (4): 8.4/14 MB | 11 kB | 243 kB | 54/909 kB
Progress (4): 8.4/14 MB | 11 kB | 243 kB | 70/909 kB
Progress (4): 8.4/14 MB | 11 kB | 243 kB | 87/909 kB
Progress (4): 8.4/14 MB | 11 kB | 243 kB | 103/909 kB
Progress (4): 8.4/14 MB | 11 kB | 243 kB | 119/909 kB
Progress (4): 8.4/14 MB | 11 kB | 243 kB | 136/909 kB
Progress (4): 8.4/14 MB | 11 kB | 243 kB | 145/909 kB
Progress (4): 8.4/14 MB | 11 kB | 243 kB | 151/909 kB
Progress (4): 8.4/14 MB | 11 kB | 243 kB | 158/909 kB
Progress (4): 8.4/14 MB | 11 kB | 243 kB | 168/909 kB
Progress (4): 8.4/14 MB | 11 kB | 243 kB | 180/909 kB
Progress (4): 8.4/14 MB | 11 kB | 243 kB | 186/909 kB
Progress (4): 8.4/14 MB | 11 kB | 243 kB | 192/909 kB
Progress (4): 8.4/14 MB | 11 kB | 243 kB | 200/909 kB
Progress (4): 8.4/14 MB | 11 kB | 243 kB | 209/909 kB
Progress (4): 8.4/14 MB | 11 kB | 243 kB | 215/909 kB
Progress (4): 8.4/14 MB | 11 kB | 243 kB | 221/909 kB
Progress (4): 8.4/14 MB | 11 kB | 243 kB | 225/909 kB
Progress (4): 8.4/14 MB | 11 kB | 243 kB | 233/909 kB
Progress (4): 8.4/14 MB | 11 kB | 243 kB | 249/909 kB
Progress (4): 8.4/14 MB | 11 kB | 243 kB | 262/909 kB
Progress (4): 8.4/14 MB | 11 kB | 243 kB | 268/909 kB
Progress (4): 8.4/14 MB | 11 kB | 243 kB | 273/909 kB
Progress (4): 8.4/14 MB | 11 kB | 243 kB | 287/909 kB
Progress (4): 8.4/14 MB | 11 kB | 243 kB | 298/909 kB
Progress (4): 8.4/14 MB | 11 kB | 243 kB | 311/909 kB
Progress (4): 8.4/14 MB | 11 kB | 243 kB | 314/909 kB
Progress (4): 8.4/14 MB | 11 kB | 243 kB | 323/909 kB
Progress (4): 8.4/14 MB | 11 kB | 243 kB | 326/909 kB
Progress (4): 8.4/14 MB | 11 kB | 243 kB | 335/909 kB
Progress (4): 8.4/14 MB | 11 kB | 243 kB | 341/909 kB
Progress (4): 8.4/14 MB | 11 kB | 243 kB | 346/909 kB
Progress (4): 8.4/14 MB | 11 kB | 243 kB | 352/909 kB
Progress (4): 8.4/14 MB | 11 kB | 243 kB | 358/909 kB
Progress (4): 8.4/14 MB | 11 kB | 243 kB | 364/909 kB
Progress (4): 8.4/14 MB | 11 kB | 243 kB | 370/909 kB
Progress (4): 8.4/14 MB | 11 kB | 243 kB | 376/909 kB
Progress (4): 8.4/14 MB | 11 kB | 243 kB | 379/909 kB
Progress (4): 8.4/14 MB | 11 kB | 243 kB | 384/909 kB
Progress (4): 8.4/14 MB | 11 kB | 243 kB | 390/909 kB
Progress (4): 8.4/14 MB | 11 kB | 243 kB | 402/909 kB
Progress (4): 8.4/14 MB | 11 kB | 243 kB | 414/909 kB
Progress (4): 8.4/14 MB | 11 kB | 243 kB | 418/909 kB
Progress (4): 8.4/14 MB | 11 kB | 243 kB | 425/909 kB
Progress (4): 8.4/14 MB | 11 kB | 243 kB | 430/909 kB
Progress (4): 8.4/14 MB | 11 kB | 243 kB | 441/909 kB
Progress (4): 8.4/14 MB | 11 kB | 243 kB | 449/909 kB
Progress (4): 8.4/14 MB | 11 kB | 243 kB | 454/909 kB
Progress (4): 8.4/14 MB | 11 kB | 243 kB | 460/909 kB
Progress (4): 8.4/14 MB | 11 kB | 243 kB | 466/909 kB
Progress (4): 8.4/14 MB | 11 kB | 243 kB | 483/909 kB
Progress (4): 8.4/14 MB | 11 kB | 243 kB | 484/909 kB
Progress (4): 8.4/14 MB | 11 kB | 243 kB | 488/909 kB
Progress (4): 8.4/14 MB | 11 kB | 243 kB | 497/909 kB
Progress (4): 8.4/14 MB | 11 kB | 243 kB | 501/909 kB
Progress (4): 8.4/14 MB | 11 kB | 243 kB | 508/909 kB
Progress (4): 8.4/14 MB | 11 kB | 243 kB | 519/909 kB
Progress (4): 8.4/14 MB | 11 kB | 243 kB | 524/909 kB
Progress (4): 8.4/14 MB | 11 kB | 243 kB | 532/909 kB
Progress (4): 8.4/14 MB | 11 kB | 243 kB | 536/909 kB
Progress (4): 8.4/14 MB | 11 kB | 243 kB | 543/909 kB
Progress (5): 8.4/14 MB | 11 kB | 243 kB | 543/909 kB | 7.3/90 kB
Progress (5): 8.4/14 MB | 11 kB | 243 kB | 543/909 kB | 15/90 kB 
Progress (5): 8.4/14 MB | 11 kB | 243 kB | 543/909 kB | 32/90 kB
Progress (5): 8.4/14 MB | 11 kB | 243 kB | 543/909 kB | 48/90 kB
                                                                
Downloaded from aliyunmaven: https://maven.aliyun.com/repository/public/com/alibaba/nacos/nacos-log4j2-adapter/3.0.3/nacos-log4j2-adapter-3.0.3.jar (11 kB at 20 kB/s)
Progress (4): 8.4/14 MB | 243 kB | 543/909 kB | 65/90 kB
                                                        
Downloading from aliyunmaven: https://maven.aliyun.com/repository/public/io/prometheus/simpleclient_tracer_otel/0.16.0/simpleclient_tracer_otel-0.16.0.jar
Progress (4): 8.4/14 MB | 243 kB | 543/909 kB | 81/90 kB
Progress (4): 8.4/14 MB | 243 kB | 543/909 kB | 90 kB   
Progress (4): 8.4/14 MB | 243 kB | 549/909 kB | 90 kB
Progress (4): 8.4/14 MB | 243 kB | 560/909 kB | 90 kB
Progress (4): 8.4/14 MB | 243 kB | 576/909 kB | 90 kB
Progress (4): 8.4/14 MB | 243 kB | 591/909 kB | 90 kB
Progress (4): 8.4/14 MB | 243 kB | 607/909 kB | 90 kB
Progress (4): 8.4/14 MB | 243 kB | 623/909 kB | 90 kB
Progress (4): 8.4/14 MB | 243 kB | 640/909 kB | 90 kB
Progress (4): 8.4/14 MB | 243 kB | 656/909 kB | 90 kB
Progress (4): 8.4/14 MB | 243 kB | 663/909 kB | 90 kB
Progress (4): 8.4/14 MB | 243 kB | 675/909 kB | 90 kB
Progress (4): 8.4/14 MB | 243 kB | 683/909 kB | 90 kB
Progress (4): 8.4/14 MB | 243 kB | 689/909 kB | 90 kB
Progress (4): 8.4/14 MB | 243 kB | 692/909 kB | 90 kB
Progress (4): 8.4/14 MB | 243 kB | 695/909 kB | 90 kB
Progress (4): 8.4/14 MB | 243 kB | 704/909 kB | 90 kB
Progress (4): 8.4/14 MB | 243 kB | 711/909 kB | 90 kB
Progress (4): 8.4/14 MB | 243 kB | 714/909 kB | 90 kB
Progress (4): 8.4/14 MB | 243 kB | 717/909 kB | 90 kB
Progress (4): 8.4/14 MB | 243 kB | 721/909 kB | 90 kB
Progress (4): 8.4/14 MB | 243 kB | 724/909 kB | 90 kB
Progress (4): 8.4/14 MB | 243 kB | 733/909 kB | 90 kB
Progress (4): 8.4/14 MB | 243 kB | 740/909 kB | 90 kB
Progress (4): 8.4/14 MB | 243 kB | 745/909 kB | 90 kB
Progress (4): 8.4/14 MB | 243 kB | 748/909 kB | 90 kB
Progress (4): 8.4/14 MB | 243 kB | 759/909 kB | 90 kB
Progress (4): 8.4/14 MB | 243 kB | 767/909 kB | 90 kB
Progress (4): 8.4/14 MB | 243 kB | 771/909 kB | 90 kB
Progress (4): 8.4/14 MB | 243 kB | 783/909 kB | 90 kB
Progress (4): 8.4/14 MB | 243 kB | 794/909 kB | 90 kB
Progress (4): 8.4/14 MB | 243 kB | 802/909 kB | 90 kB
Progress (4): 8.4/14 MB | 243 kB | 808/909 kB | 90 kB
Progress (4): 8.4/14 MB | 243 kB | 812/909 kB | 90 kB
Progress (4): 8.4/14 MB | 243 kB | 818/909 kB | 90 kB
Progress (4): 8.4/14 MB | 243 kB | 834/909 kB | 90 kB
Progress (4): 8.4/14 MB | 243 kB | 844/909 kB | 90 kB
Progress (4): 8.4/14 MB | 243 kB | 860/909 kB | 90 kB
Progress (4): 8.4/14 MB | 243 kB | 867/909 kB | 90 kB
Progress (4): 8.4/14 MB | 243 kB | 876/909 kB | 90 kB
Progress (4): 8.4/14 MB | 243 kB | 882/909 kB | 90 kB
Progress (4): 8.4/14 MB | 243 kB | 888/909 kB | 90 kB
Progress (4): 8.4/14 MB | 243 kB | 904/909 kB | 90 kB
Progress (4): 8.4/14 MB | 243 kB | 909 kB | 90 kB    
Progress (5): 8.4/14 MB | 243 kB | 909 kB | 90 kB | 3.4/4.3 kB
Progress (5): 8.4/14 MB | 243 kB | 909 kB | 90 kB | 4.3 kB    
Progress (5): 8.4/14 MB | 243 kB | 909 kB | 90 kB | 4.3 kB
Progress (5): 8.4/14 MB | 243 kB | 909 kB | 90 kB | 4.3 kB
Progress (5): 8.4/14 MB | 243 kB | 909 kB | 90 kB | 4.3 kB
Progress (5): 8.5/14 MB | 243 kB | 909 kB | 90 kB | 4.3 kB
Progress (5): 8.5/14 MB | 243 kB | 909 kB | 90 kB | 4.3 kB
Progress (5): 8.5/14 MB | 243 kB | 909 kB | 90 kB | 4.3 kB
Progress (5): 8.5/14 MB | 243 kB | 909 kB | 90 kB | 4.3 kB
Progress (5): 8.5/14 MB | 243 kB | 909 kB | 90 kB | 4.3 kB
Progress (5): 8.5/14 MB | 243 kB | 909 kB | 90 kB | 4.3 kB
Progress (5): 8.6/14 MB | 243 kB | 909 kB | 90 kB | 4.3 kB
Progress (5): 8.6/14 MB | 243 kB | 909 kB | 90 kB | 4.3 kB
Progress (5): 8.6/14 MB | 243 kB | 909 kB | 90 kB | 4.3 kB
Progress (5): 8.6/14 MB | 243 kB | 909 kB | 90 kB | 4.3 kB
Progress (5): 8.6/14 MB | 243 kB | 909 kB | 90 kB | 4.3 kB
Progress (5): 8.6/14 MB | 243 kB | 909 kB | 90 kB | 4.3 kB
Progress (5): 8.7/14 MB | 243 kB | 909 kB | 90 kB | 4.3 kB
Progress (5): 8.7/14 MB | 243 kB | 909 kB | 90 kB | 4.3 kB
Progress (5): 8.7/14 MB | 243 kB | 909 kB | 90 kB | 4.3 kB
Progress (5): 8.7/14 MB | 243 kB | 909 kB | 90 kB | 4.3 kB
Progress (5): 8.7/14 MB | 243 kB | 909 kB | 90 kB | 4.3 kB
Progress (5): 8.7/14 MB | 243 kB | 909 kB | 90 kB | 4.3 kB
Progress (5): 8.7/14 MB | 243 kB | 909 kB | 90 kB | 4.3 kB
Progress (5): 8.8/14 MB | 243 kB | 909 kB | 90 kB | 4.3 kB
Progress (5): 8.8/14 MB | 243 kB | 909 kB | 90 kB | 4.3 kB
Progress (5): 8.8/14 MB | 243 kB | 909 kB | 90 kB | 4.3 kB
                                                          
Downloaded from aliyunmaven: https://maven.aliyun.com/repository/public/org/apache/httpcomponents/core5/httpcore5-h2/5.3.6/httpcore5-h2-5.3.6.jar (243 kB at 406 kB/s)
Downloading from aliyunmaven: https://maven.aliyun.com/repository/public/io/prometheus/simpleclient_tracer_common/0.16.0/simpleclient_tracer_common-0.16.0.jar
Progress (4): 8.8/14 MB | 909 kB | 90 kB | 4.3 kB
Progress (4): 8.8/14 MB | 909 kB | 90 kB | 4.3 kB
Progress (4): 8.8/14 MB | 909 kB | 90 kB | 4.3 kB
Progress (4): 8.9/14 MB | 909 kB | 90 kB | 4.3 kB
Progress (4): 8.9/14 MB | 909 kB | 90 kB | 4.3 kB
Progress (4): 8.9/14 MB | 909 kB | 90 kB | 4.3 kB
Progress (4): 8.9/14 MB | 909 kB | 90 kB | 4.3 kB
Progress (5): 8.9/14 MB | 909 kB | 90 kB | 4.3 kB | 3.4 kB
                                                          
Downloaded from aliyunmaven: https://maven.aliyun.com/repository/public/org/apache/httpcomponents/core5/httpcore5/5.3.6/httpcore5-5.3.6.jar (909 kB at 1.5 MB/s)
Downloading from aliyunmaven: https://maven.aliyun.com/repository/public/io/prometheus/simpleclient_tracer_otel_agent/0.16.0/simpleclient_tracer_otel_agent-0.16.0.jar
Progress (4): 8.9/14 MB | 90 kB | 4.3 kB | 3.4 kB
Progress (4): 8.9/14 MB | 90 kB | 4.3 kB | 3.4 kB
Progress (4): 8.9/14 MB | 90 kB | 4.3 kB | 3.4 kB
Progress (4): 9.0/14 MB | 90 kB | 4.3 kB | 3.4 kB
Progress (4): 9.0/14 MB | 90 kB | 4.3 kB | 3.4 kB
Progress (4): 9.0/14 MB | 90 kB | 4.3 kB | 3.4 kB
Progress (4): 9.0/14 MB | 90 kB | 4.3 kB | 3.4 kB
Progress (4): 9.0/14 MB | 90 kB | 4.3 kB | 3.4 kB
Progress (4): 9.0/14 MB | 90 kB | 4.3 kB | 3.4 kB
Progress (4): 9.1/14 MB | 90 kB | 4.3 kB | 3.4 kB
Progress (4): 9.1/14 MB | 90 kB | 4.3 kB | 3.4 kB
Progress (4): 9.1/14 MB | 90 kB | 4.3 kB | 3.4 kB
Progress (4): 9.1/14 MB | 90 kB | 4.3 kB | 3.4 kB
Progress (4): 9.1/14 MB | 90 kB | 4.3 kB | 3.4 kB
Progress (4): 9.1/14 MB | 90 kB | 4.3 kB | 3.4 kB
Progress (4): 9.2/14 MB | 90 kB | 4.3 kB | 3.4 kB
Progress (4): 9.2/14 MB | 90 kB | 4.3 kB | 3.4 kB
Progress (4): 9.2/14 MB | 90 kB | 4.3 kB | 3.4 kB
Progress (4): 9.2/14 MB | 90 kB | 4.3 kB | 3.4 kB
Progress (4): 9.2/14 MB | 90 kB | 4.3 kB | 3.4 kB
Progress (4): 9.2/14 MB | 90 kB | 4.3 kB | 3.4 kB
Progress (4): 9.3/14 MB | 90 kB | 4.3 kB | 3.4 kB
Progress (4): 9.3/14 MB | 90 kB | 4.3 kB | 3.4 kB
                                                 
Downloaded from aliyunmaven: https://maven.aliyun.com/repository/public/io/prometheus/simpleclient/0.16.0/simpleclient-0.16.0.jar (90 kB at 145 kB/s)
Downloading from aliyunmaven: https://maven.aliyun.com/repository/public/io/micrometer/micrometer-core/1.15.12/micrometer-core-1.15.12.jar
Progress (3): 9.3/14 MB | 4.3 kB | 3.4 kB
Progress (3): 9.3/14 MB | 4.3 kB | 3.4 kB
Progress (3): 9.3/14 MB | 4.3 kB | 3.4 kB
Progress (3): 9.3/14 MB | 4.3 kB | 3.4 kB
Progress (3): 9.4/14 MB | 4.3 kB | 3.4 kB
Progress (3): 9.4/14 MB | 4.3 kB | 3.4 kB
Progress (3): 9.4/14 MB | 4.3 kB | 3.4 kB
Progress (3): 9.4/14 MB | 4.3 kB | 3.4 kB
Progress (3): 9.4/14 MB | 4.3 kB | 3.4 kB
Progress (3): 9.4/14 MB | 4.3 kB | 3.4 kB
Progress (4): 9.4/14 MB | 4.3 kB | 3.4 kB | 4.6 kB
Progress (5): 9.4/14 MB | 4.3 kB | 3.4 kB | 4.6 kB | 6.3/867 kB
Progress (5): 9.4/14 MB | 4.3 kB | 3.4 kB | 4.6 kB | 23/867 kB 
Progress (5): 9.4/14 MB | 4.3 kB | 3.4 kB | 4.6 kB | 39/867 kB
Progress (5): 9.4/14 MB | 4.3 kB | 3.4 kB | 4.6 kB | 55/867 kB
Progress (5): 9.4/14 MB | 4.3 kB | 3.4 kB | 4.6 kB | 60/867 kB
Progress (5): 9.4/14 MB | 4.3 kB | 3.4 kB | 4.6 kB | 68/867 kB
Progress (5): 9.4/14 MB | 4.3 kB | 3.4 kB | 4.6 kB | 75/867 kB
Progress (5): 9.4/14 MB | 4.3 kB | 3.4 kB | 4.6 kB | 79/867 kB
Progress (5): 9.4/14 MB | 4.3 kB | 3.4 kB | 4.6 kB | 96/867 kB
Progress (5): 9.4/14 MB | 4.3 kB | 3.4 kB | 4.6 kB | 103/867 kB
Progress (5): 9.4/14 MB | 4.3 kB | 3.4 kB | 4.6 kB | 117/867 kB
Progress (5): 9.4/14 MB | 4.3 kB | 3.4 kB | 4.6 kB | 134/867 kB
Progress (5): 9.4/14 MB | 4.3 kB | 3.4 kB | 4.6 kB | 138/867 kB
Progress (5): 9.4/14 MB | 4.3 kB | 3.4 kB | 4.6 kB | 149/867 kB
Progress (5): 9.4/14 MB | 4.3 kB | 3.4 kB | 4.6 kB | 161/867 kB
Progress (5): 9.4/14 MB | 4.3 kB | 3.4 kB | 4.6 kB | 177/867 kB
Progress (5): 9.4/14 MB | 4.3 kB | 3.4 kB | 4.6 kB | 194/867 kB
Progress (5): 9.4/14 MB | 4.3 kB | 3.4 kB | 4.6 kB | 210/867 kB
Progress (5): 9.4/14 MB | 4.3 kB | 3.4 kB | 4.6 kB | 227/867 kB
Progress (5): 9.4/14 MB | 4.3 kB | 3.4 kB | 4.6 kB | 243/867 kB
Progress (5): 9.4/14 MB | 4.3 kB | 3.4 kB | 4.6 kB | 259/867 kB
Progress (5): 9.4/14 MB | 4.3 kB | 3.4 kB | 4.6 kB | 276/867 kB
Progress (5): 9.4/14 MB | 4.3 kB | 3.4 kB | 4.6 kB | 292/867 kB
Progress (5): 9.4/14 MB | 4.3 kB | 3.4 kB | 4.6 kB | 308/867 kB
Progress (5): 9.4/14 MB | 4.3 kB | 3.4 kB | 4.6 kB | 325/867 kB
Progress (5): 9.4/14 MB | 4.3 kB | 3.4 kB | 4.6 kB | 341/867 kB
Progress (5): 9.4/14 MB | 4.3 kB | 3.4 kB | 4.6 kB | 358/867 kB
Progress (5): 9.4/14 MB | 4.3 kB | 3.4 kB | 4.6 kB | 374/867 kB
Progress (5): 9.4/14 MB | 4.3 kB | 3.4 kB | 4.6 kB | 390/867 kB
Progress (5): 9.4/14 MB | 4.3 kB | 3.4 kB | 4.6 kB | 407/867 kB
Progress (5): 9.4/14 MB | 4.3 kB | 3.4 kB | 4.6 kB | 423/867 kB
Progress (5): 9.4/14 MB | 4.3 kB | 3.4 kB | 4.6 kB | 440/867 kB
Progress (5): 9.4/14 MB | 4.3 kB | 3.4 kB | 4.6 kB | 456/867 kB
Progress (5): 9.4/14 MB | 4.3 kB | 3.4 kB | 4.6 kB | 472/867 kB
Progress (5): 9.4/14 MB | 4.3 kB | 3.4 kB | 4.6 kB | 489/867 kB
Progress (5): 9.4/14 MB | 4.3 kB | 3.4 kB | 4.6 kB | 505/867 kB
Progress (5): 9.4/14 MB | 4.3 kB | 3.4 kB | 4.6 kB | 521/867 kB
Progress (5): 9.4/14 MB | 4.3 kB | 3.4 kB | 4.6 kB | 538/867 kB
Progress (5): 9.4/14 MB | 4.3 kB | 3.4 kB | 4.6 kB | 554/867 kB
Progress (5): 9.4/14 MB | 4.3 kB | 3.4 kB | 4.6 kB | 571/867 kB
Progress (5): 9.4/14 MB | 4.3 kB | 3.4 kB | 4.6 kB | 587/867 kB
Progress (5): 9.4/14 MB | 4.3 kB | 3.4 kB | 4.6 kB | 603/867 kB
Progress (5): 9.4/14 MB | 4.3 kB | 3.4 kB | 4.6 kB | 620/867 kB
Progress (5): 9.4/14 MB | 4.3 kB | 3.4 kB | 4.6 kB | 636/867 kB
Progress (5): 9.4/14 MB | 4.3 kB | 3.4 kB | 4.6 kB | 653/867 kB
Progress (5): 9.4/14 MB | 4.3 kB | 3.4 kB | 4.6 kB | 669/867 kB
Progress (5): 9.4/14 MB | 4.3 kB | 3.4 kB | 4.6 kB | 685/867 kB
Progress (5): 9.4/14 MB | 4.3 kB | 3.4 kB | 4.6 kB | 702/867 kB
Progress (5): 9.4/14 MB | 4.3 kB | 3.4 kB | 4.6 kB | 718/867 kB
Progress (5): 9.4/14 MB | 4.3 kB | 3.4 kB | 4.6 kB | 734/867 kB
Progress (5): 9.4/14 MB | 4.3 kB | 3.4 kB | 4.6 kB | 751/867 kB
Progress (5): 9.4/14 MB | 4.3 kB | 3.4 kB | 4.6 kB | 767/867 kB
Progress (5): 9.4/14 MB | 4.3 kB | 3.4 kB | 4.6 kB | 784/867 kB
Progress (5): 9.4/14 MB | 4.3 kB | 3.4 kB | 4.6 kB | 800/867 kB
Progress (5): 9.4/14 MB | 4.3 kB | 3.4 kB | 4.6 kB | 816/867 kB
Progress (5): 9.4/14 MB | 4.3 kB | 3.4 kB | 4.6 kB | 833/867 kB
Progress (5): 9.4/14 MB | 4.3 kB | 3.4 kB | 4.6 kB | 849/867 kB
Progress (5): 9.4/14 MB | 4.3 kB | 3.4 kB | 4.6 kB | 866/867 kB
Progress (5): 9.4/14 MB | 4.3 kB | 3.4 kB | 4.6 kB | 867 kB    
                                                           
Downloaded from aliyunmaven: https://maven.aliyun.com/repository/public/io/prometheus/simpleclient_tracer_otel/0.16.0/simpleclient_tracer_otel-0.16.0.jar (4.3 kB at 6.5 kB/s)
Downloading from aliyunmaven: https://maven.aliyun.com/repository/public/org/hdrhistogram/HdrHistogram/2.2.2/HdrHistogram-2.2.2.jar
Downloaded from aliyunmaven: https://maven.aliyun.com/repository/public/io/prometheus/simpleclient_tracer_common/0.16.0/simpleclient_tracer_common-0.16.0.jar (3.4 kB at 5.0 kB/s)
Downloading from aliyunmaven: https://maven.aliyun.com/repository/public/org/latencyutils/LatencyUtils/2.0.3/LatencyUtils-2.0.3.jar
Progress (4): 9.4/14 MB | 4.6 kB | 867 kB | 7.3/30 kB
Progress (4): 9.4/14 MB | 4.6 kB | 867 kB | 15/30 kB 
Progress (4): 9.4/14 MB | 4.6 kB | 867 kB | 30 kB   
Progress (4): 9.4/14 MB | 4.6 kB | 867 kB | 30 kB
Progress (4): 9.5/14 MB | 4.6 kB | 867 kB | 30 kB
Progress (4): 9.5/14 MB | 4.6 kB | 867 kB | 30 kB
Progress (4): 9.5/14 MB | 4.6 kB | 867 kB | 30 kB
Progress (4): 9.5/14 MB | 4.6 kB | 867 kB | 30 kB
Progress (4): 9.5/14 MB | 4.6 kB | 867 kB | 30 kB
Progress (4): 9.5/14 MB | 4.6 kB | 867 kB | 30 kB
Progress (4): 9.5/14 MB | 4.6 kB | 867 kB | 30 kB
Progress (4): 9.6/14 MB | 4.6 kB | 867 kB | 30 kB
Progress (4): 9.6/14 MB | 4.6 kB | 867 kB | 30 kB
Progress (4): 9.6/14 MB | 4.6 kB | 867 kB | 30 kB
Progress (4): 9.6/14 MB | 4.6 kB | 867 kB | 30 kB
Progress (4): 9.6/14 MB | 4.6 kB | 867 kB | 30 kB
Progress (4): 9.6/14 MB | 4.6 kB | 867 kB | 30 kB
Progress (4): 9.7/14 MB | 4.6 kB | 867 kB | 30 kB
Progress (4): 9.7/14 MB | 4.6 kB | 867 kB | 30 kB
                                                 
Downloaded from aliyunmaven: https://maven.aliyun.com/repository/public/io/prometheus/simpleclient_tracer_otel_agent/0.16.0/simpleclient_tracer_otel_agent-0.16.0.jar (4.6 kB at 6.6 kB/s)
Progress (3): 9.7/14 MB | 867 kB | 30 kB
Progress (3): 9.7/14 MB | 867 kB | 30 kB
Progress (3): 9.7/14 MB | 867 kB | 30 kB
Progress (3): 9.7/14 MB | 867 kB | 30 kB
Progress (3): 9.8/14 MB | 867 kB | 30 kB
                                        
Downloaded from aliyunmaven: https://maven.aliyun.com/repository/public/io/micrometer/micrometer-core/1.15.12/micrometer-core-1.15.12.jar (867 kB at 1.2 MB/s)
Progress (2): 9.8/14 MB | 30 kB
Progress (2): 9.8/14 MB | 30 kB
Progress (2): 9.8/14 MB | 30 kB
Progress (2): 9.8/14 MB | 30 kB
Progress (2): 9.8/14 MB | 30 kB
Progress (3): 9.8/14 MB | 30 kB | 3.4/177 kB
Progress (3): 9.9/14 MB | 30 kB | 3.4/177 kB
Progress (3): 9.9/14 MB | 30 kB | 20/177 kB 
Progress (3): 9.9/14 MB | 30 kB | 21/177 kB
Progress (3): 9.9/14 MB | 30 kB | 21/177 kB
Progress (3): 9.9/14 MB | 30 kB | 21/177 kB
Progress (3): 9.9/14 MB | 30 kB | 37/177 kB
Progress (3): 9.9/14 MB | 30 kB | 37/177 kB
Progress (3): 9.9/14 MB | 30 kB | 54/177 kB
Progress (3): 9.9/14 MB | 30 kB | 63/177 kB
Progress (3): 9.9/14 MB | 30 kB | 63/177 kB
Progress (3): 9.9/14 MB | 30 kB | 63/177 kB
Progress (3): 10.0/14 MB | 30 kB | 63/177 kB
Progress (3): 10.0/14 MB | 30 kB | 63/177 kB
Progress (3): 10.0/14 MB | 30 kB | 69/177 kB
Progress (3): 10.0/14 MB | 30 kB | 75/177 kB
Progress (3): 10.0/14 MB | 30 kB | 85/177 kB
Progress (3): 10.0/14 MB | 30 kB | 97/177 kB
Progress (3): 10.0/14 MB | 30 kB | 113/177 kB
Progress (3): 10.0/14 MB | 30 kB | 122/177 kB
Progress (3): 10.0/14 MB | 30 kB | 138/177 kB
Progress (3): 10.0/14 MB | 30 kB | 149/177 kB
Progress (3): 10.0/14 MB | 30 kB | 152/177 kB
Progress (3): 10.0/14 MB | 30 kB | 158/177 kB
Progress (3): 10.0/14 MB | 30 kB | 165/177 kB
Progress (3): 10.0/14 MB | 30 kB | 177 kB    
                                         
Downloaded from aliyunmaven: https://maven.aliyun.com/repository/public/org/hdrhistogram/HdrHistogram/2.2.2/HdrHistogram-2.2.2.jar (177 kB at 241 kB/s)
Progress (2): 10.0/14 MB | 30 kB
Progress (2): 10.0/14 MB | 30 kB
Progress (2): 10.0/14 MB | 30 kB
Progress (2): 10.0/14 MB | 30 kB
Progress (2): 10/14 MB | 30 kB  
Progress (2): 10/14 MB | 30 kB
Progress (2): 10/14 MB | 30 kB
Progress (2): 10/14 MB | 30 kB
Progress (2): 10/14 MB | 30 kB
Progress (2): 10/14 MB | 30 kB
Progress (2): 10/14 MB | 30 kB
Progress (2): 10/14 MB | 30 kB
Progress (2): 10/14 MB | 30 kB
Progress (2): 10/14 MB | 30 kB
Progress (2): 10/14 MB | 30 kB
Progress (2): 10/14 MB | 30 kB
Progress (2): 10/14 MB | 30 kB
Progress (2): 10/14 MB | 30 kB
Progress (2): 10/14 MB | 30 kB
Progress (2): 10/14 MB | 30 kB
Progress (2): 10/14 MB | 30 kB
Progress (2): 10/14 MB | 30 kB
Progress (2): 10/14 MB | 30 kB
Progress (2): 10/14 MB | 30 kB
Progress (2): 10/14 MB | 30 kB
Progress (2): 10/14 MB | 30 kB
Progress (2): 10/14 MB | 30 kB
Progress (2): 10/14 MB | 30 kB
Progress (2): 10/14 MB | 30 kB
Progress (2): 10/14 MB | 30 kB
Progress (2): 10/14 MB | 30 kB
Progress (2): 10/14 MB | 30 kB
Progress (2): 10/14 MB | 30 kB
Progress (2): 10/14 MB | 30 kB
Progress (2): 10/14 MB | 30 kB
Progress (2): 11/14 MB | 30 kB
Progress (2): 11/14 MB | 30 kB
Progress (2): 11/14 MB | 30 kB
Progress (2): 11/14 MB | 30 kB
Progress (2): 11/14 MB | 30 kB
Progress (2): 11/14 MB | 30 kB
Progress (2): 11/14 MB | 30 kB
Progress (2): 11/14 MB | 30 kB
Progress (2): 11/14 MB | 30 kB
Progress (2): 11/14 MB | 30 kB
Progress (2): 11/14 MB | 30 kB
Progress (2): 11/14 MB | 30 kB
Progress (2): 11/14 MB | 30 kB
Progress (2): 11/14 MB | 30 kB
Progress (2): 11/14 MB | 30 kB
Progress (2): 11/14 MB | 30 kB
Progress (2): 11/14 MB | 30 kB
Progress (2): 11/14 MB | 30 kB
Progress (2): 11/14 MB | 30 kB
Progress (2): 11/14 MB | 30 kB
Progress (2): 11/14 MB | 30 kB
Progress (2): 11/14 MB | 30 kB
Progress (2): 11/14 MB | 30 kB
Progress (2): 11/14 MB | 30 kB
Progress (2): 11/14 MB | 30 kB
Progress (2): 11/14 MB | 30 kB
Progress (2): 11/14 MB | 30 kB
Progress (2): 11/14 MB | 30 kB
Progress (2): 11/14 MB | 30 kB
Progress (2): 11/14 MB | 30 kB
Progress (2): 11/14 MB | 30 kB
Progress (2): 11/14 MB | 30 kB
Progress (2): 11/14 MB | 30 kB
Progress (2): 11/14 MB | 30 kB
Progress (2): 11/14 MB | 30 kB
Progress (2): 11/14 MB | 30 kB
Progress (2): 11/14 MB | 30 kB
Progress (2): 11/14 MB | 30 kB
Progress (2): 11/14 MB | 30 kB
Progress (2): 11/14 MB | 30 kB
Progress (2): 11/14 MB | 30 kB
Progress (2): 11/14 MB | 30 kB
Progress (2): 11/14 MB | 30 kB
Progress (2): 11/14 MB | 30 kB
Progress (2): 11/14 MB | 30 kB
Progress (2): 11/14 MB | 30 kB
Progress (2): 11/14 MB | 30 kB
Progress (2): 11/14 MB | 30 kB
Progress (2): 11/14 MB | 30 kB
Progress (2): 11/14 MB | 30 kB
Progress (2): 11/14 MB | 30 kB
Progress (2): 11/14 MB | 30 kB
Progress (2): 11/14 MB | 30 kB
Progress (2): 11/14 MB | 30 kB
Progress (2): 11/14 MB | 30 kB
Progress (2): 11/14 MB | 30 kB
Progress (2): 11/14 MB | 30 kB
Progress (2): 11/14 MB | 30 kB
Progress (2): 11/14 MB | 30 kB
Progress (2): 11/14 MB | 30 kB
Progress (2): 11/14 MB | 30 kB
Progress (2): 11/14 MB | 30 kB
Progress (2): 11/14 MB | 30 kB
Progress (2): 11/14 MB | 30 kB
Progress (2): 11/14 MB | 30 kB
Progress (2): 11/14 MB | 30 kB
Progress (2): 11/14 MB | 30 kB
Progress (2): 11/14 MB | 30 kB
Progress (2): 11/14 MB | 30 kB
Progress (2): 11/14 MB | 30 kB
Progress (2): 11/14 MB | 30 kB
Progress (2): 11/14 MB | 30 kB
Progress (2): 12/14 MB | 30 kB
Progress (2): 12/14 MB | 30 kB
Progress (2): 12/14 MB | 30 kB
Progress (2): 12/14 MB | 30 kB
Progress (2): 12/14 MB | 30 kB
Progress (2): 12/14 MB | 30 kB
Progress (2): 12/14 MB | 30 kB
Progress (2): 12/14 MB | 30 kB
Progress (2): 12/14 MB | 30 kB
Progress (2): 12/14 MB | 30 kB
Progress (2): 12/14 MB | 30 kB
Progress (2): 12/14 MB | 30 kB
Progress (2): 12/14 MB | 30 kB
Progress (2): 12/14 MB | 30 kB
Progress (2): 12/14 MB | 30 kB
Progress (2): 12/14 MB | 30 kB
Progress (2): 12/14 MB | 30 kB
Progress (2): 12/14 MB | 30 kB
Progress (2): 12/14 MB | 30 kB
Progress (2): 12/14 MB | 30 kB
Progress (2): 12/14 MB | 30 kB
Progress (2): 12/14 MB | 30 kB
Progress (2): 12/14 MB | 30 kB
Progress (2): 12/14 MB | 30 kB
Progress (2): 12/14 MB | 30 kB
Progress (2): 12/14 MB | 30 kB
Progress (2): 12/14 MB | 30 kB
Progress (2): 12/14 MB | 30 kB
Progress (2): 12/14 MB | 30 kB
Progress (2): 12/14 MB | 30 kB
Progress (2): 12/14 MB | 30 kB
Progress (2): 12/14 MB | 30 kB
Progress (2): 12/14 MB | 30 kB
Progress (2): 12/14 MB | 30 kB
Progress (2): 12/14 MB | 30 kB
Progress (2): 12/14 MB | 30 kB
Progress (2): 12/14 MB | 30 kB
Progress (2): 12/14 MB | 30 kB
Progress (2): 12/14 MB | 30 kB
Progress (2): 12/14 MB | 30 kB
Progress (2): 12/14 MB | 30 kB
Progress (2): 12/14 MB | 30 kB
Progress (2): 12/14 MB | 30 kB
Progress (2): 12/14 MB | 30 kB
Progress (2): 12/14 MB | 30 kB
Progress (2): 12/14 MB | 30 kB
Progress (2): 12/14 MB | 30 kB
Progress (2): 12/14 MB | 30 kB
Progress (2): 12/14 MB | 30 kB
Progress (2): 12/14 MB | 30 kB
Progress (2): 12/14 MB | 30 kB
Progress (2): 12/14 MB | 30 kB
Progress (2): 12/14 MB | 30 kB
Progress (2): 12/14 MB | 30 kB
Progress (2): 12/14 MB | 30 kB
Progress (2): 12/14 MB | 30 kB
Progress (2): 12/14 MB | 30 kB
Progress (2): 12/14 MB | 30 kB
Progress (2): 12/14 MB | 30 kB
Progress (2): 12/14 MB | 30 kB
Progress (2): 12/14 MB | 30 kB
Progress (2): 12/14 MB | 30 kB
Progress (2): 12/14 MB | 30 kB
Progress (2): 12/14 MB | 30 kB
Progress (2): 12/14 MB | 30 kB
Progress (2): 12/14 MB | 30 kB
Progress (2): 12/14 MB | 30 kB
Progress (2): 12/14 MB | 30 kB
Progress (2): 12/14 MB | 30 kB
Progress (2): 12/14 MB | 30 kB
Progress (2): 12/14 MB | 30 kB
Progress (2): 12/14 MB | 30 kB
Progress (2): 12/14 MB | 30 kB
Progress (2): 13/14 MB | 30 kB
Progress (2): 13/14 MB | 30 kB
Progress (2): 13/14 MB | 30 kB
Progress (2): 13/14 MB | 30 kB
Progress (2): 13/14 MB | 30 kB
Progress (2): 13/14 MB | 30 kB
                              
Downloaded from aliyunmaven: https://maven.aliyun.com/repository/public/org/latencyutils/LatencyUtils/2.0.3/LatencyUtils-2.0.3.jar (30 kB at 32 kB/s)
Progress (1): 13/14 MB
Progress (1): 13/14 MB
Progress (1): 13/14 MB
Progress (1): 13/14 MB
Progress (1): 13/14 MB
Progress (1): 13/14 MB
Progress (1): 13/14 MB
Progress (1): 13/14 MB
Progress (1): 13/14 MB
Progress (1): 13/14 MB
Progress (1): 13/14 MB
Progress (1): 13/14 MB
Progress (1): 13/14 MB
Progress (1): 13/14 MB
Progress (1): 13/14 MB
Progress (1): 13/14 MB
Progress (1): 13/14 MB
Progress (1): 13/14 MB
Progress (1): 13/14 MB
Progress (1): 13/14 MB
Progress (1): 13/14 MB
Progress (1): 13/14 MB
Progress (1): 13/14 MB
Progress (1): 13/14 MB
Progress (1): 13/14 MB
Progress (1): 13/14 MB
Progress (1): 13/14 MB
Progress (1): 13/14 MB
Progress (1): 13/14 MB
Progress (1): 13/14 MB
Progress (1): 13/14 MB
Progress (1): 13/14 MB
Progress (1): 13/14 MB
Progress (1): 13/14 MB
Progress (1): 13/14 MB
Progress (1): 13/14 MB
Progress (1): 13/14 MB
Progress (1): 13/14 MB
Progress (1): 13/14 MB
Progress (1): 13/14 MB
Progress (1): 13/14 MB
Progress (1): 13/14 MB
Progress (1): 13/14 MB
Progress (1): 13/14 MB
Progress (1): 13/14 MB
Progress (1): 13/14 MB
Progress (1): 13/14 MB
Progress (1): 13/14 MB
Progress (1): 13/14 MB
Progress (1): 13/14 MB
Progress (1): 13/14 MB
Progress (1): 13/14 MB
Progress (1): 13/14 MB
Progress (1): 13/14 MB
Progress (1): 13/14 MB
Progress (1): 13/14 MB
Progress (1): 13/14 MB
Progress (1): 13/14 MB
Progress (1): 13/14 MB
Progress (1): 13/14 MB
Progress (1): 13/14 MB
Progress (1): 13/14 MB
Progress (1): 14/14 MB
Progress (1): 14/14 MB
Progress (1): 14/14 MB
Progress (1): 14/14 MB
Progress (1): 14/14 MB
Progress (1): 14/14 MB
Progress (1): 14/14 MB
Progress (1): 14/14 MB
Progress (1): 14/14 MB
Progress (1): 14/14 MB
Progress (1): 14/14 MB
Progress (1): 14/14 MB
Progress (1): 14/14 MB
Progress (1): 14/14 MB
Progress (1): 14/14 MB
Progress (1): 14/14 MB
Progress (1): 14/14 MB
Progress (1): 14/14 MB
Progress (1): 14/14 MB
Progress (1): 14/14 MB
Progress (1): 14/14 MB
Progress (1): 14 MB   
                   
Downloaded from aliyunmaven: https://maven.aliyun.com/repository/public/com/alibaba/nacos/nacos-client/3.0.3/nacos-client-3.0.3.jar (14 MB at 13 MB/s)
[INFO] 
[INFO] --- clean:3.2.0:clean (default-clean) @ mall-gateway ---
[INFO] Deleting D:\Desktop\ai-platform\implementation\ai-platform-backend\mall-gateway\target
[INFO] 
[INFO] --- enforcer:3.5.0:enforce (enforce-environment) @ mall-gateway ---
[INFO] 
[INFO] --- resources:3.3.1:resources (default-resources) @ mall-gateway ---
[INFO] Copying 1 resource from src\main\resources to target\classes
[INFO] 
[INFO] --- compiler:3.14.0:compile (default-compile) @ mall-gateway ---
[INFO] Recompiling the module because of changed dependency.
[INFO] Compiling 1 source file with javac [debug release 21] to target\classes
[INFO] 
[INFO] --- resources:3.3.1:testResources (default-testResources) @ mall-gateway ---
[INFO] skip non existing resourceDirectory D:\Desktop\ai-platform\implementation\ai-platform-backend\mall-gateway\src\test\resources
[INFO] 
[INFO] --- compiler:3.14.0:testCompile (default-testCompile) @ mall-gateway ---
[INFO] Recompiling the module because of changed dependency.
[INFO] Compiling 1 source file with javac [debug release 21] to target\test-classes
[INFO] 
[INFO] --- surefire:3.5.2:test (default-test) @ mall-gateway ---
[INFO] Tests are skipped.
[INFO] 
[INFO] --- jar:3.5.0:jar (default-jar) @ mall-gateway ---
[INFO] Building jar: D:\Desktop\ai-platform\implementation\ai-platform-backend\mall-gateway\target\mall-gateway-1.0.0-SNAPSHOT.jar
[INFO] 
[INFO] --- spring-boot:3.5.15:repackage (repackage) @ mall-gateway ---
Downloading from aliyunmaven: https://maven.aliyun.com/repository/public/org/springframework/boot/spring-boot-buildpack-platform/3.5.15/spring-boot-buildpack-platform-3.5.15.pom
Progress (1): 3.2 kB
                    
Downloaded from aliyunmaven: https://maven.aliyun.com/repository/public/org/springframework/boot/spring-boot-buildpack-platform/3.5.15/spring-boot-buildpack-platform-3.5.15.pom (3.2 kB at 44 kB/s)
Downloading from aliyunmaven: https://maven.aliyun.com/repository/public/net/java/dev/jna/jna-platform/5.17.0/jna-platform-5.17.0.pom
Progress (1): 2.3 kB
                    
Downloaded from aliyunmaven: https://maven.aliyun.com/repository/public/net/java/dev/jna/jna-platform/5.17.0/jna-platform-5.17.0.pom (2.3 kB at 50 kB/s)
Downloading from aliyunmaven: https://maven.aliyun.com/repository/public/net/java/dev/jna/jna/5.17.0/jna-5.17.0.pom
Progress (1): 2.0 kB
                    
Downloaded from aliyunmaven: https://maven.aliyun.com/repository/public/net/java/dev/jna/jna/5.17.0/jna-5.17.0.pom (2.0 kB at 48 kB/s)
Downloading from aliyunmaven: https://maven.aliyun.com/repository/public/org/apache/commons/commons-compress/1.27.1/commons-compress-1.27.1.pom
Progress (1): 7.3/23 kB
Progress (1): 15/23 kB 
Progress (1): 23 kB   
                   
Downloaded from aliyunmaven: https://maven.aliyun.com/repository/public/org/apache/commons/commons-compress/1.27.1/commons-compress-1.27.1.pom (23 kB at 384 kB/s)
Downloading from aliyunmaven: https://maven.aliyun.com/repository/public/org/apache/commons/commons-parent/72/commons-parent-72.pom
Progress (1): 7.3/78 kB
Progress (1): 16/78 kB 
Progress (1): 32/78 kB
Progress (1): 48/78 kB
Progress (1): 65/78 kB
Progress (1): 78 kB   
                   
Downloaded from aliyunmaven: https://maven.aliyun.com/repository/public/org/apache/commons/commons-parent/72/commons-parent-72.pom (78 kB at 1.3 MB/s)
Downloading from aliyunmaven: https://maven.aliyun.com/repository/public/org/junit/junit-bom/5.11.0-M2/junit-bom-5.11.0-M2.pom
Progress (1): 5.7 kB
                    
Downloaded from aliyunmaven: https://maven.aliyun.com/repository/public/org/junit/junit-bom/5.11.0-M2/junit-bom-5.11.0-M2.pom (5.7 kB at 112 kB/s)
Downloading from aliyunmaven: https://maven.aliyun.com/repository/public/commons-codec/commons-codec/1.17.1/commons-codec-1.17.1.pom
Progress (1): 7.3/18 kB
Progress (1): 15/18 kB 
Progress (1): 18 kB   
                   
Downloaded from aliyunmaven: https://maven.aliyun.com/repository/public/commons-codec/commons-codec/1.17.1/commons-codec-1.17.1.pom (18 kB at 240 kB/s)
Downloading from aliyunmaven: https://maven.aliyun.com/repository/public/org/apache/commons/commons-parent/71/commons-parent-71.pom
Progress (1): 1.9/78 kB
Progress (1): 18/78 kB 
Progress (1): 21/78 kB
Progress (1): 37/78 kB
Progress (1): 53/78 kB
Progress (1): 55/78 kB
Progress (1): 57/78 kB
Progress (1): 60/78 kB
Progress (1): 66/78 kB
Progress (1): 72/78 kB
Progress (1): 78 kB   
                   
Downloaded from aliyunmaven: https://maven.aliyun.com/repository/public/org/apache/commons/commons-parent/71/commons-parent-71.pom (78 kB at 1.1 MB/s)
Downloading from aliyunmaven: https://maven.aliyun.com/repository/public/org/apache/commons/commons-lang3/3.16.0/commons-lang3-3.16.0.pom
Progress (1): 1.9/31 kB
Progress (1): 18/31 kB 
Progress (1): 31 kB   
                   
Downloaded from aliyunmaven: https://maven.aliyun.com/repository/public/org/apache/commons/commons-lang3/3.16.0/commons-lang3-3.16.0.pom (31 kB at 460 kB/s)
Downloading from aliyunmaven: https://maven.aliyun.com/repository/public/org/tomlj/tomlj/1.0.0/tomlj-1.0.0.pom
Progress (1): 2.8 kB
                    
Downloaded from aliyunmaven: https://maven.aliyun.com/repository/public/org/tomlj/tomlj/1.0.0/tomlj-1.0.0.pom (2.8 kB at 39 kB/s)
Downloading from aliyunmaven: https://maven.aliyun.com/repository/public/org/antlr/antlr4-runtime/4.7.2/antlr4-runtime-4.7.2.pom
Progress (1): 3.6 kB
                    
Downloaded from aliyunmaven: https://maven.aliyun.com/repository/public/org/antlr/antlr4-runtime/4.7.2/antlr4-runtime-4.7.2.pom (3.6 kB at 59 kB/s)
Downloading from aliyunmaven: https://maven.aliyun.com/repository/public/org/antlr/antlr4-master/4.7.2/antlr4-master-4.7.2.pom
Progress (1): 4.4 kB
                    
Downloaded from aliyunmaven: https://maven.aliyun.com/repository/public/org/antlr/antlr4-master/4.7.2/antlr4-master-4.7.2.pom (4.4 kB at 100 kB/s)
Downloading from aliyunmaven: https://maven.aliyun.com/repository/public/org/springframework/boot/spring-boot-loader-tools/3.5.15/spring-boot-loader-tools-3.5.15.pom
Progress (1): 2.2 kB
                    
Downloaded from aliyunmaven: https://maven.aliyun.com/repository/public/org/springframework/boot/spring-boot-loader-tools/3.5.15/spring-boot-loader-tools-3.5.15.pom (2.2 kB at 35 kB/s)
Downloading from aliyunmaven: https://maven.aliyun.com/repository/public/org/apache/maven/plugins/maven-shade-plugin/3.6.0/maven-shade-plugin-3.6.0.pom
Progress (1): 4.8/12 kB
Progress (1): 12 kB    
                   
Downloaded from aliyunmaven: https://maven.aliyun.com/repository/public/org/apache/maven/plugins/maven-shade-plugin/3.6.0/maven-shade-plugin-3.6.0.pom (12 kB at 228 kB/s)
Downloading from aliyunmaven: https://maven.aliyun.com/repository/public/org/apache/maven/plugins/maven-plugins/42/maven-plugins-42.pom
Progress (1): 7.3/7.7 kB
Progress (1): 7.7 kB    
                    
Downloaded from aliyunmaven: https://maven.aliyun.com/repository/public/org/apache/maven/plugins/maven-plugins/42/maven-plugins-42.pom (7.7 kB at 113 kB/s)
Downloading from aliyunmaven: https://maven.aliyun.com/repository/public/org/ow2/asm/asm-commons/9.7/asm-commons-9.7.pom
Progress (1): 1.9/2.8 kB
Progress (1): 2.8 kB    
                    
Downloaded from aliyunmaven: https://maven.aliyun.com/repository/public/org/ow2/asm/asm-commons/9.7/asm-commons-9.7.pom (2.8 kB at 50 kB/s)
Downloading from aliyunmaven: https://maven.aliyun.com/repository/public/org/ow2/asm/asm-tree/9.7/asm-tree-9.7.pom
Progress (1): 1.9/2.6 kB
Progress (1): 2.6 kB    
                    
Downloaded from aliyunmaven: https://maven.aliyun.com/repository/public/org/ow2/asm/asm-tree/9.7/asm-tree-9.7.pom (2.6 kB at 60 kB/s)
Downloading from aliyunmaven: https://maven.aliyun.com/repository/public/org/jdom/jdom2/2.0.6.1/jdom2-2.0.6.1.pom
Progress (1): 3.4/4.6 kB
Progress (1): 4.6 kB    
                    
Downloaded from aliyunmaven: https://maven.aliyun.com/repository/public/org/jdom/jdom2/2.0.6.1/jdom2-2.0.6.1.pom (4.6 kB at 75 kB/s)
Downloading from aliyunmaven: https://maven.aliyun.com/repository/public/org/apache/commons/commons-compress/1.26.2/commons-compress-1.26.2.pom
Progress (1): 7.3/23 kB
Progress (1): 16/23 kB 
Progress (1): 23 kB   
                   
Downloaded from aliyunmaven: https://maven.aliyun.com/repository/public/org/apache/commons/commons-compress/1.26.2/commons-compress-1.26.2.pom (23 kB at 478 kB/s)
Downloading from aliyunmaven: https://maven.aliyun.com/repository/public/org/vafer/jdependency/2.10/jdependency-2.10.pom
Progress (1): 0.5/14 kB
Progress (1): 14 kB    
                   
Downloaded from aliyunmaven: https://maven.aliyun.com/repository/public/org/vafer/jdependency/2.10/jdependency-2.10.pom (14 kB at 275 kB/s)
Downloading from aliyunmaven: https://maven.aliyun.com/repository/public/org/springframework/boot/spring-boot-buildpack-platform/3.5.15/spring-boot-buildpack-platform-3.5.15.jar
Progress (1): 4.8/325 kB
Progress (1): 21/325 kB 
Progress (1): 38/325 kB
Progress (1): 54/325 kB
Progress (1): 70/325 kB
Progress (1): 87/325 kB
Progress (1): 103/325 kB
Progress (1): 119/325 kB
Progress (1): 133/325 kB
Progress (1): 150/325 kB
Progress (1): 157/325 kB
Progress (1): 173/325 kB
Progress (1): 180/325 kB
Progress (1): 192/325 kB
Progress (1): 195/325 kB
Progress (1): 203/325 kB
Progress (1): 215/325 kB
Progress (1): 218/325 kB
Progress (1): 227/325 kB
Progress (1): 238/325 kB
Progress (1): 243/325 kB
Progress (1): 250/325 kB
Progress (1): 262/325 kB
Progress (1): 266/325 kB
Progress (1): 273/325 kB
Progress (1): 284/325 kB
Progress (1): 295/325 kB
Progress (1): 298/325 kB
Progress (1): 308/325 kB
Progress (1): 318/325 kB
Progress (1): 322/325 kB
Progress (1): 325 kB    
                    
Downloaded from aliyunmaven: https://maven.aliyun.com/repository/public/org/springframework/boot/spring-boot-buildpack-platform/3.5.15/spring-boot-buildpack-platform-3.5.15.jar (325 kB at 6.4 MB/s)
Downloading from aliyunmaven: https://maven.aliyun.com/repository/public/net/java/dev/jna/jna-platform/5.17.0/jna-platform-5.17.0.jar
Downloading from aliyunmaven: https://maven.aliyun.com/repository/public/net/java/dev/jna/jna/5.17.0/jna-5.17.0.jar
Downloading from aliyunmaven: https://maven.aliyun.com/repository/public/commons-codec/commons-codec/1.17.1/commons-codec-1.17.1.jar
Downloading from aliyunmaven: https://maven.aliyun.com/repository/public/org/apache/commons/commons-compress/1.27.1/commons-compress-1.27.1.jar
Downloading from aliyunmaven: https://maven.aliyun.com/repository/public/org/apache/commons/commons-lang3/3.16.0/commons-lang3-3.16.0.jar
Progress (1): 1.9/373 kB
Progress (1): 18/373 kB 
Progress (1): 35/373 kB
Progress (1): 51/373 kB
Progress (1): 67/373 kB
Progress (1): 84/373 kB
Progress (1): 100/373 kB
Progress (1): 101/373 kB
Progress (1): 118/373 kB
Progress (1): 119/373 kB
Progress (1): 132/373 kB
Progress (1): 139/373 kB
Progress (1): 148/373 kB
Progress (1): 163/373 kB
Progress (1): 179/373 kB
Progress (1): 186/373 kB
Progress (1): 202/373 kB
Progress (1): 203/373 kB
Progress (1): 208/373 kB
Progress (1): 218/373 kB
Progress (1): 231/373 kB
Progress (1): 248/373 kB
Progress (1): 255/373 kB
Progress (1): 271/373 kB
Progress (1): 278/373 kB
Progress (1): 294/373 kB
Progress (1): 295/373 kB
Progress (1): 303/373 kB
Progress (1): 314/373 kB
Progress (1): 331/373 kB
Progress (1): 332/373 kB
Progress (1): 348/373 kB
Progress (1): 349/373 kB
Progress (1): 366/373 kB
Progress (1): 373 kB    
Progress (2): 373 kB | 0/1.1 MB
Progress (3): 373 kB | 0/1.1 MB | 7.3/674 kB
Progress (3): 373 kB | 0/1.1 MB | 7.3/674 kB
Progress (3): 373 kB | 0/1.1 MB | 15/674 kB 
Progress (3): 373 kB | 0/1.1 MB | 32/674 kB
Progress (3): 373 kB | 0/1.1 MB | 48/674 kB
Progress (3): 373 kB | 0/1.1 MB | 65/674 kB
Progress (3): 373 kB | 0/1.1 MB | 65/674 kB
Progress (3): 373 kB | 0/1.1 MB | 65/674 kB
Progress (4): 373 kB | 0/1.1 MB | 65/674 kB | 0/2.0 MB
Progress (4): 373 kB | 0/1.1 MB | 65/674 kB | 0/2.0 MB
Progress (4): 373 kB | 0/1.1 MB | 65/674 kB | 0/2.0 MB
Progress (4): 373 kB | 0/1.1 MB | 65/674 kB | 0/2.0 MB
Progress (4): 373 kB | 0/1.1 MB | 65/674 kB | 0.1/2.0 MB
Progress (4): 373 kB | 0/1.1 MB | 65/674 kB | 0.1/2.0 MB
Progress (4): 373 kB | 0/1.1 MB | 65/674 kB | 0.1/2.0 MB
Progress (4): 373 kB | 0/1.1 MB | 65/674 kB | 0.1/2.0 MB
Progress (4): 373 kB | 0/1.1 MB | 65/674 kB | 0.1/2.0 MB
Progress (4): 373 kB | 0/1.1 MB | 81/674 kB | 0.1/2.0 MB
Progress (4): 373 kB | 0/1.1 MB | 97/674 kB | 0.1/2.0 MB
Progress (4): 373 kB | 0/1.1 MB | 114/674 kB | 0.1/2.0 MB
Progress (4): 373 kB | 0/1.1 MB | 120/674 kB | 0.1/2.0 MB
Progress (4): 373 kB | 0.1/1.1 MB | 120/674 kB | 0.1/2.0 MB
Progress (4): 373 kB | 0.1/1.1 MB | 120/674 kB | 0.1/2.0 MB
Progress (4): 373 kB | 0.1/1.1 MB | 120/674 kB | 0.2/2.0 MB
Progress (4): 373 kB | 0.1/1.1 MB | 120/674 kB | 0.2/2.0 MB
Progress (4): 373 kB | 0.1/1.1 MB | 120/674 kB | 0.2/2.0 MB
Progress (4): 373 kB | 0.1/1.1 MB | 137/674 kB | 0.2/2.0 MB
Progress (4): 373 kB | 0.1/1.1 MB | 144/674 kB | 0.2/2.0 MB
Progress (4): 373 kB | 0.1/1.1 MB | 158/674 kB | 0.2/2.0 MB
Progress (4): 373 kB | 0.1/1.1 MB | 175/674 kB | 0.2/2.0 MB
Progress (4): 373 kB | 0.1/1.1 MB | 179/674 kB | 0.2/2.0 MB
Progress (4): 373 kB | 0.1/1.1 MB | 179/674 kB | 0.2/2.0 MB
Progress (4): 373 kB | 0.1/1.1 MB | 179/674 kB | 0.2/2.0 MB
Progress (4): 373 kB | 0.1/1.1 MB | 179/674 kB | 0.2/2.0 MB
Progress (4): 373 kB | 0.1/1.1 MB | 179/674 kB | 0.2/2.0 MB
Progress (4): 373 kB | 0.1/1.1 MB | 179/674 kB | 0.2/2.0 MB
Progress (4): 373 kB | 0.1/1.1 MB | 179/674 kB | 0.3/2.0 MB
Progress (4): 373 kB | 0.1/1.1 MB | 179/674 kB | 0.3/2.0 MB
Progress (4): 373 kB | 0.1/1.1 MB | 179/674 kB | 0.3/2.0 MB
Progress (4): 373 kB | 0.1/1.1 MB | 179/674 kB | 0.3/2.0 MB
Progress (4): 373 kB | 0.1/1.1 MB | 179/674 kB | 0.3/2.0 MB
Progress (4): 373 kB | 0.1/1.1 MB | 179/674 kB | 0.3/2.0 MB
Progress (4): 373 kB | 0.1/1.1 MB | 179/674 kB | 0.3/2.0 MB
Progress (4): 373 kB | 0.1/1.1 MB | 195/674 kB | 0.3/2.0 MB
Progress (4): 373 kB | 0.1/1.1 MB | 211/674 kB | 0.3/2.0 MB
Progress (4): 373 kB | 0.1/1.1 MB | 228/674 kB | 0.3/2.0 MB
Progress (4): 373 kB | 0.1/1.1 MB | 244/674 kB | 0.3/2.0 MB
Progress (4): 373 kB | 0.1/1.1 MB | 244/674 kB | 0.3/2.0 MB
Progress (4): 373 kB | 0.1/1.1 MB | 244/674 kB | 0.3/2.0 MB
Progress (4): 373 kB | 0.1/1.1 MB | 244/674 kB | 0.4/2.0 MB
Progress (4): 373 kB | 0.1/1.1 MB | 244/674 kB | 0.4/2.0 MB
Progress (4): 373 kB | 0.1/1.1 MB | 244/674 kB | 0.4/2.0 MB
Progress (4): 373 kB | 0.1/1.1 MB | 244/674 kB | 0.4/2.0 MB
Progress (4): 373 kB | 0.1/1.1 MB | 244/674 kB | 0.4/2.0 MB
Progress (4): 373 kB | 0.2/1.1 MB | 244/674 kB | 0.4/2.0 MB
Progress (4): 373 kB | 0.2/1.1 MB | 244/674 kB | 0.4/2.0 MB
Progress (4): 373 kB | 0.2/1.1 MB | 260/674 kB | 0.4/2.0 MB
Progress (4): 373 kB | 0.2/1.1 MB | 277/674 kB | 0.4/2.0 MB
Progress (4): 373 kB | 0.2/1.1 MB | 277/674 kB | 0.4/2.0 MB
Progress (4): 373 kB | 0.2/1.1 MB | 293/674 kB | 0.4/2.0 MB
Progress (4): 373 kB | 0.2/1.1 MB | 293/674 kB | 0.4/2.0 MB
Progress (4): 373 kB | 0.2/1.1 MB | 306/674 kB | 0.4/2.0 MB
Progress (4): 373 kB | 0.2/1.1 MB | 306/674 kB | 0.4/2.0 MB
Progress (4): 373 kB | 0.2/1.1 MB | 306/674 kB | 0.4/2.0 MB
Progress (4): 373 kB | 0.2/1.1 MB | 306/674 kB | 0.5/2.0 MB
Progress (4): 373 kB | 0.2/1.1 MB | 306/674 kB | 0.5/2.0 MB
Progress (4): 373 kB | 0.2/1.1 MB | 306/674 kB | 0.5/2.0 MB
Progress (4): 373 kB | 0.2/1.1 MB | 306/674 kB | 0.5/2.0 MB
Progress (4): 373 kB | 0.2/1.1 MB | 306/674 kB | 0.5/2.0 MB
Progress (4): 373 kB | 0.2/1.1 MB | 322/674 kB | 0.5/2.0 MB
Progress (4): 373 kB | 0.2/1.1 MB | 338/674 kB | 0.5/2.0 MB
Progress (4): 373 kB | 0.2/1.1 MB | 355/674 kB | 0.5/2.0 MB
Progress (4): 373 kB | 0.2/1.1 MB | 371/674 kB | 0.5/2.0 MB
Progress (4): 373 kB | 0.2/1.1 MB | 371/674 kB | 0.5/2.0 MB
Progress (4): 373 kB | 0.2/1.1 MB | 371/674 kB | 0.5/2.0 MB
Progress (4): 373 kB | 0.2/1.1 MB | 371/674 kB | 0.6/2.0 MB
Progress (4): 373 kB | 0.2/1.1 MB | 371/674 kB | 0.6/2.0 MB
Progress (4): 373 kB | 0.2/1.1 MB | 371/674 kB | 0.6/2.0 MB
Progress (4): 373 kB | 0.2/1.1 MB | 371/674 kB | 0.6/2.0 MB
Progress (4): 373 kB | 0.2/1.1 MB | 371/674 kB | 0.6/2.0 MB
Progress (4): 373 kB | 0.2/1.1 MB | 388/674 kB | 0.6/2.0 MB
Progress (4): 373 kB | 0.2/1.1 MB | 404/674 kB | 0.6/2.0 MB
Progress (4): 373 kB | 0.2/1.1 MB | 420/674 kB | 0.6/2.0 MB
Progress (4): 373 kB | 0.2/1.1 MB | 437/674 kB | 0.6/2.0 MB
Progress (4): 373 kB | 0.3/1.1 MB | 437/674 kB | 0.6/2.0 MB
Progress (4): 373 kB | 0.3/1.1 MB | 453/674 kB | 0.6/2.0 MB
Progress (4): 373 kB | 0.3/1.1 MB | 469/674 kB | 0.6/2.0 MB
Progress (4): 373 kB | 0.3/1.1 MB | 486/674 kB | 0.6/2.0 MB
Progress (4): 373 kB | 0.3/1.1 MB | 502/674 kB | 0.6/2.0 MB
Progress (4): 373 kB | 0.3/1.1 MB | 502/674 kB | 0.6/2.0 MB
Progress (4): 373 kB | 0.3/1.1 MB | 502/674 kB | 0.6/2.0 MB
Progress (4): 373 kB | 0.3/1.1 MB | 519/674 kB | 0.6/2.0 MB
Progress (4): 373 kB | 0.3/1.1 MB | 535/674 kB | 0.6/2.0 MB
Progress (4): 373 kB | 0.3/1.1 MB | 551/674 kB | 0.6/2.0 MB
Progress (4): 373 kB | 0.3/1.1 MB | 568/674 kB | 0.6/2.0 MB
Progress (4): 373 kB | 0.3/1.1 MB | 568/674 kB | 0.6/2.0 MB
Progress (4): 373 kB | 0.3/1.1 MB | 568/674 kB | 0.6/2.0 MB
Progress (4): 373 kB | 0.3/1.1 MB | 568/674 kB | 0.6/2.0 MB
Progress (4): 373 kB | 0.4/1.1 MB | 568/674 kB | 0.6/2.0 MB
Progress (4): 373 kB | 0.4/1.1 MB | 568/674 kB | 0.6/2.0 MB
Progress (4): 373 kB | 0.4/1.1 MB | 568/674 kB | 0.6/2.0 MB
Progress (4): 373 kB | 0.4/1.1 MB | 568/674 kB | 0.6/2.0 MB
Progress (4): 373 kB | 0.4/1.1 MB | 568/674 kB | 0.6/2.0 MB
Progress (4): 373 kB | 0.4/1.1 MB | 568/674 kB | 0.6/2.0 MB
Progress (4): 373 kB | 0.5/1.1 MB | 568/674 kB | 0.6/2.0 MB
Progress (4): 373 kB | 0.5/1.1 MB | 568/674 kB | 0.6/2.0 MB
Progress (4): 373 kB | 0.5/1.1 MB | 568/674 kB | 0.6/2.0 MB
Progress (4): 373 kB | 0.5/1.1 MB | 568/674 kB | 0.6/2.0 MB
Progress (4): 373 kB | 0.5/1.1 MB | 568/674 kB | 0.6/2.0 MB
Progress (4): 373 kB | 0.5/1.1 MB | 568/674 kB | 0.6/2.0 MB
Progress (4): 373 kB | 0.5/1.1 MB | 568/674 kB | 0.6/2.0 MB
Progress (4): 373 kB | 0.5/1.1 MB | 568/674 kB | 0.6/2.0 MB
Progress (4): 373 kB | 0.5/1.1 MB | 568/674 kB | 0.6/2.0 MB
Progress (4): 373 kB | 0.5/1.1 MB | 568/674 kB | 0.6/2.0 MB
Progress (4): 373 kB | 0.5/1.1 MB | 568/674 kB | 0.6/2.0 MB
Progress (4): 373 kB | 0.5/1.1 MB | 568/674 kB | 0.6/2.0 MB
Progress (4): 373 kB | 0.5/1.1 MB | 568/674 kB | 0.7/2.0 MB
Progress (4): 373 kB | 0.5/1.1 MB | 568/674 kB | 0.7/2.0 MB
Progress (4): 373 kB | 0.5/1.1 MB | 568/674 kB | 0.7/2.0 MB
Progress (4): 373 kB | 0.5/1.1 MB | 568/674 kB | 0.7/2.0 MB
Progress (4): 373 kB | 0.5/1.1 MB | 584/674 kB | 0.7/2.0 MB
Progress (4): 373 kB | 0.5/1.1 MB | 601/674 kB | 0.7/2.0 MB
Progress (4): 373 kB | 0.5/1.1 MB | 617/674 kB | 0.7/2.0 MB
Progress (4): 373 kB | 0.5/1.1 MB | 633/674 kB | 0.7/2.0 MB
Progress (4): 373 kB | 0.5/1.1 MB | 650/674 kB | 0.7/2.0 MB
Progress (4): 373 kB | 0.5/1.1 MB | 650/674 kB | 0.7/2.0 MB
Progress (4): 373 kB | 0.5/1.1 MB | 650/674 kB | 0.7/2.0 MB
Progress (4): 373 kB | 0.5/1.1 MB | 650/674 kB | 0.7/2.0 MB
Progress (4): 373 kB | 0.5/1.1 MB | 650/674 kB | 0.8/2.0 MB
Progress (4): 373 kB | 0.5/1.1 MB | 650/674 kB | 0.8/2.0 MB
Progress (4): 373 kB | 0.5/1.1 MB | 666/674 kB | 0.8/2.0 MB
Progress (4): 373 kB | 0.5/1.1 MB | 666/674 kB | 0.8/2.0 MB
Progress (4): 373 kB | 0.5/1.1 MB | 674 kB | 0.8/2.0 MB    
Progress (4): 373 kB | 0.5/1.1 MB | 674 kB | 0.8/2.0 MB
Progress (4): 373 kB | 0.6/1.1 MB | 674 kB | 0.8/2.0 MB
Progress (4): 373 kB | 0.6/1.1 MB | 674 kB | 0.8/2.0 MB
Progress (4): 373 kB | 0.6/1.1 MB | 674 kB | 0.8/2.0 MB
Progress (4): 373 kB | 0.6/1.1 MB | 674 kB | 0.8/2.0 MB
Progress (4): 373 kB | 0.6/1.1 MB | 674 kB | 0.8/2.0 MB
Progress (4): 373 kB | 0.6/1.1 MB | 674 kB | 0.8/2.0 MB
Progress (4): 373 kB | 0.6/1.1 MB | 674 kB | 0.8/2.0 MB
Progress (4): 373 kB | 0.7/1.1 MB | 674 kB | 0.8/2.0 MB
Progress (4): 373 kB | 0.7/1.1 MB | 674 kB | 0.8/2.0 MB
Progress (4): 373 kB | 0.7/1.1 MB | 674 kB | 0.8/2.0 MB
Progress (4): 373 kB | 0.7/1.1 MB | 674 kB | 0.8/2.0 MB
Progress (4): 373 kB | 0.7/1.1 MB | 674 kB | 0.8/2.0 MB
Progress (4): 373 kB | 0.7/1.1 MB | 674 kB | 0.8/2.0 MB
Progress (4): 373 kB | 0.7/1.1 MB | 674 kB | 0.8/2.0 MB
Progress (4): 373 kB | 0.7/1.1 MB | 674 kB | 0.8/2.0 MB
Progress (4): 373 kB | 0.7/1.1 MB | 674 kB | 0.8/2.0 MB
Progress (4): 373 kB | 0.7/1.1 MB | 674 kB | 0.8/2.0 MB
Progress (4): 373 kB | 0.8/1.1 MB | 674 kB | 0.8/2.0 MB
Progress (4): 373 kB | 0.8/1.1 MB | 674 kB | 0.8/2.0 MB
Progress (4): 373 kB | 0.8/1.1 MB | 674 kB | 0.8/2.0 MB
Progress (4): 373 kB | 0.8/1.1 MB | 674 kB | 0.9/2.0 MB
Progress (4): 373 kB | 0.8/1.1 MB | 674 kB | 0.9/2.0 MB
Progress (4): 373 kB | 0.8/1.1 MB | 674 kB | 0.9/2.0 MB
Progress (4): 373 kB | 0.8/1.1 MB | 674 kB | 0.9/2.0 MB
Progress (4): 373 kB | 0.8/1.1 MB | 674 kB | 0.9/2.0 MB
Progress (4): 373 kB | 0.8/1.1 MB | 674 kB | 0.9/2.0 MB
Progress (4): 373 kB | 0.8/1.1 MB | 674 kB | 0.9/2.0 MB
Progress (4): 373 kB | 0.8/1.1 MB | 674 kB | 0.9/2.0 MB
Progress (4): 373 kB | 0.8/1.1 MB | 674 kB | 0.9/2.0 MB
Progress (4): 373 kB | 0.8/1.1 MB | 674 kB | 0.9/2.0 MB
Progress (4): 373 kB | 0.8/1.1 MB | 674 kB | 1.0/2.0 MB
Progress (4): 373 kB | 0.8/1.1 MB | 674 kB | 1.0/2.0 MB
Progress (4): 373 kB | 0.8/1.1 MB | 674 kB | 1.0/2.0 MB
Progress (4): 373 kB | 0.8/1.1 MB | 674 kB | 1.0/2.0 MB
Progress (4): 373 kB | 0.9/1.1 MB | 674 kB | 1.0/2.0 MB
Progress (4): 373 kB | 0.9/1.1 MB | 674 kB | 1.0/2.0 MB
Progress (4): 373 kB | 0.9/1.1 MB | 674 kB | 1.0/2.0 MB
Progress (4): 373 kB | 0.9/1.1 MB | 674 kB | 1.0/2.0 MB
Progress (4): 373 kB | 0.9/1.1 MB | 674 kB | 1.0/2.0 MB
Progress (4): 373 kB | 0.9/1.1 MB | 674 kB | 1.0/2.0 MB
Progress (4): 373 kB | 0.9/1.1 MB | 674 kB | 1.1/2.0 MB
Progress (4): 373 kB | 0.9/1.1 MB | 674 kB | 1.1/2.0 MB
Progress (4): 373 kB | 0.9/1.1 MB | 674 kB | 1.1/2.0 MB
Progress (4): 373 kB | 1.0/1.1 MB | 674 kB | 1.1/2.0 MB
Progress (4): 373 kB | 1.0/1.1 MB | 674 kB | 1.1/2.0 MB
Progress (4): 373 kB | 1.0/1.1 MB | 674 kB | 1.1/2.0 MB
Progress (4): 373 kB | 1.0/1.1 MB | 674 kB | 1.1/2.0 MB
Progress (4): 373 kB | 1.0/1.1 MB | 674 kB | 1.1/2.0 MB
Progress (4): 373 kB | 1.0/1.1 MB | 674 kB | 1.1/2.0 MB
Progress (4): 373 kB | 1.0/1.1 MB | 674 kB | 1.1/2.0 MB
Progress (4): 373 kB | 1.0/1.1 MB | 674 kB | 1.1/2.0 MB
Progress (4): 373 kB | 1.0/1.1 MB | 674 kB | 1.1/2.0 MB
Progress (4): 373 kB | 1.0/1.1 MB | 674 kB | 1.1/2.0 MB
Progress (4): 373 kB | 1.0/1.1 MB | 674 kB | 1.1/2.0 MB
Progress (4): 373 kB | 1.0/1.1 MB | 674 kB | 1.2/2.0 MB
Progress (4): 373 kB | 1.0/1.1 MB | 674 kB | 1.2/2.0 MB
Progress (4): 373 kB | 1.0/1.1 MB | 674 kB | 1.2/2.0 MB
Progress (4): 373 kB | 1.0/1.1 MB | 674 kB | 1.2/2.0 MB
Progress (4): 373 kB | 1.0/1.1 MB | 674 kB | 1.2/2.0 MB
Progress (4): 373 kB | 1.0/1.1 MB | 674 kB | 1.2/2.0 MB
Progress (4): 373 kB | 1.0/1.1 MB | 674 kB | 1.3/2.0 MB
Progress (4): 373 kB | 1.0/1.1 MB | 674 kB | 1.3/2.0 MB
Progress (4): 373 kB | 1.1/1.1 MB | 674 kB | 1.3/2.0 MB
Progress (4): 373 kB | 1.1/1.1 MB | 674 kB | 1.3/2.0 MB
Progress (4): 373 kB | 1.1/1.1 MB | 674 kB | 1.3/2.0 MB
Progress (4): 373 kB | 1.1 MB | 674 kB | 1.3/2.0 MB    
Progress (4): 373 kB | 1.1 MB | 674 kB | 1.3/2.0 MB
Progress (4): 373 kB | 1.1 MB | 674 kB | 1.3/2.0 MB
Progress (4): 373 kB | 1.1 MB | 674 kB | 1.3/2.0 MB
Progress (4): 373 kB | 1.1 MB | 674 kB | 1.3/2.0 MB
Progress (4): 373 kB | 1.1 MB | 674 kB | 1.4/2.0 MB
Progress (4): 373 kB | 1.1 MB | 674 kB | 1.4/2.0 MB
Progress (4): 373 kB | 1.1 MB | 674 kB | 1.4/2.0 MB
Progress (4): 373 kB | 1.1 MB | 674 kB | 1.4/2.0 MB
Progress (4): 373 kB | 1.1 MB | 674 kB | 1.4/2.0 MB
Progress (4): 373 kB | 1.1 MB | 674 kB | 1.4/2.0 MB
Progress (4): 373 kB | 1.1 MB | 674 kB | 1.4/2.0 MB
Progress (4): 373 kB | 1.1 MB | 674 kB | 1.5/2.0 MB
Progress (4): 373 kB | 1.1 MB | 674 kB | 1.5/2.0 MB
Progress (4): 373 kB | 1.1 MB | 674 kB | 1.5/2.0 MB
Progress (4): 373 kB | 1.1 MB | 674 kB | 1.5/2.0 MB
Progress (4): 373 kB | 1.1 MB | 674 kB | 1.5/2.0 MB
Progress (4): 373 kB | 1.1 MB | 674 kB | 1.5/2.0 MB
Progress (4): 373 kB | 1.1 MB | 674 kB | 1.6/2.0 MB
Progress (4): 373 kB | 1.1 MB | 674 kB | 1.6/2.0 MB
Progress (4): 373 kB | 1.1 MB | 674 kB | 1.6/2.0 MB
Progress (4): 373 kB | 1.1 MB | 674 kB | 1.6/2.0 MB
Progress (4): 373 kB | 1.1 MB | 674 kB | 1.6/2.0 MB
Progress (4): 373 kB | 1.1 MB | 674 kB | 1.6/2.0 MB
Progress (4): 373 kB | 1.1 MB | 674 kB | 1.7/2.0 MB
Progress (4): 373 kB | 1.1 MB | 674 kB | 1.7/2.0 MB
Progress (4): 373 kB | 1.1 MB | 674 kB | 1.7/2.0 MB
Progress (4): 373 kB | 1.1 MB | 674 kB | 1.7/2.0 MB
Progress (4): 373 kB | 1.1 MB | 674 kB | 1.7/2.0 MB
Progress (4): 373 kB | 1.1 MB | 674 kB | 1.7/2.0 MB
Progress (4): 373 kB | 1.1 MB | 674 kB | 1.8/2.0 MB
Progress (4): 373 kB | 1.1 MB | 674 kB | 1.8/2.0 MB
Progress (4): 373 kB | 1.1 MB | 674 kB | 1.8/2.0 MB
Progress (4): 373 kB | 1.1 MB | 674 kB | 1.8/2.0 MB
Progress (4): 373 kB | 1.1 MB | 674 kB | 1.8/2.0 MB
Progress (4): 373 kB | 1.1 MB | 674 kB | 1.8/2.0 MB
Progress (4): 373 kB | 1.1 MB | 674 kB | 1.8/2.0 MB
Progress (4): 373 kB | 1.1 MB | 674 kB | 1.9/2.0 MB
Progress (4): 373 kB | 1.1 MB | 674 kB | 1.9/2.0 MB
Progress (4): 373 kB | 1.1 MB | 674 kB | 1.9/2.0 MB
                                                   
Downloaded from aliyunmaven: https://maven.aliyun.com/repository/public/commons-codec/commons-codec/1.17.1/commons-codec-1.17.1.jar (373 kB at 5.8 MB/s)
Downloading from aliyunmaven: https://maven.aliyun.com/repository/public/org/tomlj/tomlj/1.0.0/tomlj-1.0.0.jar
Progress (3): 1.1 MB | 674 kB | 1.9/2.0 MB
Progress (3): 1.1 MB | 674 kB | 1.9/2.0 MB
Progress (3): 1.1 MB | 674 kB | 1.9/2.0 MB
Progress (3): 1.1 MB | 674 kB | 1.9/2.0 MB
Progress (3): 1.1 MB | 674 kB | 2.0/2.0 MB
Progress (3): 1.1 MB | 674 kB | 2.0/2.0 MB
Progress (3): 1.1 MB | 674 kB | 2.0/2.0 MB
Progress (3): 1.1 MB | 674 kB | 2.0 MB    
Progress (4): 1.1 MB | 674 kB | 2.0 MB | 7.3/157 kB
Progress (4): 1.1 MB | 674 kB | 2.0 MB | 16/157 kB 
Progress (4): 1.1 MB | 674 kB | 2.0 MB | 32/157 kB
Progress (4): 1.1 MB | 674 kB | 2.0 MB | 48/157 kB
Progress (4): 1.1 MB | 674 kB | 2.0 MB | 65/157 kB
Progress (4): 1.1 MB | 674 kB | 2.0 MB | 81/157 kB
Progress (4): 1.1 MB | 674 kB | 2.0 MB | 97/157 kB
Progress (4): 1.1 MB | 674 kB | 2.0 MB | 114/157 kB
Progress (4): 1.1 MB | 674 kB | 2.0 MB | 130/157 kB
Progress (4): 1.1 MB | 674 kB | 2.0 MB | 146/157 kB
Progress (4): 1.1 MB | 674 kB | 2.0 MB | 157 kB    
                                               
Downloaded from aliyunmaven: https://maven.aliyun.com/repository/public/org/apache/commons/commons-lang3/3.16.0/commons-lang3-3.16.0.jar (674 kB at 8.4 MB/s)
Downloading from aliyunmaven: https://maven.aliyun.com/repository/public/org/antlr/antlr4-runtime/4.7.2/antlr4-runtime-4.7.2.jar
Progress (4): 1.1 MB | 2.0 MB | 157 kB | 0.5/338 kB
Progress (4): 1.1 MB | 2.0 MB | 157 kB | 17/338 kB 
Progress (4): 1.1 MB | 2.0 MB | 157 kB | 33/338 kB
Progress (4): 1.1 MB | 2.0 MB | 157 kB | 50/338 kB
Progress (4): 1.1 MB | 2.0 MB | 157 kB | 66/338 kB
Progress (4): 1.1 MB | 2.0 MB | 157 kB | 82/338 kB
Progress (4): 1.1 MB | 2.0 MB | 157 kB | 99/338 kB
                                                  
Downloaded from aliyunmaven: https://maven.aliyun.com/repository/public/org/apache/commons/commons-compress/1.27.1/commons-compress-1.27.1.jar (1.1 MB at 12 MB/s)
Downloading from aliyunmaven: https://maven.aliyun.com/repository/public/org/springframework/boot/spring-boot-loader-tools/3.5.15/spring-boot-loader-tools-3.5.15.jar
Progress (3): 2.0 MB | 157 kB | 115/338 kB
Progress (3): 2.0 MB | 157 kB | 132/338 kB
Progress (3): 2.0 MB | 157 kB | 148/338 kB
Progress (3): 2.0 MB | 157 kB | 164/338 kB
Progress (3): 2.0 MB | 157 kB | 181/338 kB
Progress (3): 2.0 MB | 157 kB | 197/338 kB
Progress (3): 2.0 MB | 157 kB | 213/338 kB
Progress (3): 2.0 MB | 157 kB | 230/338 kB
Progress (3): 2.0 MB | 157 kB | 246/338 kB
Progress (3): 2.0 MB | 157 kB | 263/338 kB
Progress (3): 2.0 MB | 157 kB | 279/338 kB
Progress (3): 2.0 MB | 157 kB | 295/338 kB
Progress (3): 2.0 MB | 157 kB | 312/338 kB
Progress (3): 2.0 MB | 157 kB | 320/338 kB
Progress (3): 2.0 MB | 157 kB | 323/338 kB
Progress (3): 2.0 MB | 157 kB | 338 kB    
Progress (4): 2.0 MB | 157 kB | 338 kB | 1.9/468 kB
Progress (4): 2.0 MB | 157 kB | 338 kB | 18/468 kB 
                                                  
Downloaded from aliyunmaven: https://maven.aliyun.com/repository/public/net/java/dev/jna/jna/5.17.0/jna-5.17.0.jar (2.0 MB at 19 MB/s)
Progress (3): 157 kB | 338 kB | 35/468 kB
                                         
Downloading from aliyunmaven: https://maven.aliyun.com/repository/public/org/apache/maven/plugins/maven-shade-plugin/3.6.0/maven-shade-plugin-3.6.0.jar
Progress (3): 157 kB | 338 kB | 51/468 kB
Progress (3): 157 kB | 338 kB | 67/468 kB
Progress (3): 157 kB | 338 kB | 84/468 kB
Progress (3): 157 kB | 338 kB | 100/468 kB
Progress (3): 157 kB | 338 kB | 117/468 kB
Progress (3): 157 kB | 338 kB | 133/468 kB
Progress (3): 157 kB | 338 kB | 149/468 kB
Progress (3): 157 kB | 338 kB | 166/468 kB
Progress (3): 157 kB | 338 kB | 182/468 kB
Progress (3): 157 kB | 338 kB | 198/468 kB
Progress (3): 157 kB | 338 kB | 215/468 kB
Progress (3): 157 kB | 338 kB | 231/468 kB
Progress (3): 157 kB | 338 kB | 248/468 kB
Progress (3): 157 kB | 338 kB | 264/468 kB
Progress (3): 157 kB | 338 kB | 280/468 kB
Progress (3): 157 kB | 338 kB | 297/468 kB
Progress (3): 157 kB | 338 kB | 313/468 kB
Progress (3): 157 kB | 338 kB | 330/468 kB
Progress (3): 157 kB | 338 kB | 346/468 kB
Progress (3): 157 kB | 338 kB | 362/468 kB
Progress (3): 157 kB | 338 kB | 379/468 kB
Progress (3): 157 kB | 338 kB | 395/468 kB
Progress (3): 157 kB | 338 kB | 411/468 kB
Progress (3): 157 kB | 338 kB | 428/468 kB
Progress (3): 157 kB | 338 kB | 444/468 kB
Progress (3): 157 kB | 338 kB | 461/468 kB
Progress (3): 157 kB | 338 kB | 468 kB    
                                      
Downloaded from aliyunmaven: https://maven.aliyun.com/repository/public/org/tomlj/tomlj/1.0.0/tomlj-1.0.0.jar (157 kB at 1.4 MB/s)
Downloading from aliyunmaven: https://maven.aliyun.com/repository/public/org/ow2/asm/asm-commons/9.7/asm-commons-9.7.jar
Progress (3): 338 kB | 468 kB | 7.3/150 kB
Progress (3): 338 kB | 468 kB | 16/150 kB 
Progress (3): 338 kB | 468 kB | 32/150 kB
Progress (3): 338 kB | 468 kB | 48/150 kB
Progress (3): 338 kB | 468 kB | 65/150 kB
Progress (3): 338 kB | 468 kB | 81/150 kB
Progress (3): 338 kB | 468 kB | 97/150 kB
Progress (3): 338 kB | 468 kB | 114/150 kB
Progress (3): 338 kB | 468 kB | 130/150 kB
Progress (3): 338 kB | 468 kB | 146/150 kB
Progress (3): 338 kB | 468 kB | 150 kB    
Progress (4): 338 kB | 468 kB | 150 kB | 0.5/73 kB
Progress (4): 338 kB | 468 kB | 150 kB | 17/73 kB 
Progress (4): 338 kB | 468 kB | 150 kB | 33/73 kB
Progress (4): 338 kB | 468 kB | 150 kB | 50/73 kB
Progress (4): 338 kB | 468 kB | 150 kB | 66/73 kB
Progress (4): 338 kB | 468 kB | 150 kB | 73 kB   
                                              
Downloaded from aliyunmaven: https://maven.aliyun.com/repository/public/org/antlr/antlr4-runtime/4.7.2/antlr4-runtime-4.7.2.jar (338 kB at 2.4 MB/s)
Downloading from aliyunmaven: https://maven.aliyun.com/repository/public/org/ow2/asm/asm-tree/9.7/asm-tree-9.7.jar
Progress (4): 468 kB | 150 kB | 73 kB | 7.3/52 kB
Progress (4): 468 kB | 150 kB | 73 kB | 16/52 kB 
Progress (4): 468 kB | 150 kB | 73 kB | 32/52 kB
Progress (4): 468 kB | 150 kB | 73 kB | 48/52 kB
Progress (4): 468 kB | 150 kB | 73 kB | 52 kB   
                                             
Downloaded from aliyunmaven: https://maven.aliyun.com/repository/public/org/apache/maven/plugins/maven-shade-plugin/3.6.0/maven-shade-plugin-3.6.0.jar (150 kB at 936 kB/s)
Downloading from aliyunmaven: https://maven.aliyun.com/repository/public/org/jdom/jdom2/2.0.6.1/jdom2-2.0.6.1.jar
Downloaded from aliyunmaven: https://maven.aliyun.com/repository/public/org/ow2/asm/asm-commons/9.7/asm-commons-9.7.jar (73 kB at 450 kB/s)
Downloading from aliyunmaven: https://maven.aliyun.com/repository/public/org/vafer/jdependency/2.10/jdependency-2.10.jar
Downloaded from aliyunmaven: https://maven.aliyun.com/repository/public/org/springframework/boot/spring-boot-loader-tools/3.5.15/spring-boot-loader-tools-3.5.15.jar (468 kB at 2.9 MB/s)
Progress (2): 52 kB | 7.3/328 kB
Progress (2): 52 kB | 15/328 kB 
Progress (2): 52 kB | 32/328 kB
Progress (2): 52 kB | 48/328 kB
Progress (2): 52 kB | 65/328 kB
Progress (2): 52 kB | 81/328 kB
Progress (2): 52 kB | 97/328 kB
Progress (2): 52 kB | 114/328 kB
Progress (2): 52 kB | 130/328 kB
Progress (2): 52 kB | 146/328 kB
Progress (2): 52 kB | 163/328 kB
Progress (2): 52 kB | 179/328 kB
Progress (2): 52 kB | 196/328 kB
Progress (2): 52 kB | 212/328 kB
Progress (2): 52 kB | 228/328 kB
Progress (2): 52 kB | 245/328 kB
Progress (2): 52 kB | 261/328 kB
Progress (2): 52 kB | 278/328 kB
Progress (2): 52 kB | 294/328 kB
Progress (2): 52 kB | 310/328 kB
Progress (2): 52 kB | 327/328 kB
Progress (2): 52 kB | 328 kB    
Progress (3): 52 kB | 328 kB | 0/1.4 MB
Progress (3): 52 kB | 328 kB | 0/1.4 MB
Progress (3): 52 kB | 328 kB | 0/1.4 MB
Progress (3): 52 kB | 328 kB | 0/1.4 MB
Progress (3): 52 kB | 328 kB | 0.1/1.4 MB
Progress (3): 52 kB | 328 kB | 0.1/1.4 MB
Progress (3): 52 kB | 328 kB | 0.1/1.4 MB
Progress (3): 52 kB | 328 kB | 0.1/1.4 MB
Progress (3): 52 kB | 328 kB | 0.1/1.4 MB
Progress (4): 52 kB | 328 kB | 0.1/1.4 MB | 1.9/416 kB
Progress (4): 52 kB | 328 kB | 0.1/1.4 MB | 18/416 kB 
Progress (4): 52 kB | 328 kB | 0.1/1.4 MB | 35/416 kB
Progress (4): 52 kB | 328 kB | 0.1/1.4 MB | 51/416 kB
Progress (4): 52 kB | 328 kB | 0.1/1.4 MB | 67/416 kB
Progress (4): 52 kB | 328 kB | 0.1/1.4 MB | 84/416 kB
Progress (4): 52 kB | 328 kB | 0.1/1.4 MB | 100/416 kB
Progress (4): 52 kB | 328 kB | 0.1/1.4 MB | 117/416 kB
Progress (4): 52 kB | 328 kB | 0.1/1.4 MB | 133/416 kB
Progress (4): 52 kB | 328 kB | 0.1/1.4 MB | 149/416 kB
Progress (4): 52 kB | 328 kB | 0.1/1.4 MB | 166/416 kB
Progress (4): 52 kB | 328 kB | 0.1/1.4 MB | 182/416 kB
Progress (4): 52 kB | 328 kB | 0.1/1.4 MB | 199/416 kB
Progress (4): 52 kB | 328 kB | 0.1/1.4 MB | 215/416 kB
Progress (4): 52 kB | 328 kB | 0.1/1.4 MB | 231/416 kB
Progress (4): 52 kB | 328 kB | 0.1/1.4 MB | 248/416 kB
Progress (4): 52 kB | 328 kB | 0.1/1.4 MB | 264/416 kB
Progress (4): 52 kB | 328 kB | 0.1/1.4 MB | 280/416 kB
Progress (4): 52 kB | 328 kB | 0.1/1.4 MB | 297/416 kB
Progress (4): 52 kB | 328 kB | 0.1/1.4 MB | 313/416 kB
Progress (4): 52 kB | 328 kB | 0.1/1.4 MB | 330/416 kB
Progress (4): 52 kB | 328 kB | 0.1/1.4 MB | 336/416 kB
Progress (4): 52 kB | 328 kB | 0.1/1.4 MB | 347/416 kB
Progress (4): 52 kB | 328 kB | 0.1/1.4 MB | 358/416 kB
Progress (4): 52 kB | 328 kB | 0.1/1.4 MB | 370/416 kB
Progress (4): 52 kB | 328 kB | 0.1/1.4 MB | 386/416 kB
Progress (4): 52 kB | 328 kB | 0.1/1.4 MB | 393/416 kB
Progress (4): 52 kB | 328 kB | 0.1/1.4 MB | 410/416 kB
Progress (4): 52 kB | 328 kB | 0.1/1.4 MB | 416 kB    
                                                  
Downloaded from aliyunmaven: https://maven.aliyun.com/repository/public/org/ow2/asm/asm-tree/9.7/asm-tree-9.7.jar (52 kB at 265 kB/s)
Progress (3): 328 kB | 0.1/1.4 MB | 416 kB
Progress (3): 328 kB | 0.2/1.4 MB | 416 kB
Progress (3): 328 kB | 0.2/1.4 MB | 416 kB
Progress (3): 328 kB | 0.2/1.4 MB | 416 kB
Progress (3): 328 kB | 0.2/1.4 MB | 416 kB
Progress (3): 328 kB | 0.2/1.4 MB | 416 kB
Progress (3): 328 kB | 0.2/1.4 MB | 416 kB
Progress (3): 328 kB | 0.3/1.4 MB | 416 kB
Progress (3): 328 kB | 0.3/1.4 MB | 416 kB
Progress (3): 328 kB | 0.3/1.4 MB | 416 kB
Progress (3): 328 kB | 0.3/1.4 MB | 416 kB
Progress (3): 328 kB | 0.3/1.4 MB | 416 kB
Progress (3): 328 kB | 0.3/1.4 MB | 416 kB
Progress (3): 328 kB | 0.4/1.4 MB | 416 kB
Progress (3): 328 kB | 0.4/1.4 MB | 416 kB
Progress (3): 328 kB | 0.4/1.4 MB | 416 kB
Progress (3): 328 kB | 0.4/1.4 MB | 416 kB
Progress (3): 328 kB | 0.4/1.4 MB | 416 kB
Progress (3): 328 kB | 0.4/1.4 MB | 416 kB
Progress (3): 328 kB | 0.5/1.4 MB | 416 kB
Progress (3): 328 kB | 0.5/1.4 MB | 416 kB
Progress (3): 328 kB | 0.5/1.4 MB | 416 kB
Progress (3): 328 kB | 0.5/1.4 MB | 416 kB
Progress (3): 328 kB | 0.5/1.4 MB | 416 kB
Progress (3): 328 kB | 0.5/1.4 MB | 416 kB
Progress (3): 328 kB | 0.6/1.4 MB | 416 kB
                                          
Downloaded from aliyunmaven: https://maven.aliyun.com/repository/public/org/jdom/jdom2/2.0.6.1/jdom2-2.0.6.1.jar (328 kB at 1.5 MB/s)
Progress (2): 0.6/1.4 MB | 416 kB
Progress (2): 0.6/1.4 MB | 416 kB
Progress (2): 0.6/1.4 MB | 416 kB
Progress (2): 0.6/1.4 MB | 416 kB
Progress (2): 0.6/1.4 MB | 416 kB
Progress (2): 0.7/1.4 MB | 416 kB
Progress (2): 0.7/1.4 MB | 416 kB
Progress (2): 0.7/1.4 MB | 416 kB
Progress (2): 0.7/1.4 MB | 416 kB
Progress (2): 0.7/1.4 MB | 416 kB
Progress (2): 0.7/1.4 MB | 416 kB
Progress (2): 0.8/1.4 MB | 416 kB
Progress (2): 0.8/1.4 MB | 416 kB
Progress (2): 0.8/1.4 MB | 416 kB
Progress (2): 0.8/1.4 MB | 416 kB
Progress (2): 0.8/1.4 MB | 416 kB
Progress (2): 0.8/1.4 MB | 416 kB
Progress (2): 0.9/1.4 MB | 416 kB
Progress (2): 0.9/1.4 MB | 416 kB
Progress (2): 0.9/1.4 MB | 416 kB
Progress (2): 0.9/1.4 MB | 416 kB
Progress (2): 0.9/1.4 MB | 416 kB
Progress (2): 0.9/1.4 MB | 416 kB
Progress (2): 0.9/1.4 MB | 416 kB
Progress (2): 1.0/1.4 MB | 416 kB
Progress (2): 1.0/1.4 MB | 416 kB
Progress (2): 1.0/1.4 MB | 416 kB
Progress (2): 1.0/1.4 MB | 416 kB
                                 
Downloaded from aliyunmaven: https://maven.aliyun.com/repository/public/org/vafer/jdependency/2.10/jdependency-2.10.jar (416 kB at 1.7 MB/s)
Progress (1): 1.0/1.4 MB
Progress (1): 1.0/1.4 MB
Progress (1): 1.1/1.4 MB
Progress (1): 1.1/1.4 MB
Progress (1): 1.1/1.4 MB
Progress (1): 1.1/1.4 MB
Progress (1): 1.1/1.4 MB
Progress (1): 1.1/1.4 MB
Progress (1): 1.2/1.4 MB
Progress (1): 1.2/1.4 MB
Progress (1): 1.2/1.4 MB
Progress (1): 1.2/1.4 MB
Progress (1): 1.2/1.4 MB
Progress (1): 1.2/1.4 MB
Progress (1): 1.3/1.4 MB
Progress (1): 1.3/1.4 MB
Progress (1): 1.3/1.4 MB
Progress (1): 1.3/1.4 MB
Progress (1): 1.3/1.4 MB
Progress (1): 1.3/1.4 MB
Progress (1): 1.4/1.4 MB
Progress (1): 1.4/1.4 MB
Progress (1): 1.4 MB    
                    
Downloaded from aliyunmaven: https://maven.aliyun.com/repository/public/net/java/dev/jna/jna-platform/5.17.0/jna-platform-5.17.0.jar (1.4 MB at 4.3 MB/s)
[INFO] Replacing main artifact D:\Desktop\ai-platform\implementation\ai-platform-backend\mall-gateway\target\mall-gateway-1.0.0-SNAPSHOT.jar with repackaged archive, adding nested dependencies in BOOT-INF/.
[INFO] The original artifact has been renamed to D:\Desktop\ai-platform\implementation\ai-platform-backend\mall-gateway\target\mall-gateway-1.0.0-SNAPSHOT.jar.original
[INFO] 
[INFO] ---------------------< com.ai-mall:mall-services >----------------------
[INFO] Building mall-services 1.0.0-SNAPSHOT                            [16/24]
[INFO]   from mall-services\pom.xml
[INFO] --------------------------------[ pom ]---------------------------------
[INFO] 
[INFO] --- clean:3.2.0:clean (default-clean) @ mall-services ---
[INFO] 
[INFO] --- enforcer:3.5.0:enforce (enforce-environment) @ mall-services ---
[INFO] 
[INFO] ---------------------< com.ai-mall:mall-identity >----------------------
[INFO] Building mall-identity 1.0.0-SNAPSHOT                            [17/24]
[INFO]   from mall-services\mall-identity\pom.xml
[INFO] --------------------------------[ jar ]---------------------------------
Downloading from aliyunmaven: https://maven.aliyun.com/repository/public/com/baomidou/mybatis-plus-spring-boot3-starter/3.5.12/mybatis-plus-spring-boot3-starter-3.5.12.jar
Progress (1): 6.0 kB
                    
Downloaded from aliyunmaven: https://maven.aliyun.com/repository/public/com/baomidou/mybatis-plus-spring-boot3-starter/3.5.12/mybatis-plus-spring-boot3-starter-3.5.12.jar (6.0 kB at 59 kB/s)
Downloading from aliyunmaven: https://maven.aliyun.com/repository/public/com/baomidou/mybatis-plus/3.5.12/mybatis-plus-3.5.12.jar
Downloading from aliyunmaven: https://maven.aliyun.com/repository/public/com/baomidou/mybatis-plus-core/3.5.12/mybatis-plus-core-3.5.12.jar
Downloading from aliyunmaven: https://maven.aliyun.com/repository/public/com/baomidou/mybatis-plus-spring/3.5.12/mybatis-plus-spring-3.5.12.jar
Downloading from aliyunmaven: https://maven.aliyun.com/repository/public/com/baomidou/mybatis-plus-annotation/3.5.12/mybatis-plus-annotation-3.5.12.jar
Downloading from aliyunmaven: https://maven.aliyun.com/repository/public/com/baomidou/mybatis-plus-extension/3.5.12/mybatis-plus-extension-3.5.12.jar
Progress (1): 7.2/30 kB
Progress (1): 15/30 kB 
Progress (1): 30 kB   
Progress (2): 30 kB | 7.3/176 kB
Progress (2): 30 kB | 15/176 kB 
Progress (2): 30 kB | 32/176 kB
Progress (2): 30 kB | 48/176 kB
Progress (2): 30 kB | 64/176 kB
Progress (2): 30 kB | 81/176 kB
Progress (2): 30 kB | 97/176 kB
Progress (2): 30 kB | 114/176 kB
Progress (2): 30 kB | 130/176 kB
Progress (2): 30 kB | 146/176 kB
Progress (2): 30 kB | 163/176 kB
Progress (2): 30 kB | 176 kB    
Progress (3): 30 kB | 176 kB | 1.9/5.8 kB
Progress (3): 30 kB | 176 kB | 5.8 kB    
Progress (4): 30 kB | 176 kB | 5.8 kB | 7.3/19 kB
Progress (4): 30 kB | 176 kB | 5.8 kB | 15/19 kB 
Progress (4): 30 kB | 176 kB | 5.8 kB | 19 kB   
Progress (5): 30 kB | 176 kB | 5.8 kB | 19 kB | 7.3/375 kB
Progress (5): 30 kB | 176 kB | 5.8 kB | 19 kB | 15/375 kB 
Progress (5): 30 kB | 176 kB | 5.8 kB | 19 kB | 32/375 kB
Progress (5): 30 kB | 176 kB | 5.8 kB | 19 kB | 48/375 kB
Progress (5): 30 kB | 176 kB | 5.8 kB | 19 kB | 64/375 kB
Progress (5): 30 kB | 176 kB | 5.8 kB | 19 kB | 81/375 kB
Progress (5): 30 kB | 176 kB | 5.8 kB | 19 kB | 97/375 kB
Progress (5): 30 kB | 176 kB | 5.8 kB | 19 kB | 114/375 kB
Progress (5): 30 kB | 176 kB | 5.8 kB | 19 kB | 130/375 kB
Progress (5): 30 kB | 176 kB | 5.8 kB | 19 kB | 146/375 kB
Progress (5): 30 kB | 176 kB | 5.8 kB | 19 kB | 163/375 kB
Progress (5): 30 kB | 176 kB | 5.8 kB | 19 kB | 179/375 kB
Progress (5): 30 kB | 176 kB | 5.8 kB | 19 kB | 196/375 kB
Progress (5): 30 kB | 176 kB | 5.8 kB | 19 kB | 212/375 kB
Progress (5): 30 kB | 176 kB | 5.8 kB | 19 kB | 228/375 kB
Progress (5): 30 kB | 176 kB | 5.8 kB | 19 kB | 245/375 kB
Progress (5): 30 kB | 176 kB | 5.8 kB | 19 kB | 261/375 kB
Progress (5): 30 kB | 176 kB | 5.8 kB | 19 kB | 277/375 kB
Progress (5): 30 kB | 176 kB | 5.8 kB | 19 kB | 290/375 kB
Progress (5): 30 kB | 176 kB | 5.8 kB | 19 kB | 306/375 kB
Progress (5): 30 kB | 176 kB | 5.8 kB | 19 kB | 322/375 kB
Progress (5): 30 kB | 176 kB | 5.8 kB | 19 kB | 339/375 kB
Progress (5): 30 kB | 176 kB | 5.8 kB | 19 kB | 355/375 kB
Progress (5): 30 kB | 176 kB | 5.8 kB | 19 kB | 371/375 kB
Progress (5): 30 kB | 176 kB | 5.8 kB | 19 kB | 375 kB    
                                                      
Downloaded from aliyunmaven: https://maven.aliyun.com/repository/public/com/baomidou/mybatis-plus-core/3.5.12/mybatis-plus-core-3.5.12.jar (375 kB at 3.6 MB/s)
Downloading from aliyunmaven: https://maven.aliyun.com/repository/public/org/mybatis/mybatis/3.5.19/mybatis-3.5.19.jar
Downloaded from aliyunmaven: https://maven.aliyun.com/repository/public/com/baomidou/mybatis-plus/3.5.12/mybatis-plus-3.5.12.jar (5.8 kB at 49 kB/s)
Downloading from aliyunmaven: https://maven.aliyun.com/repository/public/org/mybatis/mybatis-spring/3.0.4/mybatis-spring-3.0.4.jar
Progress (4): 30 kB | 176 kB | 19 kB | 0/1.8 MB
Progress (4): 30 kB | 176 kB | 19 kB | 0/1.8 MB
Progress (4): 30 kB | 176 kB | 19 kB | 0/1.8 MB
Progress (4): 30 kB | 176 kB | 19 kB | 0.1/1.8 MB
Progress (4): 30 kB | 176 kB | 19 kB | 0.1/1.8 MB
Progress (4): 30 kB | 176 kB | 19 kB | 0.1/1.8 MB
Progress (4): 30 kB | 176 kB | 19 kB | 0.1/1.8 MB
Progress (4): 30 kB | 176 kB | 19 kB | 0.1/1.8 MB
Progress (4): 30 kB | 176 kB | 19 kB | 0.1/1.8 MB
Progress (4): 30 kB | 176 kB | 19 kB | 0.1/1.8 MB
Progress (4): 30 kB | 176 kB | 19 kB | 0.1/1.8 MB
Progress (4): 30 kB | 176 kB | 19 kB | 0.2/1.8 MB
Progress (4): 30 kB | 176 kB | 19 kB | 0.2/1.8 MB
Progress (4): 30 kB | 176 kB | 19 kB | 0.2/1.8 MB
Progress (4): 30 kB | 176 kB | 19 kB | 0.2/1.8 MB
Progress (4): 30 kB | 176 kB | 19 kB | 0.2/1.8 MB
Progress (4): 30 kB | 176 kB | 19 kB | 0.2/1.8 MB
Progress (4): 30 kB | 176 kB | 19 kB | 0.2/1.8 MB
Progress (4): 30 kB | 176 kB | 19 kB | 0.2/1.8 MB
Progress (4): 30 kB | 176 kB | 19 kB | 0.2/1.8 MB
Progress (4): 30 kB | 176 kB | 19 kB | 0.2/1.8 MB
Progress (4): 30 kB | 176 kB | 19 kB | 0.2/1.8 MB
Progress (4): 30 kB | 176 kB | 19 kB | 0.2/1.8 MB
Progress (4): 30 kB | 176 kB | 19 kB | 0.2/1.8 MB
Progress (4): 30 kB | 176 kB | 19 kB | 0.2/1.8 MB
Progress (4): 30 kB | 176 kB | 19 kB | 0.2/1.8 MB
Progress (4): 30 kB | 176 kB | 19 kB | 0.2/1.8 MB
Progress (4): 30 kB | 176 kB | 19 kB | 0.2/1.8 MB
Progress (4): 30 kB | 176 kB | 19 kB | 0.2/1.8 MB
Progress (4): 30 kB | 176 kB | 19 kB | 0.3/1.8 MB
Progress (4): 30 kB | 176 kB | 19 kB | 0.3/1.8 MB
Progress (4): 30 kB | 176 kB | 19 kB | 0.3/1.8 MB
Progress (4): 30 kB | 176 kB | 19 kB | 0.3/1.8 MB
Progress (4): 30 kB | 176 kB | 19 kB | 0.3/1.8 MB
Progress (4): 30 kB | 176 kB | 19 kB | 0.3/1.8 MB
Progress (4): 30 kB | 176 kB | 19 kB | 0.3/1.8 MB
Progress (4): 30 kB | 176 kB | 19 kB | 0.3/1.8 MB
Progress (4): 30 kB | 176 kB | 19 kB | 0.3/1.8 MB
Progress (4): 30 kB | 176 kB | 19 kB | 0.3/1.8 MB
Progress (4): 30 kB | 176 kB | 19 kB | 0.3/1.8 MB
Progress (4): 30 kB | 176 kB | 19 kB | 0.3/1.8 MB
Progress (4): 30 kB | 176 kB | 19 kB | 0.3/1.8 MB
Progress (4): 30 kB | 176 kB | 19 kB | 0.3/1.8 MB
Progress (4): 30 kB | 176 kB | 19 kB | 0.3/1.8 MB
Progress (4): 30 kB | 176 kB | 19 kB | 0.3/1.8 MB
Progress (4): 30 kB | 176 kB | 19 kB | 0.3/1.8 MB
Progress (4): 30 kB | 176 kB | 19 kB | 0.3/1.8 MB
Progress (4): 30 kB | 176 kB | 19 kB | 0.3/1.8 MB
Progress (4): 30 kB | 176 kB | 19 kB | 0.3/1.8 MB
Progress (4): 30 kB | 176 kB | 19 kB | 0.3/1.8 MB
Progress (4): 30 kB | 176 kB | 19 kB | 0.3/1.8 MB
Progress (4): 30 kB | 176 kB | 19 kB | 0.4/1.8 MB
Progress (4): 30 kB | 176 kB | 19 kB | 0.4/1.8 MB
Progress (4): 30 kB | 176 kB | 19 kB | 0.4/1.8 MB
Progress (4): 30 kB | 176 kB | 19 kB | 0.4/1.8 MB
Progress (4): 30 kB | 176 kB | 19 kB | 0.4/1.8 MB
Progress (4): 30 kB | 176 kB | 19 kB | 0.4/1.8 MB
Progress (4): 30 kB | 176 kB | 19 kB | 0.4/1.8 MB
Progress (4): 30 kB | 176 kB | 19 kB | 0.4/1.8 MB
Progress (4): 30 kB | 176 kB | 19 kB | 0.4/1.8 MB
Progress (4): 30 kB | 176 kB | 19 kB | 0.4/1.8 MB
Progress (4): 30 kB | 176 kB | 19 kB | 0.4/1.8 MB
Progress (4): 30 kB | 176 kB | 19 kB | 0.4/1.8 MB
Progress (4): 30 kB | 176 kB | 19 kB | 0.4/1.8 MB
Progress (4): 30 kB | 176 kB | 19 kB | 0.5/1.8 MB
Progress (4): 30 kB | 176 kB | 19 kB | 0.5/1.8 MB
Progress (4): 30 kB | 176 kB | 19 kB | 0.5/1.8 MB
Progress (4): 30 kB | 176 kB | 19 kB | 0.5/1.8 MB
Progress (4): 30 kB | 176 kB | 19 kB | 0.5/1.8 MB
Progress (4): 30 kB | 176 kB | 19 kB | 0.5/1.8 MB
Progress (4): 30 kB | 176 kB | 19 kB | 0.5/1.8 MB
Progress (4): 30 kB | 176 kB | 19 kB | 0.5/1.8 MB
Progress (4): 30 kB | 176 kB | 19 kB | 0.5/1.8 MB
Progress (4): 30 kB | 176 kB | 19 kB | 0.6/1.8 MB
Progress (4): 30 kB | 176 kB | 19 kB | 0.6/1.8 MB
Progress (4): 30 kB | 176 kB | 19 kB | 0.6/1.8 MB
Progress (4): 30 kB | 176 kB | 19 kB | 0.6/1.8 MB
Progress (4): 30 kB | 176 kB | 19 kB | 0.6/1.8 MB
Progress (4): 30 kB | 176 kB | 19 kB | 0.6/1.8 MB
Progress (4): 30 kB | 176 kB | 19 kB | 0.7/1.8 MB
Progress (4): 30 kB | 176 kB | 19 kB | 0.7/1.8 MB
Progress (4): 30 kB | 176 kB | 19 kB | 0.7/1.8 MB
Progress (4): 30 kB | 176 kB | 19 kB | 0.7/1.8 MB
Progress (4): 30 kB | 176 kB | 19 kB | 0.7/1.8 MB
Progress (4): 30 kB | 176 kB | 19 kB | 0.7/1.8 MB
Progress (4): 30 kB | 176 kB | 19 kB | 0.8/1.8 MB
Progress (4): 30 kB | 176 kB | 19 kB | 0.8/1.8 MB
Progress (4): 30 kB | 176 kB | 19 kB | 0.8/1.8 MB
Progress (4): 30 kB | 176 kB | 19 kB | 0.8/1.8 MB
Progress (4): 30 kB | 176 kB | 19 kB | 0.8/1.8 MB
Progress (4): 30 kB | 176 kB | 19 kB | 0.8/1.8 MB
Progress (4): 30 kB | 176 kB | 19 kB | 0.9/1.8 MB
Progress (4): 30 kB | 176 kB | 19 kB | 0.9/1.8 MB
Progress (4): 30 kB | 176 kB | 19 kB | 0.9/1.8 MB
Progress (4): 30 kB | 176 kB | 19 kB | 0.9/1.8 MB
Progress (4): 30 kB | 176 kB | 19 kB | 0.9/1.8 MB
Progress (4): 30 kB | 176 kB | 19 kB | 0.9/1.8 MB
Progress (4): 30 kB | 176 kB | 19 kB | 0.9/1.8 MB
Progress (4): 30 kB | 176 kB | 19 kB | 1.0/1.8 MB
Progress (4): 30 kB | 176 kB | 19 kB | 1.0/1.8 MB
Progress (4): 30 kB | 176 kB | 19 kB | 1.0/1.8 MB
Progress (4): 30 kB | 176 kB | 19 kB | 1.0/1.8 MB
Progress (4): 30 kB | 176 kB | 19 kB | 1.0/1.8 MB
Progress (4): 30 kB | 176 kB | 19 kB | 1.0/1.8 MB
Progress (4): 30 kB | 176 kB | 19 kB | 1.0/1.8 MB
Progress (4): 30 kB | 176 kB | 19 kB | 1.1/1.8 MB
Progress (4): 30 kB | 176 kB | 19 kB | 1.1/1.8 MB
Progress (4): 30 kB | 176 kB | 19 kB | 1.1/1.8 MB
Progress (4): 30 kB | 176 kB | 19 kB | 1.1/1.8 MB
Progress (4): 30 kB | 176 kB | 19 kB | 1.1/1.8 MB
Progress (4): 30 kB | 176 kB | 19 kB | 1.1/1.8 MB
Progress (4): 30 kB | 176 kB | 19 kB | 1.1/1.8 MB
Progress (4): 30 kB | 176 kB | 19 kB | 1.2/1.8 MB
Progress (4): 30 kB | 176 kB | 19 kB | 1.2/1.8 MB
Progress (4): 30 kB | 176 kB | 19 kB | 1.2/1.8 MB
Progress (4): 30 kB | 176 kB | 19 kB | 1.2/1.8 MB
Progress (4): 30 kB | 176 kB | 19 kB | 1.2/1.8 MB
Progress (4): 30 kB | 176 kB | 19 kB | 1.2/1.8 MB
Progress (4): 30 kB | 176 kB | 19 kB | 1.3/1.8 MB
Progress (4): 30 kB | 176 kB | 19 kB | 1.3/1.8 MB
Progress (5): 30 kB | 176 kB | 19 kB | 1.3/1.8 MB | 7.3/83 kB
Progress (5): 30 kB | 176 kB | 19 kB | 1.3/1.8 MB | 7.3/83 kB
Progress (5): 30 kB | 176 kB | 19 kB | 1.3/1.8 MB | 16/83 kB 
Progress (5): 30 kB | 176 kB | 19 kB | 1.3/1.8 MB | 19/83 kB
Progress (5): 30 kB | 176 kB | 19 kB | 1.3/1.8 MB | 36/83 kB
Progress (5): 30 kB | 176 kB | 19 kB | 1.3/1.8 MB | 36/83 kB
Progress (5): 30 kB | 176 kB | 19 kB | 1.3/1.8 MB | 50/83 kB
Progress (5): 30 kB | 176 kB | 19 kB | 1.3/1.8 MB | 67/83 kB
Progress (5): 30 kB | 176 kB | 19 kB | 1.3/1.8 MB | 83 kB   
Progress (5): 30 kB | 176 kB | 19 kB | 1.3/1.8 MB | 83 kB
Progress (5): 30 kB | 176 kB | 19 kB | 1.3/1.8 MB | 83 kB
Progress (5): 30 kB | 176 kB | 19 kB | 1.3/1.8 MB | 83 kB
Progress (5): 30 kB | 176 kB | 19 kB | 1.4/1.8 MB | 83 kB
Progress (5): 30 kB | 176 kB | 19 kB | 1.4/1.8 MB | 83 kB
Progress (5): 30 kB | 176 kB | 19 kB | 1.4/1.8 MB | 83 kB
Progress (5): 30 kB | 176 kB | 19 kB | 1.4/1.8 MB | 83 kB
Progress (5): 30 kB | 176 kB | 19 kB | 1.4/1.8 MB | 83 kB
Progress (5): 30 kB | 176 kB | 19 kB | 1.4/1.8 MB | 83 kB
Progress (5): 30 kB | 176 kB | 19 kB | 1.5/1.8 MB | 83 kB
Progress (5): 30 kB | 176 kB | 19 kB | 1.5/1.8 MB | 83 kB
Progress (5): 30 kB | 176 kB | 19 kB | 1.5/1.8 MB | 83 kB
Progress (5): 30 kB | 176 kB | 19 kB | 1.5/1.8 MB | 83 kB
Progress (5): 30 kB | 176 kB | 19 kB | 1.5/1.8 MB | 83 kB
Progress (5): 30 kB | 176 kB | 19 kB | 1.5/1.8 MB | 83 kB
Progress (5): 30 kB | 176 kB | 19 kB | 1.6/1.8 MB | 83 kB
Progress (5): 30 kB | 176 kB | 19 kB | 1.6/1.8 MB | 83 kB
Progress (5): 30 kB | 176 kB | 19 kB | 1.6/1.8 MB | 83 kB
Progress (5): 30 kB | 176 kB | 19 kB | 1.6/1.8 MB | 83 kB
Progress (5): 30 kB | 176 kB | 19 kB | 1.6/1.8 MB | 83 kB
Progress (5): 30 kB | 176 kB | 19 kB | 1.6/1.8 MB | 83 kB
Progress (5): 30 kB | 176 kB | 19 kB | 1.7/1.8 MB | 83 kB
Progress (5): 30 kB | 176 kB | 19 kB | 1.7/1.8 MB | 83 kB
Progress (5): 30 kB | 176 kB | 19 kB | 1.7/1.8 MB | 83 kB
Progress (5): 30 kB | 176 kB | 19 kB | 1.7/1.8 MB | 83 kB
Progress (5): 30 kB | 176 kB | 19 kB | 1.7/1.8 MB | 83 kB
Progress (5): 30 kB | 176 kB | 19 kB | 1.7/1.8 MB | 83 kB
Progress (5): 30 kB | 176 kB | 19 kB | 1.8/1.8 MB | 83 kB
Progress (5): 30 kB | 176 kB | 19 kB | 1.8/1.8 MB | 83 kB
Progress (5): 30 kB | 176 kB | 19 kB | 1.8/1.8 MB | 83 kB
Progress (5): 30 kB | 176 kB | 19 kB | 1.8/1.8 MB | 83 kB
Progress (5): 30 kB | 176 kB | 19 kB | 1.8/1.8 MB | 83 kB
Progress (5): 30 kB | 176 kB | 19 kB | 1.8 MB | 83 kB    
                                                     
Downloaded from aliyunmaven: https://maven.aliyun.com/repository/public/org/mybatis/mybatis-spring/3.0.4/mybatis-spring-3.0.4.jar (83 kB at 418 kB/s)
Downloading from aliyunmaven: https://maven.aliyun.com/repository/public/com/baomidou/mybatis-plus-spring-boot-autoconfigure/3.5.12/mybatis-plus-spring-boot-autoconfigure-3.5.12.jar
Downloaded from aliyunmaven: https://maven.aliyun.com/repository/public/org/mybatis/mybatis/3.5.19/mybatis-3.5.19.jar (1.8 MB at 9.0 MB/s)
Downloading from aliyunmaven: https://maven.aliyun.com/repository/public/org/springframework/boot/spring-boot-starter-jdbc/3.5.15/spring-boot-starter-jdbc-3.5.15.jar
Downloaded from aliyunmaven: https://maven.aliyun.com/repository/public/com/baomidou/mybatis-plus-spring/3.5.12/mybatis-plus-spring-3.5.12.jar (30 kB at 149 kB/s)
Downloading from aliyunmaven: https://maven.aliyun.com/repository/public/com/zaxxer/HikariCP/6.3.3/HikariCP-6.3.3.jar
Progress (3): 176 kB | 19 kB | 1.9/52 kB
Progress (3): 176 kB | 19 kB | 18/52 kB 
Progress (3): 176 kB | 19 kB | 35/52 kB
Progress (3): 176 kB | 19 kB | 51/52 kB
Progress (3): 176 kB | 19 kB | 52 kB   
Progress (4): 176 kB | 19 kB | 52 kB | 4.8/172 kB
Progress (4): 176 kB | 19 kB | 52 kB | 21/172 kB 
Progress (4): 176 kB | 19 kB | 52 kB | 38/172 kB
Progress (4): 176 kB | 19 kB | 52 kB | 54/172 kB
Progress (4): 176 kB | 19 kB | 52 kB | 70/172 kB
Progress (4): 176 kB | 19 kB | 52 kB | 87/172 kB
Progress (4): 176 kB | 19 kB | 52 kB | 103/172 kB
Progress (4): 176 kB | 19 kB | 52 kB | 119/172 kB
Progress (4): 176 kB | 19 kB | 52 kB | 136/172 kB
Progress (4): 176 kB | 19 kB | 52 kB | 152/172 kB
Progress (4): 176 kB | 19 kB | 52 kB | 165/172 kB
Progress (5): 176 kB | 19 kB | 52 kB | 165/172 kB | 1.9/4.8 kB
Progress (5): 176 kB | 19 kB | 52 kB | 165/172 kB | 4.8 kB    
Progress (5): 176 kB | 19 kB | 52 kB | 172 kB | 4.8 kB    
                                                      
Downloaded from aliyunmaven: https://maven.aliyun.com/repository/public/com/baomidou/mybatis-plus-spring-boot-autoconfigure/3.5.12/mybatis-plus-spring-boot-autoconfigure-3.5.12.jar (52 kB at 206 kB/s)
Downloading from aliyunmaven: https://maven.aliyun.com/repository/public/org/springframework/spring-jdbc/6.2.19/spring-jdbc-6.2.19.jar
Downloaded from aliyunmaven: https://maven.aliyun.com/repository/public/com/baomidou/mybatis-plus-extension/3.5.12/mybatis-plus-extension-3.5.12.jar (176 kB at 702 kB/s)
Downloading from aliyunmaven: https://maven.aliyun.com/repository/public/org/flywaydb/flyway-core/11.7.2/flyway-core-11.7.2.jar
Progress (4): 19 kB | 172 kB | 4.8 kB | 7.3/698 kB
Progress (4): 19 kB | 172 kB | 4.8 kB | 15/698 kB 
Progress (4): 19 kB | 172 kB | 4.8 kB | 32/698 kB
Progress (4): 19 kB | 172 kB | 4.8 kB | 48/698 kB
Progress (4): 19 kB | 172 kB | 4.8 kB | 64/698 kB
Progress (4): 19 kB | 172 kB | 4.8 kB | 81/698 kB
Progress (4): 19 kB | 172 kB | 4.8 kB | 97/698 kB
Progress (4): 19 kB | 172 kB | 4.8 kB | 114/698 kB
Progress (4): 19 kB | 172 kB | 4.8 kB | 130/698 kB
Progress (4): 19 kB | 172 kB | 4.8 kB | 146/698 kB
Progress (4): 19 kB | 172 kB | 4.8 kB | 163/698 kB
Progress (4): 19 kB | 172 kB | 4.8 kB | 179/698 kB
Progress (4): 19 kB | 172 kB | 4.8 kB | 181/698 kB
Progress (4): 19 kB | 172 kB | 4.8 kB | 198/698 kB
Progress (4): 19 kB | 172 kB | 4.8 kB | 214/698 kB
Progress (4): 19 kB | 172 kB | 4.8 kB | 231/698 kB
Progress (4): 19 kB | 172 kB | 4.8 kB | 241/698 kB
Progress (4): 19 kB | 172 kB | 4.8 kB | 244/698 kB
Progress (4): 19 kB | 172 kB | 4.8 kB | 261/698 kB
Progress (4): 19 kB | 172 kB | 4.8 kB | 277/698 kB
Progress (4): 19 kB | 172 kB | 4.8 kB | 293/698 kB
Progress (4): 19 kB | 172 kB | 4.8 kB | 308/698 kB
Progress (4): 19 kB | 172 kB | 4.8 kB | 325/698 kB
Progress (4): 19 kB | 172 kB | 4.8 kB | 341/698 kB
Progress (4): 19 kB | 172 kB | 4.8 kB | 358/698 kB
Progress (4): 19 kB | 172 kB | 4.8 kB | 374/698 kB
Progress (4): 19 kB | 172 kB | 4.8 kB | 379/698 kB
Progress (4): 19 kB | 172 kB | 4.8 kB | 395/698 kB
Progress (4): 19 kB | 172 kB | 4.8 kB | 411/698 kB
Progress (4): 19 kB | 172 kB | 4.8 kB | 428/698 kB
Progress (4): 19 kB | 172 kB | 4.8 kB | 444/698 kB
Progress (4): 19 kB | 172 kB | 4.8 kB | 449/698 kB
Progress (4): 19 kB | 172 kB | 4.8 kB | 465/698 kB
Progress (4): 19 kB | 172 kB | 4.8 kB | 481/698 kB
Progress (4): 19 kB | 172 kB | 4.8 kB | 498/698 kB
Progress (4): 19 kB | 172 kB | 4.8 kB | 514/698 kB
Progress (4): 19 kB | 172 kB | 4.8 kB | 514/698 kB
Progress (4): 19 kB | 172 kB | 4.8 kB | 524/698 kB
Progress (5): 19 kB | 172 kB | 4.8 kB | 524/698 kB | 7.3/476 kB
Progress (5): 19 kB | 172 kB | 4.8 kB | 524/698 kB | 15/476 kB 
Progress (5): 19 kB | 172 kB | 4.8 kB | 524/698 kB | 32/476 kB
Progress (5): 19 kB | 172 kB | 4.8 kB | 524/698 kB | 48/476 kB
Progress (5): 19 kB | 172 kB | 4.8 kB | 524/698 kB | 64/476 kB
Progress (5): 19 kB | 172 kB | 4.8 kB | 524/698 kB | 81/476 kB
Progress (5): 19 kB | 172 kB | 4.8 kB | 524/698 kB | 97/476 kB
Progress (5): 19 kB | 172 kB | 4.8 kB | 524/698 kB | 114/476 kB
Progress (5): 19 kB | 172 kB | 4.8 kB | 524/698 kB | 130/476 kB
Progress (5): 19 kB | 172 kB | 4.8 kB | 524/698 kB | 146/476 kB
Progress (5): 19 kB | 172 kB | 4.8 kB | 524/698 kB | 163/476 kB
Progress (5): 19 kB | 172 kB | 4.8 kB | 524/698 kB | 179/476 kB
Progress (5): 19 kB | 172 kB | 4.8 kB | 524/698 kB | 196/476 kB
Progress (5): 19 kB | 172 kB | 4.8 kB | 524/698 kB | 212/476 kB
Progress (5): 19 kB | 172 kB | 4.8 kB | 524/698 kB | 228/476 kB
Progress (5): 19 kB | 172 kB | 4.8 kB | 524/698 kB | 245/476 kB
Progress (5): 19 kB | 172 kB | 4.8 kB | 524/698 kB | 261/476 kB
Progress (5): 19 kB | 172 kB | 4.8 kB | 524/698 kB | 277/476 kB
Progress (5): 19 kB | 172 kB | 4.8 kB | 524/698 kB | 294/476 kB
Progress (5): 19 kB | 172 kB | 4.8 kB | 524/698 kB | 310/476 kB
Progress (5): 19 kB | 172 kB | 4.8 kB | 524/698 kB | 327/476 kB
Progress (5): 19 kB | 172 kB | 4.8 kB | 524/698 kB | 343/476 kB
Progress (5): 19 kB | 172 kB | 4.8 kB | 524/698 kB | 359/476 kB
Progress (5): 19 kB | 172 kB | 4.8 kB | 524/698 kB | 376/476 kB
Progress (5): 19 kB | 172 kB | 4.8 kB | 524/698 kB | 392/476 kB
Progress (5): 19 kB | 172 kB | 4.8 kB | 524/698 kB | 409/476 kB
Progress (5): 19 kB | 172 kB | 4.8 kB | 524/698 kB | 425/476 kB
Progress (5): 19 kB | 172 kB | 4.8 kB | 524/698 kB | 441/476 kB
Progress (5): 19 kB | 172 kB | 4.8 kB | 524/698 kB | 458/476 kB
Progress (5): 19 kB | 172 kB | 4.8 kB | 524/698 kB | 474/476 kB
Progress (5): 19 kB | 172 kB | 4.8 kB | 524/698 kB | 476 kB    
Progress (5): 19 kB | 172 kB | 4.8 kB | 541/698 kB | 476 kB
Progress (5): 19 kB | 172 kB | 4.8 kB | 557/698 kB | 476 kB
Progress (5): 19 kB | 172 kB | 4.8 kB | 573/698 kB | 476 kB
Progress (5): 19 kB | 172 kB | 4.8 kB | 590/698 kB | 476 kB
Progress (5): 19 kB | 172 kB | 4.8 kB | 606/698 kB | 476 kB
Progress (5): 19 kB | 172 kB | 4.8 kB | 608/698 kB | 476 kB
Progress (5): 19 kB | 172 kB | 4.8 kB | 624/698 kB | 476 kB
Progress (5): 19 kB | 172 kB | 4.8 kB | 640/698 kB | 476 kB
Progress (5): 19 kB | 172 kB | 4.8 kB | 657/698 kB | 476 kB
Progress (5): 19 kB | 172 kB | 4.8 kB | 673/698 kB | 476 kB
Progress (5): 19 kB | 172 kB | 4.8 kB | 689/698 kB | 476 kB
Progress (5): 19 kB | 172 kB | 4.8 kB | 698 kB | 476 kB    
                                                       
Downloaded from aliyunmaven: https://maven.aliyun.com/repository/public/org/springframework/spring-jdbc/6.2.19/spring-jdbc-6.2.19.jar (476 kB at 1.5 MB/s)
Downloading from aliyunmaven: https://maven.aliyun.com/repository/public/com/fasterxml/jackson/dataformat/jackson-dataformat-toml/2.21.4/jackson-dataformat-toml-2.21.4.jar
Progress (5): 19 kB | 172 kB | 4.8 kB | 698 kB | 7.2/58 kB
Progress (5): 19 kB | 172 kB | 4.8 kB | 698 kB | 15/58 kB 
Progress (5): 19 kB | 172 kB | 4.8 kB | 698 kB | 32/58 kB
Progress (5): 19 kB | 172 kB | 4.8 kB | 698 kB | 48/58 kB
Progress (5): 19 kB | 172 kB | 4.8 kB | 698 kB | 58 kB   
                                                      
Downloaded from aliyunmaven: https://maven.aliyun.com/repository/public/org/flywaydb/flyway-core/11.7.2/flyway-core-11.7.2.jar (698 kB at 2.0 MB/s)
Downloading from aliyunmaven: https://maven.aliyun.com/repository/public/org/flywaydb/flyway-mysql/11.7.2/flyway-mysql-11.7.2.jar
Progress (5): 19 kB | 172 kB | 4.8 kB | 58 kB | 7.3/29 kB
Progress (5): 19 kB | 172 kB | 4.8 kB | 58 kB | 15/29 kB 
Progress (5): 19 kB | 172 kB | 4.8 kB | 58 kB | 29 kB   
                                                     
Downloaded from aliyunmaven: https://maven.aliyun.com/repository/public/org/springframework/boot/spring-boot-starter-jdbc/3.5.15/spring-boot-starter-jdbc-3.5.15.jar (4.8 kB at 13 kB/s)
Downloading from aliyunmaven: https://maven.aliyun.com/repository/public/com/mysql/mysql-connector-j/9.7.0/mysql-connector-j-9.7.0.jar
Downloaded from aliyunmaven: https://maven.aliyun.com/repository/public/com/fasterxml/jackson/dataformat/jackson-dataformat-toml/2.21.4/jackson-dataformat-toml-2.21.4.jar (58 kB at 150 kB/s)
Downloaded from aliyunmaven: https://maven.aliyun.com/repository/public/com/zaxxer/HikariCP/6.3.3/HikariCP-6.3.3.jar (172 kB at 442 kB/s)
Progress (3): 19 kB | 29 kB | 0/2.6 MB
Progress (3): 19 kB | 29 kB | 0/2.6 MB
Progress (3): 19 kB | 29 kB | 0/2.6 MB
Progress (3): 19 kB | 29 kB | 0/2.6 MB
Progress (3): 19 kB | 29 kB | 0.1/2.6 MB
Progress (3): 19 kB | 29 kB | 0.1/2.6 MB
Progress (3): 19 kB | 29 kB | 0.1/2.6 MB
Progress (3): 19 kB | 29 kB | 0.1/2.6 MB
Progress (3): 19 kB | 29 kB | 0.1/2.6 MB
Progress (3): 19 kB | 29 kB | 0.1/2.6 MB
Progress (3): 19 kB | 29 kB | 0.2/2.6 MB
Progress (3): 19 kB | 29 kB | 0.2/2.6 MB
Progress (3): 19 kB | 29 kB | 0.2/2.6 MB
Progress (3): 19 kB | 29 kB | 0.2/2.6 MB
Progress (3): 19 kB | 29 kB | 0.2/2.6 MB
Progress (3): 19 kB | 29 kB | 0.2/2.6 MB
Progress (3): 19 kB | 29 kB | 0.3/2.6 MB
Progress (3): 19 kB | 29 kB | 0.3/2.6 MB
Progress (3): 19 kB | 29 kB | 0.3/2.6 MB
Progress (3): 19 kB | 29 kB | 0.3/2.6 MB
Progress (3): 19 kB | 29 kB | 0.3/2.6 MB
Progress (3): 19 kB | 29 kB | 0.3/2.6 MB
Progress (3): 19 kB | 29 kB | 0.4/2.6 MB
Progress (3): 19 kB | 29 kB | 0.4/2.6 MB
Progress (3): 19 kB | 29 kB | 0.4/2.6 MB
Progress (3): 19 kB | 29 kB | 0.4/2.6 MB
Progress (3): 19 kB | 29 kB | 0.4/2.6 MB
Progress (3): 19 kB | 29 kB | 0.4/2.6 MB
Progress (3): 19 kB | 29 kB | 0.5/2.6 MB
Progress (3): 19 kB | 29 kB | 0.5/2.6 MB
Progress (3): 19 kB | 29 kB | 0.5/2.6 MB
Progress (3): 19 kB | 29 kB | 0.5/2.6 MB
Progress (3): 19 kB | 29 kB | 0.5/2.6 MB
Progress (3): 19 kB | 29 kB | 0.5/2.6 MB
Progress (3): 19 kB | 29 kB | 0.5/2.6 MB
Progress (3): 19 kB | 29 kB | 0.5/2.6 MB
Progress (3): 19 kB | 29 kB | 0.6/2.6 MB
Progress (3): 19 kB | 29 kB | 0.6/2.6 MB
Progress (3): 19 kB | 29 kB | 0.6/2.6 MB
Progress (3): 19 kB | 29 kB | 0.6/2.6 MB
Progress (3): 19 kB | 29 kB | 0.6/2.6 MB
Progress (3): 19 kB | 29 kB | 0.6/2.6 MB
Progress (3): 19 kB | 29 kB | 0.6/2.6 MB
Progress (3): 19 kB | 29 kB | 0.7/2.6 MB
Progress (3): 19 kB | 29 kB | 0.7/2.6 MB
Progress (3): 19 kB | 29 kB | 0.7/2.6 MB
Progress (3): 19 kB | 29 kB | 0.7/2.6 MB
Progress (3): 19 kB | 29 kB | 0.7/2.6 MB
Progress (3): 19 kB | 29 kB | 0.7/2.6 MB
                                        
Downloaded from aliyunmaven: https://maven.aliyun.com/repository/public/com/baomidou/mybatis-plus-annotation/3.5.12/mybatis-plus-annotation-3.5.12.jar (19 kB at 46 kB/s)
Progress (2): 29 kB | 0.8/2.6 MB
Progress (2): 29 kB | 0.8/2.6 MB
Progress (2): 29 kB | 0.8/2.6 MB
Progress (2): 29 kB | 0.8/2.6 MB
Progress (2): 29 kB | 0.8/2.6 MB
Progress (2): 29 kB | 0.8/2.6 MB
Progress (2): 29 kB | 0.8/2.6 MB
Progress (2): 29 kB | 0.8/2.6 MB
Progress (2): 29 kB | 0.9/2.6 MB
Progress (2): 29 kB | 0.9/2.6 MB
Progress (2): 29 kB | 0.9/2.6 MB
Progress (2): 29 kB | 0.9/2.6 MB
Progress (2): 29 kB | 0.9/2.6 MB
Progress (2): 29 kB | 0.9/2.6 MB
Progress (2): 29 kB | 0.9/2.6 MB
Progress (2): 29 kB | 0.9/2.6 MB
Progress (2): 29 kB | 1.0/2.6 MB
Progress (2): 29 kB | 1.0/2.6 MB
Progress (2): 29 kB | 1.0/2.6 MB
Progress (2): 29 kB | 1.0/2.6 MB
Progress (2): 29 kB | 1.0/2.6 MB
Progress (2): 29 kB | 1.0/2.6 MB
Progress (2): 29 kB | 1.1/2.6 MB
Progress (2): 29 kB | 1.1/2.6 MB
Progress (2): 29 kB | 1.1/2.6 MB
Progress (2): 29 kB | 1.1/2.6 MB
Progress (2): 29 kB | 1.1/2.6 MB
Progress (2): 29 kB | 1.1/2.6 MB
Progress (2): 29 kB | 1.2/2.6 MB
Progress (2): 29 kB | 1.2/2.6 MB
Progress (2): 29 kB | 1.2/2.6 MB
Progress (2): 29 kB | 1.2/2.6 MB
Progress (2): 29 kB | 1.2/2.6 MB
Progress (2): 29 kB | 1.2/2.6 MB
Progress (2): 29 kB | 1.3/2.6 MB
Progress (2): 29 kB | 1.3/2.6 MB
Progress (2): 29 kB | 1.3/2.6 MB
Progress (2): 29 kB | 1.3/2.6 MB
Progress (2): 29 kB | 1.3/2.6 MB
Progress (2): 29 kB | 1.3/2.6 MB
Progress (2): 29 kB | 1.4/2.6 MB
Progress (2): 29 kB | 1.4/2.6 MB
Progress (2): 29 kB | 1.4/2.6 MB
Progress (2): 29 kB | 1.4/2.6 MB
Progress (2): 29 kB | 1.4/2.6 MB
Progress (2): 29 kB | 1.4/2.6 MB
Progress (2): 29 kB | 1.4/2.6 MB
Progress (2): 29 kB | 1.5/2.6 MB
Progress (2): 29 kB | 1.5/2.6 MB
Progress (2): 29 kB | 1.5/2.6 MB
Progress (2): 29 kB | 1.5/2.6 MB
Progress (2): 29 kB | 1.5/2.6 MB
Progress (2): 29 kB | 1.5/2.6 MB
Progress (2): 29 kB | 1.6/2.6 MB
Progress (2): 29 kB | 1.6/2.6 MB
Progress (2): 29 kB | 1.6/2.6 MB
Progress (2): 29 kB | 1.6/2.6 MB
Progress (2): 29 kB | 1.6/2.6 MB
Progress (2): 29 kB | 1.6/2.6 MB
Progress (2): 29 kB | 1.6/2.6 MB
Progress (2): 29 kB | 1.7/2.6 MB
Progress (2): 29 kB | 1.7/2.6 MB
Progress (2): 29 kB | 1.7/2.6 MB
Progress (2): 29 kB | 1.7/2.6 MB
Progress (2): 29 kB | 1.7/2.6 MB
Progress (2): 29 kB | 1.7/2.6 MB
Progress (2): 29 kB | 1.8/2.6 MB
Progress (2): 29 kB | 1.8/2.6 MB
Progress (2): 29 kB | 1.8/2.6 MB
Progress (2): 29 kB | 1.8/2.6 MB
Progress (2): 29 kB | 1.8/2.6 MB
Progress (2): 29 kB | 1.8/2.6 MB
Progress (2): 29 kB | 1.8/2.6 MB
Progress (2): 29 kB | 1.8/2.6 MB
Progress (2): 29 kB | 1.9/2.6 MB
Progress (2): 29 kB | 1.9/2.6 MB
Progress (2): 29 kB | 1.9/2.6 MB
Progress (2): 29 kB | 1.9/2.6 MB
Progress (2): 29 kB | 1.9/2.6 MB
Progress (2): 29 kB | 1.9/2.6 MB
Progress (2): 29 kB | 1.9/2.6 MB
Progress (2): 29 kB | 2.0/2.6 MB
Progress (2): 29 kB | 2.0/2.6 MB
Progress (2): 29 kB | 2.0/2.6 MB
Progress (2): 29 kB | 2.0/2.6 MB
Progress (2): 29 kB | 2.0/2.6 MB
Progress (2): 29 kB | 2.0/2.6 MB
Progress (2): 29 kB | 2.1/2.6 MB
Progress (2): 29 kB | 2.1/2.6 MB
Progress (2): 29 kB | 2.1/2.6 MB
Progress (2): 29 kB | 2.1/2.6 MB
Progress (2): 29 kB | 2.1/2.6 MB
Progress (2): 29 kB | 2.1/2.6 MB
Progress (2): 29 kB | 2.2/2.6 MB
Progress (2): 29 kB | 2.2/2.6 MB
Progress (2): 29 kB | 2.2/2.6 MB
Progress (2): 29 kB | 2.2/2.6 MB
Progress (2): 29 kB | 2.2/2.6 MB
Progress (2): 29 kB | 2.2/2.6 MB
Progress (2): 29 kB | 2.3/2.6 MB
Progress (2): 29 kB | 2.3/2.6 MB
Progress (2): 29 kB | 2.3/2.6 MB
Progress (2): 29 kB | 2.3/2.6 MB
Progress (2): 29 kB | 2.3/2.6 MB
Progress (2): 29 kB | 2.3/2.6 MB
Progress (2): 29 kB | 2.4/2.6 MB
Progress (2): 29 kB | 2.4/2.6 MB
Progress (2): 29 kB | 2.4/2.6 MB
Progress (2): 29 kB | 2.4/2.6 MB
Progress (2): 29 kB | 2.4/2.6 MB
Progress (2): 29 kB | 2.4/2.6 MB
Progress (2): 29 kB | 2.4/2.6 MB
Progress (2): 29 kB | 2.5/2.6 MB
Progress (2): 29 kB | 2.5/2.6 MB
Progress (2): 29 kB | 2.5/2.6 MB
Progress (2): 29 kB | 2.5/2.6 MB
Progress (2): 29 kB | 2.5/2.6 MB
Progress (2): 29 kB | 2.5/2.6 MB
Progress (2): 29 kB | 2.6/2.6 MB
Progress (2): 29 kB | 2.6/2.6 MB
Progress (2): 29 kB | 2.6/2.6 MB
Progress (2): 29 kB | 2.6/2.6 MB
Progress (2): 29 kB | 2.6 MB    
                            
Downloaded from aliyunmaven: https://maven.aliyun.com/repository/public/com/mysql/mysql-connector-j/9.7.0/mysql-connector-j-9.7.0.jar (2.6 MB at 4.8 MB/s)
Downloaded from aliyunmaven: https://maven.aliyun.com/repository/public/org/flywaydb/flyway-mysql/11.7.2/flyway-mysql-11.7.2.jar (29 kB at 52 kB/s)
[INFO] 
[INFO] --- clean:3.2.0:clean (default-clean) @ mall-identity ---
[INFO] Deleting D:\Desktop\ai-platform\implementation\ai-platform-backend\mall-services\mall-identity\target
[INFO] 
[INFO] --- enforcer:3.5.0:enforce (enforce-environment) @ mall-identity ---
[INFO] 
[INFO] --- resources:3.3.1:resources (default-resources) @ mall-identity ---
[INFO] Copying 2 resources from src\main\resources to target\classes
[INFO] 
[INFO] --- compiler:3.14.0:compile (default-compile) @ mall-identity ---
[INFO] Recompiling the module because of changed dependency.
[INFO] Compiling 1 source file with javac [debug release 21] to target\classes
[INFO] 
[INFO] --- resources:3.3.1:testResources (default-testResources) @ mall-identity ---
[INFO] Copying 1 resource from src\test\resources to target\test-classes
[INFO] 
[INFO] --- compiler:3.14.0:testCompile (default-testCompile) @ mall-identity ---
[INFO] Recompiling the module because of changed dependency.
[INFO] Compiling 1 source file with javac [debug release 21] to target\test-classes
[INFO] 
[INFO] --- surefire:3.5.2:test (default-test) @ mall-identity ---
[INFO] Tests are skipped.
[INFO] 
[INFO] --- jar:3.5.0:jar (default-jar) @ mall-identity ---
[INFO] Building jar: D:\Desktop\ai-platform\implementation\ai-platform-backend\mall-services\mall-identity\target\mall-identity-1.0.0-SNAPSHOT.jar
[INFO] 
[INFO] --- spring-boot:3.5.15:repackage (repackage) @ mall-identity ---
[INFO] Replacing main artifact D:\Desktop\ai-platform\implementation\ai-platform-backend\mall-services\mall-identity\target\mall-identity-1.0.0-SNAPSHOT.jar with repackaged archive, adding nested dependencies in BOOT-INF/.
[INFO] The original artifact has been renamed to D:\Desktop\ai-platform\implementation\ai-platform-backend\mall-services\mall-identity\target\mall-identity-1.0.0-SNAPSHOT.jar.original
[INFO] 
[INFO] ----------------------< com.ai-mall:mall-member >-----------------------
[INFO] Building mall-member 1.0.0-SNAPSHOT                              [18/24]
[INFO]   from mall-services\mall-member\pom.xml
[INFO] --------------------------------[ jar ]---------------------------------
[INFO] 
[INFO] --- clean:3.2.0:clean (default-clean) @ mall-member ---
[INFO] Deleting D:\Desktop\ai-platform\implementation\ai-platform-backend\mall-services\mall-member\target
[INFO] 
[INFO] --- enforcer:3.5.0:enforce (enforce-environment) @ mall-member ---
[INFO] 
[INFO] --- resources:3.3.1:resources (default-resources) @ mall-member ---
[INFO] Copying 2 resources from src\main\resources to target\classes
[INFO] 
[INFO] --- compiler:3.14.0:compile (default-compile) @ mall-member ---
[INFO] Recompiling the module because of changed dependency.
[INFO] Compiling 1 source file with javac [debug release 21] to target\classes
[INFO] 
[INFO] --- resources:3.3.1:testResources (default-testResources) @ mall-member ---
[INFO] Copying 1 resource from src\test\resources to target\test-classes
[INFO] 
[INFO] --- compiler:3.14.0:testCompile (default-testCompile) @ mall-member ---
[INFO] Recompiling the module because of changed dependency.
[INFO] Compiling 1 source file with javac [debug release 21] to target\test-classes
[INFO] 
[INFO] --- surefire:3.5.2:test (default-test) @ mall-member ---
[INFO] Tests are skipped.
[INFO] 
[INFO] --- jar:3.5.0:jar (default-jar) @ mall-member ---
[INFO] Building jar: D:\Desktop\ai-platform\implementation\ai-platform-backend\mall-services\mall-member\target\mall-member-1.0.0-SNAPSHOT.jar
[INFO] 
[INFO] --- spring-boot:3.5.15:repackage (repackage) @ mall-member ---
[INFO] Replacing main artifact D:\Desktop\ai-platform\implementation\ai-platform-backend\mall-services\mall-member\target\mall-member-1.0.0-SNAPSHOT.jar with repackaged archive, adding nested dependencies in BOOT-INF/.
[INFO] The original artifact has been renamed to D:\Desktop\ai-platform\implementation\ai-platform-backend\mall-services\mall-member\target\mall-member-1.0.0-SNAPSHOT.jar.original
[INFO] 
[INFO] ----------------------< com.ai-mall:mall-product >----------------------
[INFO] Building mall-product 1.0.0-SNAPSHOT                             [19/24]
[INFO]   from mall-services\mall-product\pom.xml
[INFO] --------------------------------[ jar ]---------------------------------
[INFO] 
[INFO] --- clean:3.2.0:clean (default-clean) @ mall-product ---
[INFO] Deleting D:\Desktop\ai-platform\implementation\ai-platform-backend\mall-services\mall-product\target
[INFO] 
[INFO] --- enforcer:3.5.0:enforce (enforce-environment) @ mall-product ---
[INFO] 
[INFO] --- resources:3.3.1:resources (default-resources) @ mall-product ---
[INFO] Copying 2 resources from src\main\resources to target\classes
[INFO] 
[INFO] --- compiler:3.14.0:compile (default-compile) @ mall-product ---
[INFO] Recompiling the module because of changed dependency.
[INFO] Compiling 1 source file with javac [debug release 21] to target\classes
[INFO] 
[INFO] --- resources:3.3.1:testResources (default-testResources) @ mall-product ---
[INFO] Copying 1 resource from src\test\resources to target\test-classes
[INFO] 
[INFO] --- compiler:3.14.0:testCompile (default-testCompile) @ mall-product ---
[INFO] Recompiling the module because of changed dependency.
[INFO] Compiling 1 source file with javac [debug release 21] to target\test-classes
[INFO] 
[INFO] --- surefire:3.5.2:test (default-test) @ mall-product ---
[INFO] Tests are skipped.
[INFO] 
[INFO] --- jar:3.5.0:jar (default-jar) @ mall-product ---
[INFO] Building jar: D:\Desktop\ai-platform\implementation\ai-platform-backend\mall-services\mall-product\target\mall-product-1.0.0-SNAPSHOT.jar
[INFO] 
[INFO] --- spring-boot:3.5.15:repackage (repackage) @ mall-product ---
[INFO] Replacing main artifact D:\Desktop\ai-platform\implementation\ai-platform-backend\mall-services\mall-product\target\mall-product-1.0.0-SNAPSHOT.jar with repackaged archive, adding nested dependencies in BOOT-INF/.
[INFO] The original artifact has been renamed to D:\Desktop\ai-platform\implementation\ai-platform-backend\mall-services\mall-product\target\mall-product-1.0.0-SNAPSHOT.jar.original
[INFO] 
[INFO] -----------------------< com.ai-mall:mall-cart >------------------------
[INFO] Building mall-cart 1.0.0-SNAPSHOT                                [20/24]
[INFO]   from mall-services\mall-cart\pom.xml
[INFO] --------------------------------[ jar ]---------------------------------
[INFO] 
[INFO] --- clean:3.2.0:clean (default-clean) @ mall-cart ---
[INFO] Deleting D:\Desktop\ai-platform\implementation\ai-platform-backend\mall-services\mall-cart\target
[INFO] 
[INFO] --- enforcer:3.5.0:enforce (enforce-environment) @ mall-cart ---
[INFO] 
[INFO] --- resources:3.3.1:resources (default-resources) @ mall-cart ---
[INFO] Copying 2 resources from src\main\resources to target\classes
[INFO] 
[INFO] --- compiler:3.14.0:compile (default-compile) @ mall-cart ---
[INFO] Recompiling the module because of changed dependency.
[INFO] Compiling 1 source file with javac [debug release 21] to target\classes
[INFO] 
[INFO] --- resources:3.3.1:testResources (default-testResources) @ mall-cart ---
[INFO] Copying 1 resource from src\test\resources to target\test-classes
[INFO] 
[INFO] --- compiler:3.14.0:testCompile (default-testCompile) @ mall-cart ---
[INFO] Recompiling the module because of changed dependency.
[INFO] Compiling 1 source file with javac [debug release 21] to target\test-classes
[INFO] 
[INFO] --- surefire:3.5.2:test (default-test) @ mall-cart ---
[INFO] Tests are skipped.
[INFO] 
[INFO] --- jar:3.5.0:jar (default-jar) @ mall-cart ---
[INFO] Building jar: D:\Desktop\ai-platform\implementation\ai-platform-backend\mall-services\mall-cart\target\mall-cart-1.0.0-SNAPSHOT.jar
[INFO] 
[INFO] --- spring-boot:3.5.15:repackage (repackage) @ mall-cart ---
[INFO] Replacing main artifact D:\Desktop\ai-platform\implementation\ai-platform-backend\mall-services\mall-cart\target\mall-cart-1.0.0-SNAPSHOT.jar with repackaged archive, adding nested dependencies in BOOT-INF/.
[INFO] The original artifact has been renamed to D:\Desktop\ai-platform\implementation\ai-platform-backend\mall-services\mall-cart\target\mall-cart-1.0.0-SNAPSHOT.jar.original
[INFO] 
[INFO] -----------------------< com.ai-mall:mall-order >-----------------------
[INFO] Building mall-order 1.0.0-SNAPSHOT                               [21/24]
[INFO]   from mall-services\mall-order\pom.xml
[INFO] --------------------------------[ jar ]---------------------------------
[INFO] 
[INFO] --- clean:3.2.0:clean (default-clean) @ mall-order ---
[INFO] Deleting D:\Desktop\ai-platform\implementation\ai-platform-backend\mall-services\mall-order\target
[INFO] 
[INFO] --- enforcer:3.5.0:enforce (enforce-environment) @ mall-order ---
[INFO] 
[INFO] --- resources:3.3.1:resources (default-resources) @ mall-order ---
[INFO] Copying 2 resources from src\main\resources to target\classes
[INFO] 
[INFO] --- compiler:3.14.0:compile (default-compile) @ mall-order ---
[INFO] Recompiling the module because of changed dependency.
[INFO] Compiling 1 source file with javac [debug release 21] to target\classes
[INFO] 
[INFO] --- resources:3.3.1:testResources (default-testResources) @ mall-order ---
[INFO] Copying 1 resource from src\test\resources to target\test-classes
[INFO] 
[INFO] --- compiler:3.14.0:testCompile (default-testCompile) @ mall-order ---
[INFO] Recompiling the module because of changed dependency.
[INFO] Compiling 1 source file with javac [debug release 21] to target\test-classes
[INFO] 
[INFO] --- surefire:3.5.2:test (default-test) @ mall-order ---
[INFO] Tests are skipped.
[INFO] 
[INFO] --- jar:3.5.0:jar (default-jar) @ mall-order ---
[INFO] Building jar: D:\Desktop\ai-platform\implementation\ai-platform-backend\mall-services\mall-order\target\mall-order-1.0.0-SNAPSHOT.jar
[INFO] 
[INFO] --- spring-boot:3.5.15:repackage (repackage) @ mall-order ---
[INFO] Replacing main artifact D:\Desktop\ai-platform\implementation\ai-platform-backend\mall-services\mall-order\target\mall-order-1.0.0-SNAPSHOT.jar with repackaged archive, adding nested dependencies in BOOT-INF/.
[INFO] The original artifact has been renamed to D:\Desktop\ai-platform\implementation\ai-platform-backend\mall-services\mall-order\target\mall-order-1.0.0-SNAPSHOT.jar.original
[INFO] 
[INFO] ---------------------< com.ai-mall:mall-inventory >---------------------
[INFO] Building mall-inventory 1.0.0-SNAPSHOT                           [22/24]
[INFO]   from mall-services\mall-inventory\pom.xml
[INFO] --------------------------------[ jar ]---------------------------------
[INFO] 
[INFO] --- clean:3.2.0:clean (default-clean) @ mall-inventory ---
[INFO] Deleting D:\Desktop\ai-platform\implementation\ai-platform-backend\mall-services\mall-inventory\target
[INFO] 
[INFO] --- enforcer:3.5.0:enforce (enforce-environment) @ mall-inventory ---
[INFO] 
[INFO] --- resources:3.3.1:resources (default-resources) @ mall-inventory ---
[INFO] Copying 2 resources from src\main\resources to target\classes
[INFO] 
[INFO] --- compiler:3.14.0:compile (default-compile) @ mall-inventory ---
[INFO] Recompiling the module because of changed dependency.
[INFO] Compiling 1 source file with javac [debug release 21] to target\classes
[INFO] 
[INFO] --- resources:3.3.1:testResources (default-testResources) @ mall-inventory ---
[INFO] Copying 1 resource from src\test\resources to target\test-classes
[INFO] 
[INFO] --- compiler:3.14.0:testCompile (default-testCompile) @ mall-inventory ---
[INFO] Recompiling the module because of changed dependency.
[INFO] Compiling 1 source file with javac [debug release 21] to target\test-classes
[INFO] 
[INFO] --- surefire:3.5.2:test (default-test) @ mall-inventory ---
[INFO] Tests are skipped.
[INFO] 
[INFO] --- jar:3.5.0:jar (default-jar) @ mall-inventory ---
[INFO] Building jar: D:\Desktop\ai-platform\implementation\ai-platform-backend\mall-services\mall-inventory\target\mall-inventory-1.0.0-SNAPSHOT.jar
[INFO] 
[INFO] --- spring-boot:3.5.15:repackage (repackage) @ mall-inventory ---
[INFO] Replacing main artifact D:\Desktop\ai-platform\implementation\ai-platform-backend\mall-services\mall-inventory\target\mall-inventory-1.0.0-SNAPSHOT.jar with repackaged archive, adding nested dependencies in BOOT-INF/.
[INFO] The original artifact has been renamed to D:\Desktop\ai-platform\implementation\ai-platform-backend\mall-services\mall-inventory\target\mall-inventory-1.0.0-SNAPSHOT.jar.original
[INFO] 
[INFO] ----------------------< com.ai-mall:mall-search >-----------------------
[INFO] Building mall-search 1.0.0-SNAPSHOT                              [23/24]
[INFO]   from mall-services\mall-search\pom.xml
[INFO] --------------------------------[ jar ]---------------------------------
[INFO] 
[INFO] --- clean:3.2.0:clean (default-clean) @ mall-search ---
[INFO] Deleting D:\Desktop\ai-platform\implementation\ai-platform-backend\mall-services\mall-search\target
[INFO] 
[INFO] --- enforcer:3.5.0:enforce (enforce-environment) @ mall-search ---
[INFO] 
[INFO] --- resources:3.3.1:resources (default-resources) @ mall-search ---
[INFO] Copying 2 resources from src\main\resources to target\classes
[INFO] 
[INFO] --- compiler:3.14.0:compile (default-compile) @ mall-search ---
[INFO] Recompiling the module because of changed dependency.
[INFO] Compiling 1 source file with javac [debug release 21] to target\classes
[INFO] 
[INFO] --- resources:3.3.1:testResources (default-testResources) @ mall-search ---
[INFO] Copying 1 resource from src\test\resources to target\test-classes
[INFO] 
[INFO] --- compiler:3.14.0:testCompile (default-testCompile) @ mall-search ---
[INFO] Recompiling the module because of changed dependency.
[INFO] Compiling 1 source file with javac [debug release 21] to target\test-classes
[INFO] 
[INFO] --- surefire:3.5.2:test (default-test) @ mall-search ---
[INFO] Tests are skipped.
[INFO] 
[INFO] --- jar:3.5.0:jar (default-jar) @ mall-search ---
[INFO] Building jar: D:\Desktop\ai-platform\implementation\ai-platform-backend\mall-services\mall-search\target\mall-search-1.0.0-SNAPSHOT.jar
[INFO] 
[INFO] --- spring-boot:3.5.15:repackage (repackage) @ mall-search ---
[INFO] Replacing main artifact D:\Desktop\ai-platform\implementation\ai-platform-backend\mall-services\mall-search\target\mall-search-1.0.0-SNAPSHOT.jar with repackaged archive, adding nested dependencies in BOOT-INF/.
[INFO] The original artifact has been renamed to D:\Desktop\ai-platform\implementation\ai-platform-backend\mall-services\mall-search\target\mall-search-1.0.0-SNAPSHOT.jar.original
[INFO] 
[INFO] ----------------------< com.ai-mall:mall-system >-----------------------
[INFO] Building mall-system 1.0.0-SNAPSHOT                              [24/24]
[INFO]   from mall-services\mall-system\pom.xml
[INFO] --------------------------------[ jar ]---------------------------------
[INFO] 
[INFO] --- clean:3.2.0:clean (default-clean) @ mall-system ---
[INFO] Deleting D:\Desktop\ai-platform\implementation\ai-platform-backend\mall-services\mall-system\target
[INFO] 
[INFO] --- enforcer:3.5.0:enforce (enforce-environment) @ mall-system ---
[INFO] 
[INFO] --- resources:3.3.1:resources (default-resources) @ mall-system ---
[INFO] Copying 2 resources from src\main\resources to target\classes
[INFO] 
[INFO] --- compiler:3.14.0:compile (default-compile) @ mall-system ---
[INFO] Recompiling the module because of changed dependency.
[INFO] Compiling 1 source file with javac [debug release 21] to target\classes
[INFO] 
[INFO] --- resources:3.3.1:testResources (default-testResources) @ mall-system ---
[INFO] Copying 1 resource from src\test\resources to target\test-classes
[INFO] 
[INFO] --- compiler:3.14.0:testCompile (default-testCompile) @ mall-system ---
[INFO] Recompiling the module because of changed dependency.
[INFO] Compiling 1 source file with javac [debug release 21] to target\test-classes
[INFO] 
[INFO] --- surefire:3.5.2:test (default-test) @ mall-system ---
[INFO] Tests are skipped.
[INFO] 
[INFO] --- jar:3.5.0:jar (default-jar) @ mall-system ---
[INFO] Building jar: D:\Desktop\ai-platform\implementation\ai-platform-backend\mall-services\mall-system\target\mall-system-1.0.0-SNAPSHOT.jar
[INFO] 
[INFO] --- spring-boot:3.5.15:repackage (repackage) @ mall-system ---
[INFO] Replacing main artifact D:\Desktop\ai-platform\implementation\ai-platform-backend\mall-services\mall-system\target\mall-system-1.0.0-SNAPSHOT.jar with repackaged archive, adding nested dependencies in BOOT-INF/.
[INFO] The original artifact has been renamed to D:\Desktop\ai-platform\implementation\ai-platform-backend\mall-services\mall-system\target\mall-system-1.0.0-SNAPSHOT.jar.original
[INFO] ------------------------------------------------------------------------
[INFO] Reactor Summary for backend 1.0.0-SNAPSHOT:
[INFO] 
[INFO] mall-bom ........................................... SUCCESS [  1.825 s]
[INFO] backend ............................................ SUCCESS [  0.421 s]
[INFO] mall-common ........................................ SUCCESS [  0.005 s]
[INFO] mall-common-core ................................... SUCCESS [ 20.896 s]
[INFO] mall-common-web .................................... SUCCESS [  6.575 s]
[INFO] mall-common-security ............................... SUCCESS [  1.130 s]
[INFO] mall-common-redis .................................. SUCCESS [  2.286 s]
[INFO] mall-common-mq ..................................... SUCCESS [ 11.603 s]
[INFO] mall-common-openfeign .............................. SUCCESS [  2.396 s]
[INFO] mall-common-log .................................... SUCCESS [  0.270 s]
[INFO] mall-common-test ................................... SUCCESS [  1.404 s]
[INFO] mall-contracts ..................................... SUCCESS [  0.003 s]
[INFO] mall-api-contracts ................................. SUCCESS [  0.132 s]
[INFO] mall-event-contracts ............................... SUCCESS [  0.120 s]
[INFO] mall-gateway ....................................... SUCCESS [  9.041 s]
[INFO] mall-services ...................................... SUCCESS [  0.002 s]
[INFO] mall-identity ...................................... SUCCESS [  5.732 s]
[INFO] mall-member ........................................ SUCCESS [  3.549 s]
[INFO] mall-product ....................................... SUCCESS [  3.321 s]
[INFO] mall-cart .......................................... SUCCESS [  3.505 s]
[INFO] mall-order ......................................... SUCCESS [  3.514 s]
[INFO] mall-inventory ..................................... SUCCESS [  3.506 s]
[INFO] mall-search ........................................ SUCCESS [  3.397 s]
[INFO] mall-system ........................................ SUCCESS [  3.353 s]
[INFO] ------------------------------------------------------------------------
[INFO] BUILD SUCCESS
[INFO] ------------------------------------------------------------------------
[INFO] Total time:  01:29 min
[INFO] Finished at: 2026-09-01T22:52:44+08:00
[INFO] ------------------------------------------------------------------------
